PassengerId,Survived,Pclass,Sex,Age,SibSp,Parch,Ticket,Fare,Embarked,Cabin Category,Cabin Count,SurName,Title,Name,Ticket Group,Family Group
546,0,1,male,64,0,0,693,26,S,,,Nicholson,Mr,Arthur Ernest,,
873,0,1,male,33,0,0,695,5,S,B,3,Carlsson,Mr,Frans Olof,,Family
75,1,3,male,32,0,0,1601,56.4958,S,,,Bing,Mr,Lee,Ticket,
839,1,3,male,32,0,0,1601,56.4958,S,,,Chip,Mr,Chang,Ticket,
644,1,3,male,,0,0,1601,56.4958,S,,,Foo,Mr,Choong,Ticket,
693,1,3,male,,0,0,1601,56.4958,S,,,Lam,Mr,Ali,Ticket,Family
827,0,3,male,,0,0,1601,56.4958,S,,,Lam,Mr,Len,Ticket,Family
510,1,3,male,26,0,0,1601,56.4958,S,,,Lang,Mr,Fang,Ticket,
170,0,3,male,28,0,0,1601,56.4958,S,,,Ling,Mr,Lee,Ticket,
427,1,2,female,28,1,0,2003,26,S,,,Clarke,Mrs,Charles V (Ada Maria Winfield),,
835,0,3,male,18,0,0,2223,8.3,S,,,Allum,Mr,Owen George,,
554,1,3,male,22,0,0,2620,7.225,C,,,Leeni,Mr,"Fahim (""Philip Zenni"")",,
662,0,3,male,40,0,0,2623,7.225,C,,,Badt,Mr,Mohamed,,
523,0,3,male,,0,0,2624,7.225,C,,,Lahoud,Mr,Sarkis,,
804,1,3,male,0.42,0,1,2625,8.5167,C,,,Thomas,Master,Assad Alexander,,
368,1,3,female,,0,0,2626,7.2292,C,,,Moussa,Mrs,(Mantoura Boulos),,
115,0,3,female,17,0,0,2627,14.4583,C,,,Attalah,Miss,Malake,Ticket,Family
496,0,3,male,,0,0,2627,14.4583,C,,,Yousseff,Mr,Gerious,Ticket,
204,0,3,male,45.5,0,0,2628,7.225,C,,,Youseff,Mr,Gerious,,
860,0,3,male,,0,0,2629,7.2292,C,,,Razi,Mr,Raihed,,
27,0,3,male,,0,0,2631,7.225,C,,,Emir,Mr,Farred Chehab,,
532,0,3,male,,0,0,2641,7.2292,C,,,Toufik,Mr,Nakli,,
355,0,3,male,,0,0,2647,7.225,C,,,Yousif,Mr,Wazli,,
379,0,3,male,20,0,0,2648,4.0125,C,,,Betros,Mr,Tannous,,
20,1,3,female,,0,0,2649,7.225,C,,,Masselmani,Mrs,Fatima,,
256,1,3,female,29,0,2,2650,15.2458,C,,,Touma,Mrs,Darwis (Hanne Youssef Razi),,
40,1,3,female,14,1,0,2651,11.2417,C,,,Nicola-Yarred,Miss,Jamila,Ticket,Family
126,1,3,male,12,1,0,2651,11.2417,C,,,Nicola-Yarred,Master,Elias,Ticket,Family
382,1,3,female,1,0,2,2653,15.7417,C,,,Nakid,Miss,"Maria (""Mary"")",Ticket,Family
623,1,3,male,20,1,1,2653,15.7417,C,,,Nakid,Mr,Sahid,Ticket,Family
621,0,3,male,27,1,0,2659,14.4542,C,,,Yasbeck,Mr,Antoni,Ticket,Family
831,1,3,female,15,1,0,2659,14.4542,C,,,Yasbeck,Mrs,Antoni (Selini Alexander),Ticket,Family
66,1,3,male,,1,1,2661,15.2458,C,,,Moubarek,Master,Gerios,Ticket,Family
710,1,3,male,,1,1,2661,15.2458,C,,,Moubarek,Master,"Halim Gonios (""William George"")",Ticket,Family
49,0,3,male,,2,0,2662,21.6792,C,,,Samaan,Mr,Youssef,,
763,1,3,male,20,0,0,2663,7.2292,C,,,Barah,Mr,Hanna Assi,,
599,0,3,male,,0,0,2664,7.225,C,,,Boulos,Mr,Hanna,,Family
112,0,3,female,14.5,1,0,2665,14.4542,C,,,Zabour,Miss,Hileni,Ticket,Family
241,0,3,female,,1,0,2665,14.4542,C,,,Zabour,Miss,Thamine,Ticket,Family
449,1,3,female,5,2,1,2666,19.2583,C,,,Baclini,Miss,Marie Catherine,Ticket,Family
470,1,3,female,0.75,2,1,2666,19.2583,C,,,Baclini,Miss,Helene Barbara,Ticket,Family
645,1,3,female,0.75,2,1,2666,19.2583,C,,,Baclini,Miss,Eugenie,Ticket,Family
859,1,3,female,24,0,3,2666,19.2583,C,,,Baclini,Mrs,Solomon (Latifa Qurban),Ticket,Family
876,1,3,female,15,0,0,2667,7.225,C,,,Najib,Miss,"Adele Kiamie ""Jane""",,
129,1,3,female,,1,1,2668,22.3583,C,F,2,Peter,Miss,Anna,Ticket,Family
534,1,3,female,,0,2,2668,22.3583,C,,,Peter,Mrs,Catherine (Catherine Rizk),Ticket,Family
61,0,3,male,22,0,0,2669,7.2292,C,,,Sirayanian,Mr,Orsen,,
833,0,3,male,,0,0,2671,7.2292,C,,,Saad,Mr,Amin,,Family
694,0,3,male,25,0,0,2672,7.225,C,,,Saad,Mr,Khalil,,Family
774,0,3,male,,0,0,2674,7.225,C,,,Elias,Mr,Dibo,,Family
37,1,3,male,,0,0,2677,7.2292,C,,,Mamee,Mr,Hanna,,
141,0,3,female,,0,2,2678,15.2458,C,,,Boulos,Mrs,Joseph (Sultana),Ticket,Family
853,0,3,female,9,1,1,2678,15.2458,C,,,Boulos,Miss,Nourelain,Ticket,Family
74,0,3,male,26,1,0,2680,14.4542,C,,,Chronopoulos,Mr,Apostolos,,
844,0,3,male,34.5,0,0,2683,6.4375,C,,,Lemberopolous,Mr,Peter L,,
799,0,3,male,30,0,0,2685,7.2292,C,,,Ibrahim Shawah,Mr,Yousseff,,
569,0,3,male,,0,0,2686,7.2292,C,,,Doharr,Mr,Tannous,,
781,1,3,female,13,0,0,2687,7.2292,C,,,Ayoub,Miss,Banoura,,
579,0,3,female,,1,0,2689,14.4583,C,,,Caram,Mrs,Joseph (Maria Elias),,
533,0,3,male,17,1,1,2690,7.2292,C,,,Elias,Mr,Joseph Jr,,Family
363,0,3,female,45,0,1,2691,14.4542,C,,,Barbara,Mrs,(Catherine David),Ticket,Family
703,0,3,female,18,0,1,2691,14.4542,C,,,Barbara,Miss,Saiide,Ticket,Family
297,0,3,male,23.5,0,0,2693,7.2292,C,,,Hanna,Mr,Mansour,,
245,0,3,male,30,0,0,2694,7.225,C,,,Attalah,Mr,Sleiman,,Family
353,0,3,male,15,1,1,2695,7.2292,C,,,Elias,Mr,Tannous,,Family
58,0,3,male,28.5,0,0,2697,7.2292,C,,,Novel,Mr,Mansouer,,
208,1,3,male,26,0,0,2699,18.7875,C,,,Albimona,Mr,Nassef Cassem,Ticket,
732,0,3,male,11,0,0,2699,18.7875,C,,,Hassan,Mr,Houssein G N,Ticket,
525,0,3,male,,0,0,2700,7.2292,C,,,Kassem,Mr,Fared,,
544,1,2,male,32,1,0,2908,26,S,,,Beane,Mr,Edward,Ticket,Family
547,1,2,female,19,1,0,2908,26,S,,,Beane,Mrs,Edward (Ethel Clarke),Ticket,Family
54,1,2,female,29,1,0,2926,26,S,,,Faunthorpe,Mrs,Lizzie (Elizabeth Anne Wilkinson),,
585,0,3,male,,0,0,3411,8.7125,C,,,Paulner,Mr,Uscher,,
478,0,3,male,29,1,0,3460,7.0458,S,,,Braund,Mr,Lewis Richard,,Family
811,0,3,male,26,0,0,3474,7.8875,S,,,Alexander,Mr,William,,
177,0,3,male,,3,1,4133,25.4667,S,,,Lefebre,Master,Henry Forbes,Ticket,Family
230,0,3,female,,3,1,4133,25.4667,S,,,Lefebre,Miss,Mathilde,Ticket,Family
410,0,3,female,,3,1,4133,25.4667,S,,,Lefebre,Miss,Ida,Ticket,Family
486,0,3,female,,3,1,4133,25.4667,S,,,Lefebre,Miss,Jeannie,Ticket,Family
484,1,3,female,63,0,0,4134,9.5875,S,,,Turkula,Mrs,(Hedwig),,
504,0,3,female,37,0,0,4135,9.5875,S,,,Laitinen,Miss,Kristina Sofia,,
114,0,3,female,20,1,0,4136,9.825,S,,,Jussila,Miss,Katriina,,Family
403,0,3,female,21,1,0,4137,9.825,S,,,Jussila,Miss,Mari Aina,,Family
678,1,3,female,18,0,0,4138,9.8417,S,,,Turja,Miss,Anna Sofia,,
198,0,3,male,42,0,1,4579,8.4042,S,,,Olsen,Mr,Karl Siegwart Andreas,,Family
663,0,1,male,47,0,0,5727,25.5875,S,E,1,Colley,Mr,Edward Pomeroy,,
683,0,3,male,20,0,0,6563,9.225,S,,,Olsvigen,Mr,Thor Anderson,,
351,0,3,male,23,0,0,7267,9.225,S,,,Odahl,Mr,Nils Martin,,
877,0,3,male,20,0,0,7534,9.8458,S,,,Gustafsson,Mr,Alfred Ossian,Ticket,Family
139,0,3,male,16,0,0,7534,9.2167,S,,,Osen,Mr,Olaf Elon,Ticket,
104,0,3,male,33,0,0,7540,8.6542,S,,,Johansson,Mr,Gustaf Joel,,Family
714,0,3,male,29,0,0,7545,9.4833,S,,,Larsson,Mr,August Viktor,,Family
41,0,3,female,40,1,0,7546,9.475,S,,,Ahlin,Mrs,Johan (Johanna Persdotter Larsson),,
883,0,3,female,22,0,0,7552,10.5167,S,,,Dahlberg,Miss,Gerda Ulrika,,
475,0,3,female,22,0,0,7553,9.8375,S,,,Strandberg,Miss,Ida Sofia,,
339,1,3,male,45,0,0,7598,8.05,S,,,Dahl,Mr,Karl Edwart,,
770,0,3,male,32,0,0,8471,8.3625,S,,,Gronnestad,Mr,Daniel Danielsen,,
653,0,3,male,21,0,0,8475,8.4333,S,,,Kalvik,Mr,Johannes Halvorsen,,
301,1,3,female,,0,0,9234,7.75,Q,,,Kelly,Miss,"Anna Katherine ""Annie Kate""",,Family
42,0,2,female,27,1,0,11668,21,S,,,Turpin,Mrs,William John Robert (Dorothy Ann Wonnacott),Ticket,Family
118,0,2,male,29,1,0,11668,21,S,,,Turpin,Mr,William John Robert,Ticket,Family
249,1,1,male,37,1,1,11751,52.5542,S,D,1,Beckwith,Mr,Richard Leonard,Ticket,Family
872,1,1,female,47,1,1,11751,52.5542,S,D,1,Beckwith,Mrs,Richard Leonard (Sallie Monypeny),Ticket,Family
137,1,1,female,19,0,2,11752,26.2833,S,D,1,Newsom,Miss,Helen Monypeny,,
622,1,1,male,42,1,0,11753,52.5542,S,D,1,Kimball,Mr,Edwin Nelson Jr,,
557,1,1,female,48,1,0,11755,39.6,C,A,1,Duff Gordon,Lady,"(Lucille Christiana Sutherland) (""Mrs Morgan"")",,Family
371,1,1,male,25,1,0,11765,55.4417,C,E,1,Harder,Mr,George Achilles,,
311,1,1,female,24,0,0,11767,83.1583,C,C,1,Hays,Miss,Margaret Bechstein,Ticket,Family
880,1,1,female,56,0,1,11767,83.1583,C,C,1,Potter,Mrs,Thomas Jr (Lily Alexenia Wilson),Ticket,
572,1,1,female,53,2,0,11769,51.4792,S,C,1,Appleton,Mrs,Edward Dale (Charlotte Lamson),,
488,0,1,male,58,0,0,11771,29.7,C,B,1,Kent,Mr,Edward Austin,,
840,1,1,male,,0,0,11774,29.7,C,C,1,Marechal,Mr,Pierre,,
219,1,1,female,32,0,0,11813,76.2917,C,D,1,Bazzani,Miss,Albina,,
292,1,1,female,19,1,0,11967,91.0792,C,B,1,Bishop,Mrs,Dickinson H (Helen Walton),Ticket,Family
485,1,1,male,25,1,0,11967,91.0792,C,B,1,Bishop,Mr,Dickinson H,Ticket,Family
723,0,2,male,34,0,0,12233,13,S,,,Gillespie,Mr,William Henry,,
791,0,3,male,,0,0,12460,7.75,Q,,,Keane,Mr,"Andrew ""Andy""",,Family
821,1,1,female,52,1,1,12749,93.5,S,B,1,Hays,Mrs,Charles Melville (Clara Jennings Gregg),Ticket,Family
521,1,1,female,30,0,0,12749,93.5,S,B,1,Perreault,Miss,Anne,Ticket,
584,0,1,male,36,0,0,13049,40.125,C,A,1,Ross,Mr,John Hugo,,
648,1,1,male,56,0,0,13213,35.5,C,A,1,Simonius-Blumer,Col,Oberst Alfons,,
633,1,1,male,32,0,0,13214,30.5,C,B,1,Stahelin-Maeglin,Dr,Max,,
276,1,1,female,63,1,0,13502,77.9583,S,D,1,Andrews,Miss,Kornelia Theodosia,Ticket,Family
766,1,1,female,51,1,0,13502,77.9583,S,D,1,Hogeboom,Mrs,John C (Anna Andrews),Ticket,
628,1,1,female,21,0,0,13502,77.9583,S,D,1,Longley,Miss,Gretchen Fiske,Ticket,
435,0,1,male,50,1,0,13507,55.9,S,E,1,Silvey,Mr,William Baird,Ticket,Family
578,1,1,female,39,1,0,13507,55.9,S,E,1,Silvey,Mrs,William Baird (Alice Munger),Ticket,Family
457,0,1,male,65,0,0,13509,26.55,S,E,1,Millet,Mr,Francis Davis,,
588,1,1,male,60,1,1,13567,79.2,C,B,1,Frolicher-Stehli,Mr,Maxmillian,,
540,1,1,female,22,0,2,13568,49.5,C,B,1,Frolicher,Miss,Hedwig Margaritha,,
48,1,3,female,,0,0,14311,7.75,Q,,,O'Driscoll,Miss,Bridget,,
574,1,3,female,,0,0,14312,7.75,Q,,,Kelly,Miss,Mary,,Family
369,1,3,female,,0,0,14313,7.75,Q,,,Jermyn,Miss,Annie,,
589,0,3,male,22,0,0,14973,8.05,S,,,Gilinski,Mr,Eliezer,,
338,1,1,female,41,0,0,16966,134.5,C,E,1,Burns,Miss,Elizabeth Margaret,Ticket,
320,1,1,female,40,1,1,16966,134.5,C,E,1,Spedden,Mrs,Frederic Oakley (Margaretta Corning Stone),Ticket,
741,1,1,male,,0,0,16988,30,S,D,1,Hawksford,Mr,Walter James,,
307,1,1,female,,0,0,17421,110.8833,C,,,Fleming,Miss,Margaret,Ticket,
582,1,1,female,39,1,1,17421,110.8833,C,C,1,Thayer,Mrs,John Borland (Marian Longstreth Morris),Ticket,Family
699,0,1,male,49,1,1,17421,110.8833,C,C,1,Thayer,Mr,John Borland,Ticket,Family
551,1,1,male,17,0,2,17421,110.8833,C,C,1,Thayer,Mr,John Borland Jr,Ticket,Family
454,1,1,male,49,1,0,17453,89.1042,C,C,1,Goldenberg,Mr,Samuel L,Ticket,Family
850,1,1,female,,1,0,17453,89.1042,C,C,1,Goldenberg,Mrs,Samuel L (Edwiga Grabowska),Ticket,Family
7,0,1,male,54,0,0,17463,51.8625,S,E,1,McCarthy,Mr,Timothy J,,
458,1,1,female,,1,0,17464,51.8625,S,D,1,Kenyon,Mrs,Frederick R (Marion),,
797,1,1,female,49,0,0,17465,25.9292,S,D,1,Leader,Dr,Alice (Farnham),,
863,1,1,female,48,0,0,17466,25.9292,S,D,1,Swift,Mrs,Frederick Joel (Margaret Welles Barron),,
691,1,1,male,31,1,0,17474,57,S,B,1,Dick,Mr,Albert Adrian,Ticket,Family
782,1,1,female,17,1,0,17474,57,S,B,1,Dick,Mrs,Albert Adrian (Vera Gillespie),Ticket,Family
175,0,1,male,56,0,0,17764,30.6958,C,A,1,Smith,Mr,James Clinch,,Family
291,1,1,female,26,0,0,19877,78.85,S,,,Barber,Miss,"Ellen ""Nellie""",Ticket,
742,0,1,male,36,1,0,19877,78.85,S,C,1,Cavendish,Mr,Tyrell William,Ticket,
246,0,1,male,44,2,0,19928,90,Q,C,1,Minahan,Dr,William Edward,Ticket,Family
413,1,1,female,33,1,0,19928,90,Q,C,1,Minahan,Miss,Daisy E,Ticket,Family
225,1,1,male,38,1,0,19943,90,S,C,1,Hoyt,Mr,Frederick Maxfield,Ticket,Family
487,1,1,female,35,1,0,19943,90,S,C,1,Hoyt,Mrs,Frederick Maxfield (Jane Anne Forby),Ticket,Family
56,1,1,male,,0,0,19947,35.5,S,C,1,Woolner,Mr,Hugh,,
28,0,1,male,19,3,2,19950,263,S,C,3,Fortune,Mr,Charles Alexander,Ticket,Family
89,1,1,female,23,3,2,19950,263,S,C,3,Fortune,Miss,Mabel Helen,Ticket,Family
342,1,1,female,24,3,2,19950,263,S,C,3,Fortune,Miss,Alice Elizabeth,Ticket,Family
439,0,1,male,64,1,4,19950,263,S,C,3,Fortune,Mr,Mark,Ticket,Family
461,1,1,male,48,0,0,19952,26.55,S,E,1,Anderson,Mr,Harry,,
823,0,1,male,38,0,0,19972,0,S,,,Reuchlin,Jonkheer,John George,,
299,1,1,male,,0,0,19988,30.5,S,C,1,Saalfeld,Mr,Adolphe,,
670,1,1,female,,1,0,19996,52,S,C,1,Taylor,Mrs,Elmer Zebley (Juliet Cummins Wright),Ticket,Family
713,1,1,male,48,1,0,19996,52,S,C,1,Taylor,Mr,Elmer Zebley,Ticket,Family
223,0,3,male,51,0,0,21440,8.05,S,,,Green,Mr,George Henry,,
731,1,1,female,29,0,0,24160,211.3375,S,B,1,Allen,Miss,Elisabeth Walton,Ticket,Family
690,1,1,female,15,0,1,24160,211.3375,S,B,1,Madill,Miss,Georgette Alexandra,Ticket,
780,1,1,female,43,0,1,24160,211.3375,S,B,1,Robert,Mrs,Edward Scott (Elisabeth Walton McMillan),Ticket,
507,1,2,female,33,0,2,26360,26,S,,,Quick,Mrs,Frederick Charles (Jane Richards),Ticket,Family
531,1,2,female,2,1,1,26360,26,S,,,Quick,Miss,Phyllis May,Ticket,Family
237,0,2,male,44,1,0,26707,26,S,,,Hold,Mr,Stephen,,
631,1,1,male,80,0,0,27042,30,S,A,1,Barkworth,Mr,Algernon Henry Wilson,,
124,1,2,female,32.5,0,0,27267,13,S,E,1,Webber,Miss,Susan,,Family
388,1,2,female,36,0,0,27849,13,S,,,Buss,Miss,Kate,,
862,0,2,male,21,1,0,28134,11.5,S,,,Giles,Mr,Frederick Edward,,
813,0,2,male,35,0,0,28206,10.5,S,,,Slemen,Mr,Richard James,,
796,0,2,male,39,0,0,28213,13,S,,,Otter,Mr,Richard,,
417,1,2,female,34,1,1,28220,32.5,S,,,Drew,Mrs,James Vivian (Lulu Thorne Christian),,
419,0,2,male,30,0,0,28228,13,S,,,Matthews,Mr,William John,,
583,0,2,male,54,0,0,28403,26,S,,,Downton,Mr,William James,Ticket,
398,0,2,male,46,0,0,28403,26,S,,,McKane,Mr,Peter David,Ticket,
192,0,2,male,19,0,0,28424,13,S,,,Carbines,Mr,William,,
734,0,2,male,23,0,0,28425,13,S,,,Berriman,Mr,William John,,
328,1,2,female,36,0,0,28551,13,S,D,1,Ball,Mrs,(Ada E Hall),,
406,0,2,male,34,1,0,28664,21,S,,,Gale,Mr,Shadrach,,
239,0,2,male,19,0,0,28665,10.5,S,,,Pengelly,Mr,Frederick William,,
318,0,2,male,54,0,0,29011,14,S,,,Moraweck,Dr,Ernest,,
751,1,2,female,4,1,1,29103,23,S,,,Wells,Miss,Joan,,
530,0,2,male,23,2,1,29104,11.5,S,,,Hocking,Mr,Richard George,,Family
775,1,2,female,54,1,3,29105,23,S,,,Hocking,Mrs,Elizabeth (Eliza Needs),,Family
408,1,2,male,3,1,1,29106,18.75,S,,,Richards,Master,William Rowe,Ticket,Family
438,1,2,female,24,2,3,29106,18.75,S,,,Richards,Mrs,Sidney (Emily Hocking),Ticket,Family
832,1,2,male,0.83,1,1,29106,18.75,S,,,Richards,Master,George Sibley,Ticket,Family
758,0,2,male,18,0,0,29108,11.5,S,,,Bailey,Mr,Percy Andrew,,
671,1,2,female,40,1,1,29750,39,S,,,Brown,Mrs,Thomas William Solomon (Elizabeth Catherine Ford),Ticket,Family
685,0,2,male,60,1,1,29750,39,S,,,Brown,Mr,Thomas William Solomon,Ticket,Family
659,0,2,male,23,0,0,29751,13,S,,,Eitemiller,Mr,George Floyd,,
477,0,2,male,34,1,0,31027,21,S,,,Renouf,Mr,Peter Henry,Ticket,Family
727,1,2,female,30,3,0,31027,21,S,,,Renouf,Mrs,Peter Henry (Lillian Jefferys),Ticket,Family
620,0,2,male,26,0,0,31028,10.5,S,,,Gavey,Mr,Lawrence,,
347,1,2,female,40,0,0,31418,13,S,,,Smith,Miss,Marion Elsie,,Family
446,1,1,male,4,0,2,33638,81.8583,S,A,1,Dodge,Master,Washington,,
718,1,2,female,27,0,0,34218,10.5,S,E,1,Troutt,Miss,"Edwina Celia ""Winnie""",,
216,1,1,female,31,1,0,35273,113.275,C,D,1,Newell,Miss,Madeleine,Ticket,Family
394,1,1,female,23,1,0,35273,113.275,C,D,1,Newell,Miss,Marjorie,Ticket,Family
660,0,1,male,58,0,2,35273,113.275,C,D,1,Newell,Mr,Arthur Webster,Ticket,Family
103,0,1,male,21,0,1,35281,77.2875,S,D,1,White,Mr,Richard Frasar,Ticket,Family
125,0,1,male,54,0,1,35281,77.2875,S,D,1,White,Mr,Percival Wayland,Ticket,Family
157,1,3,female,16,0,0,35851,7.7333,Q,,,Gilnagh,Miss,"Katherine ""Katie""",,
698,1,3,female,,0,0,35852,7.7333,Q,,,Mullens,Miss,"Katherine ""Katie""",,
469,0,3,male,,0,0,36209,7.725,Q,,,Scanlan,Mr,James,,
719,0,3,male,,0,0,36568,15.5,Q,,,McEvoy,Mr,Michael,,
704,0,3,male,25,0,0,36864,7.7417,Q,,,Gallagher,Mr,Martin,,
779,0,3,male,,0,0,36865,7.7375,Q,,,Kilgannon,Mr,Thomas J,,
728,1,3,female,,0,0,36866,7.7375,Q,,,Mannion,Miss,Margareth,,
319,1,1,female,31,0,2,36928,164.8667,S,C,1,Wick,Miss,Mary Natalie,Ticket,Family
857,1,1,female,45,1,1,36928,164.8667,S,,,Wick,Mrs,George Dennick (Mary Hitchcock),Ticket,Family
497,1,1,female,54,1,0,36947,78.2667,C,D,1,Eustis,Miss,Elizabeth Mussey,Ticket,
592,1,1,female,52,1,0,36947,78.2667,C,D,1,Stephenson,Mrs,Walter Bertram (Martha Eustis),Ticket,
626,0,1,male,61,0,0,36963,32.3208,S,D,1,Sutton,Mr,Frederick,,
516,0,1,male,47,0,0,36967,34.0208,S,D,1,Walker,Mr,William Anderson,,
63,0,1,male,45,1,0,36973,83.475,S,C,1,Harris,Mr,Henry Birkhardt,Ticket,Family
231,1,1,female,35,1,0,36973,83.475,S,C,1,Harris,Mrs,Henry Birkhardt (Irene Wallach),Ticket,Family
625,0,3,male,21,0,0,54636,16.1,S,,,Bowen,Mr,"David John ""Dai""",Ticket,
736,0,3,male,28.5,0,0,54636,16.1,S,,,Williams,Mr,Leslie,Ticket,Family
452,0,3,male,,1,0,65303,19.9667,S,,,Hagland,Mr,Ingvald Olai Olsen,,Family
491,0,3,male,,1,0,65304,19.9667,S,,,Hagland,Mr,Konrad Mathias Reiersen,,Family
445,1,3,male,,0,0,65306,8.1125,S,,,Johannesen-Bratthammer,Mr,Bernt,,
258,1,1,female,30,0,0,110152,86.5,S,B,1,Cherry,Miss,Gladys,Ticket,
505,1,1,female,16,0,0,110152,86.5,S,B,1,Maioni,Miss,Roberta,Ticket,
760,1,1,female,33,0,0,110152,86.5,S,B,1,Rothes,the Countess,of (Lucy Noel Martha Dyer-Edwards),Ticket,
263,0,1,male,52,1,1,110413,79.65,S,E,1,Taussig,Mr,Emil,Ticket,Family
559,1,1,female,39,1,1,110413,79.65,S,E,1,Taussig,Mrs,Emil (Tillie Mandelbaum),Ticket,Family
586,1,1,female,18,0,2,110413,79.65,S,E,1,Taussig,Miss,Ruth,Ticket,Family
476,0,1,male,,0,0,110465,52,S,A,1,Clifford,Mr,George Quincy,Ticket,
111,0,1,male,47,0,0,110465,52,S,C,1,Porter,Mr,Walter Chamberlain,Ticket,
431,1,1,male,28,0,0,110564,26.55,S,C,1,Bjornstrom-Steffansson,Mr,Mauritz Hakan,,
367,1,1,female,60,1,0,110813,75.25,C,D,1,Warren,Mrs,Frank Manley (Anna Sophia Atkinson),,
171,0,1,male,61,0,0,111240,33.5,S,B,1,Van der hoef,Mr,Wyckoff,,
463,0,1,male,47,0,0,111320,38.5,S,E,1,Gee,Mr,Arthur H,,
330,1,1,female,16,0,1,111361,57.9792,C,B,1,Hippach,Miss,Jean Gertrude,Ticket,Family
524,1,1,female,44,0,1,111361,57.9792,C,B,1,Hippach,Mrs,Louis Albert (Ida Sophia Fischer),Ticket,Family
890,1,1,male,26,0,0,111369,30,C,C,1,Behr,Mr,Karl Howell,,
605,1,1,male,35,0,0,111426,26.55,C,,,Homer,Mr,"Harry (""Mr E Haven"")",,
508,1,1,male,,0,0,111427,26.55,S,,,Bradley,Mr,"George (""George Arthur Brayton"")",,
188,1,1,male,45,0,0,111428,26.55,S,,,Romaine,Mr,"Charles Hallace (""Mr C Rolmane"")",,
807,0,1,male,39,0,0,112050,0,S,A,1,Andrews,Mr,Thomas Jr,,Family
634,0,1,male,,0,0,112052,0,S,,,Parr,Mr,William Henry Marsh,,
888,1,1,female,19,0,0,112053,30,S,B,1,Graham,Miss,Margaret Edith,,Family
816,0,1,male,,0,0,112058,0,S,B,1,Fry,Mr,Richard,,
264,0,1,male,40,0,0,112059,0,S,B,1,Harrison,Mr,William,,
210,1,1,male,40,0,0,112277,31,C,A,1,Blank,Mr,Henry,,
767,0,1,male,,0,0,112379,39.6,C,,,Brewe,Dr,Arthur Jackson,,
712,0,1,male,,0,0,113028,26.55,S,C,1,Klaber,Mr,Herman,,
332,0,1,male,45.5,0,0,113043,28.5,S,C,1,Partner,Mr,Austen,,
537,0,1,male,45,0,0,113050,26.55,S,B,1,Butt,Major,Archibald Willingham,,
453,0,1,male,30,0,0,113051,27.75,C,C,1,Foreman,Mr,Benjamin Laventall,,
858,1,1,male,51,0,0,113055,26.55,S,E,1,Daly,Mr,Peter Denis ,,Family
285,0,1,male,,0,0,113056,26,S,A,1,Smith,Mr,Richard William,,Family
84,0,1,male,28,0,0,113059,47.1,S,,,Carrau,Mr,Francisco M,,
783,0,1,male,29,0,0,113501,30,S,D,1,Long,Mr,Milton Clyde,,
378,0,1,male,27,0,2,113503,211.5,C,C,1,Widener,Mr,Harry Elkins,,
357,1,1,female,22,0,1,113505,55,S,E,1,Bowerman,Miss,Elsie Edith,Ticket,
167,1,1,female,,0,1,113505,55,S,E,1,Chibnall,Mrs,(Edith Martha Bowerman),Ticket,
55,0,1,male,65,0,1,113509,61.9792,C,B,1,Ostby,Mr,Engelhart Cornelius,,
352,0,1,male,,0,0,113510,35,S,C,1,Williams-Lambert,Mr,Fletcher Fellows,,
253,0,1,male,62,0,0,113514,26.55,S,C,1,Stead,Mr,William Thomas,,
62,1,1,female,38,0,0,113572,80,,B,1,Icard,Miss,Amelie,Ticket,
830,1,1,female,62,0,0,113572,80,,B,1,Stone,Mrs,George Nelson (Martha Evelyn),Ticket,
391,1,1,male,36,1,2,113760,120,S,B,2,Carter,Mr,William Ernest,Ticket,Family
436,1,1,female,14,1,2,113760,120,S,B,2,Carter,Miss,Lucile Polk,Ticket,Family
764,1,1,female,36,1,2,113760,120,S,B,2,Carter,Mrs,William Ernest (Lucile Polk),Ticket,Family
803,1,1,male,11,1,2,113760,120,S,B,2,Carter,Master,William Thornton II,Ticket,Family
186,0,1,male,,0,0,113767,50,S,A,1,Rood,Mr,Hugh Roscoe,,
749,0,1,male,19,1,0,113773,53.1,S,D,1,Marvin,Mr,Daniel Warner,,
152,1,1,female,22,1,0,113776,66.6,S,C,1,Pears,Mrs,Thomas (Edith Wearne),Ticket,Family
337,0,1,male,29,1,0,113776,66.6,S,C,1,Pears,Mr,Thomas Clinton,Ticket,Family
298,0,1,female,2,1,2,113781,151.55,S,C,2,Allison,Miss,Helen Loraine,Ticket,Family
306,1,1,male,0.92,1,2,113781,151.55,S,C,2,Allison,Master,Hudson Trevor,Ticket,Family
499,0,1,female,25,1,2,113781,151.55,S,C,2,Allison,Mrs,Hudson J C (Bessie Waldo Daniels),Ticket,Family
709,1,1,female,22,0,0,113781,151.55,S,,,Cleaver,Miss,Alice,Ticket,
12,1,1,female,58,0,0,113783,26.55,S,C,1,Bonnell,Miss,Elizabeth,,
340,0,1,male,45,0,0,113784,35.5,S,T,1,Blackwell,Mr,Stephen Weart,,
450,1,1,male,52,0,0,113786,30.5,S,C,1,Peuchen,Major,Arthur Godfrey,,
493,0,1,male,55,0,0,113787,30.5,S,C,1,Molson,Mr,Harry Markland,,
24,1,1,male,28,0,0,113788,35.5,S,A,1,Sloper,Mr,William Thompson,,
36,0,1,male,42,1,0,113789,52,S,,,Holverson,Mr,Alexander Oskar,Ticket,Family
384,1,1,female,35,1,0,113789,52,S,,,Holverson,Mrs,Alexander Oskar (Mary Aline Towner),Ticket,Family
468,0,1,male,56,0,0,113792,26.55,S,,,Smart,Mr,John Montgomery,,
448,1,1,male,34,0,0,113794,26.55,S,,,Seward,Mr,Frederic Kimber,,
603,0,1,male,,0,0,113796,42.4,S,,,Harrington,Mr,Charles H,,
271,0,1,male,,0,0,113798,31,S,,,Cairns,Mr,Alexander,Ticket,
843,1,1,female,30,0,0,113798,31,C,,,Serepeca,Miss,Augusta,Ticket,
695,0,1,male,60,0,0,113800,26.55,S,,,Weir,Col,John,,
4,1,1,female,35,1,0,113803,53.1,S,C,1,Futrelle,Mrs,Jacques Heath (Lily May Peel),Ticket,Family
138,0,1,male,37,1,0,113803,53.1,S,C,1,Futrelle,Mr,Jacques Heath,Ticket,Family
608,1,1,male,27,0,0,113804,30.5,S,,,Daniel,Mr,Robert Williams,,
725,1,1,male,27,1,0,113806,53.1,S,E,1,Chambers,Mr,Norman Campbell,Ticket,Family
810,1,1,female,33,1,0,113806,53.1,S,E,1,Chambers,Mrs,Norman Campbell (Bertha Griggs),Ticket,Family
556,0,1,male,62,0,0,113807,26.55,S,,,Wright,Mr,George,,
887,0,2,male,27,0,0,211536,13,S,,,Montvila,Rev,Juozas,,
563,0,2,male,28,0,0,218629,13.5,S,,,Norman,Mr,Robert Douglas,,
627,0,2,male,57,0,0,219533,12.35,Q,,,Kirkland,Rev,Charles Leonard,,
222,0,2,male,27,0,0,220367,13,S,,,Bracken,Mr,James H,,
616,1,2,female,24,1,2,220845,65,S,,,Herman,Miss,Alice,Ticket,Family
755,1,2,female,48,1,2,220845,65,S,,,Herman,Mrs,Samuel (Jane Laver),Ticket,Family
707,1,2,female,45,0,0,223596,13.5,S,,,Kelly,Mrs,"Florence ""Fannie""",,Family
304,1,2,female,,0,0,226593,12.35,Q,E,1,Keane,Miss,Nora A,,Family
519,1,2,female,36,1,0,226875,26,S,,,Angle,Mrs,"William A (Florence ""Mary"" Agnes Hughes)",,
134,1,2,female,29,1,0,228414,26,S,,,Weisz,Mrs,Leopold (Mathilde Francoise Pede),,
345,0,2,male,36,0,0,229236,13,S,,,Fox,Mr,Stanley Hubert,,
149,0,2,male,36.5,0,2,230080,26,S,F,1,Navratil,Mr,"Michel (""Louis M Hoffman"")",Ticket,Family
194,1,2,male,3,1,1,230080,26,S,F,1,Navratil,Master,Michel M,Ticket,Family
341,1,2,male,2,1,1,230080,26,S,F,1,Navratil,Master,Edmond Roger,Ticket,Family
184,1,2,male,1,2,1,230136,39,S,F,1,Becker,Master,Richard F,Ticket,Family
619,1,2,female,4,2,1,230136,39,S,F,1,Becker,Miss,Marion Louise,Ticket,Family
260,1,2,female,50,0,1,230433,26,S,,,Parrish,Mrs,(Lutie Davis),Ticket,
881,1,2,female,25,0,1,230433,26,S,,,Shelley,Mrs,William (Imanita Parrish Hall),Ticket,
444,1,2,female,28,0,0,230434,13,S,,,Reynaldo,Ms,Encarnacion,,
99,1,2,female,34,0,1,231919,23,S,,,Doling,Mrs,John T (Ada Julia Bone),Ticket,Family
652,1,2,female,18,0,1,231919,23,S,,,Doling,Miss,Elsie,Ticket,Family
145,0,2,male,18,0,0,231945,11.5,S,,,Andrew,Mr,Edgardo Samuel,,
735,0,2,male,23,0,0,233639,13,S,,,Troupiansky,Mr,Moses Aaron,,
865,0,2,male,24,0,0,233866,13,S,,,Gill,Mr,John William,,
464,0,2,male,48,0,0,234360,13,S,,,Milling,Mr,Jacob Christian,,
191,1,2,female,32,0,0,234604,13,S,,,Pinsky,Mrs,(Rosa),,
667,0,2,male,25,0,0,234686,13,S,,,Butler,Mr,Reginald Fenton,,
323,1,2,female,30,0,0,234818,12.35,Q,,,Slayter,Miss,Hilda Mary,,
229,0,2,male,18,0,0,236171,13,S,,,Fahlstrom,Mr,Arne Jonas,,
866,1,2,female,42,0,0,236852,13,S,,,Bystrom,Mrs,(Karolina),,
729,0,2,male,25,1,0,236853,26,S,,,Bryhl,Mr,Kurt Arnold Gottfrid,,
233,0,2,male,59,0,0,237442,13.5,S,,,Sjostedt,Mr,Ernst Adolf,,
587,0,2,male,47,0,0,237565,15,S,,,Jarvis,Mr,John Denzil,,
636,1,2,female,28,0,0,237668,13,S,,,Davis,Miss,Mary,,
358,0,2,female,38,0,0,237671,13,S,,,Funk,Miss,Annie Clemmer,,
10,1,2,female,14,1,0,237736,30.0708,C,,,Nasser,Mrs,Nicholas (Adele Achem),Ticket,Family
123,0,2,male,32.5,1,0,237736,30.0708,C,,,Nasser,Mr,Nicholas,Ticket,Family
581,1,2,female,25,1,1,237789,30,S,,,Christy,Miss,Julie Rachel,,
289,1,2,male,42,0,0,237798,13,S,,,Hosono,Mr,Masabumi,,
467,0,2,male,,0,0,239853,0,S,,,Campbell,Mr,William,Ticket,
414,0,2,male,,0,0,239853,0,S,,,Cunningham,Mr,Alfred Fleming,Ticket,
278,0,2,male,,0,0,239853,0,S,,,Parkes,Mr,"Francis ""Frank""",Ticket,
482,0,2,male,,0,0,239854,0,S,,,Frost,Mr,"Anthony Wood ""Archie""",,
733,0,2,male,,0,0,239855,0,S,,,Knight,Mr,Robert J,,
675,0,2,male,,0,0,239856,0,S,,,Watson,Mr,Ennis Hastings,,
21,0,2,male,35,0,0,239865,26,S,,,Fynney,Mr,Joseph J,Ticket,
792,0,2,male,16,0,0,239865,26,S,,,Gaskell,Mr,Alfred,Ticket,
400,1,2,female,28,0,0,240929,12.65,S,,,Trout,Mrs,William H (Jessie L),,
218,0,2,male,42,1,0,243847,27,S,,,Jacobsohn,Mr,Sidney Samuel,Ticket,Family
601,1,2,female,24,2,1,243847,27,S,,,Jacobsohn,Mrs,Sidney Samuel (Amy Frances Christy),Ticket,Family
577,1,2,female,34,0,0,243880,13,S,,,Garside,Miss,Ethel,,
250,0,2,male,54,1,0,244252,26,S,,,Carter,Rev,Ernest Courtenay,Ticket,Family
855,0,2,female,44,1,0,244252,26,S,,,Carter,Mrs,Ernest Courtenay (Lilian Hughes),Ticket,Family
674,1,2,male,31,0,0,244270,13,S,,,Wilhelms,Mr,Charles,,
399,0,2,male,23,0,0,244278,10.5,S,,,Pain,Dr,Alfred,,
150,0,2,male,42,0,0,244310,13,S,,,Byles,Rev,Thomas Roussel Davids,,
552,0,2,male,27,0,0,244358,26,S,,,Sharp,Mr,Percival James R,,
344,0,2,male,25,0,0,244361,13,S,,,Sedgwick,Mr,Charles Frederick Waddington,,
100,0,2,male,34,1,0,244367,26,S,,,Kantor,Mr,Sinai,Ticket,Family
317,1,2,female,24,1,0,244367,26,S,,,Kantor,Mrs,Sinai (Miriam Sternin),Ticket,Family
18,1,2,male,,0,0,244373,13,S,,,Williams,Mr,Charles Eugene,,Family
22,1,2,male,34,0,0,248698,13,S,D,1,Beesley,Mr,Lawrence,,
16,1,2,female,55,0,0,248706,16,S,,,Hewlett,Mrs,(Mary D Kingcome) ,,
809,0,2,male,39,0,0,248723,13,S,,,Meyer,Mr,August,,Family
721,1,2,female,6,0,1,248727,33,S,,,Harper,Miss,"Annie Jessie ""Nina""",Ticket,Family
849,0,2,male,28,0,1,248727,33,S,,,Harper,Rev,John,Ticket,Family
597,1,2,female,,0,0,248727,33,S,,,Leitch,Miss,Jessie Wills,Ticket,
696,0,2,male,52,0,0,248731,13.5,S,,,Chapman,Mr,Charles Henry,,Family
346,1,2,female,24,0,0,248733,13,S,F,1,Brown,Miss,"Amelia ""Mildred""",,Family
79,1,2,male,0.83,0,2,248738,29,S,,,Caldwell,Master,Alden Gates,Ticket,Family
324,1,2,female,22,1,1,248738,29,S,,,Caldwell,Mrs,Albert Francis (Sylvia Mae Harbaugh),Ticket,Family
343,0,2,male,28,0,0,248740,13,S,,,Collander,Mr,Erik Gustaf,,
200,0,2,female,24,0,0,248747,13,S,,,Yrois,Miss,"Henriette (""Mrs Harbeck"")",,
724,0,2,male,50,0,0,250643,13,S,,,Hodges,Mr,Henry Price,,
273,1,2,female,41,0,1,250644,19.5,S,,,Mellinger,Mrs,(Elizabeth Anne Maidment),Ticket,Family
447,1,2,female,13,0,1,250644,19.5,S,,,Mellinger,Miss,Madeleine Violet,Ticket,Family
214,0,2,male,30,0,0,250646,13,S,,,Givard,Mr,Hans Kristensen,,
715,0,2,male,52,0,0,250647,13,S,,,Greenberg,Mr,Samuel,Ticket,
801,0,2,male,34,0,0,250647,13,S,,,Ponesell,Mr,Martin,Ticket,
748,1,2,female,30,0,0,250648,13,S,,,Sinkkonen,Miss,Anna,,
248,1,2,female,24,0,2,250649,14.5,S,,,Hamalainen,Mrs,William (Anna),Ticket,Family
756,1,2,male,0.67,1,1,250649,14.5,S,,,Hamalainen,Master,Viljo,Ticket,Family
313,0,2,female,26,1,1,250651,26,S,,,Lahtinen,Mrs,William (Anna Sylfven),,
418,1,2,female,18,0,2,250652,13,S,,,Silven,Miss,Lyyli Karoliina,,
179,0,2,male,30,0,0,250653,13,S,,,Hale,Mr,Reginald,,
706,0,2,male,39,0,0,250655,26,S,,,Morley,Mr,"Henry Samuel (""Mr Henry Marshall"")",Ticket,Family
428,1,2,female,19,0,0,250655,26,S,,,Phillips,Miss,"Kate Florence (""Mrs Kate Louise Phillips Marshall"")",Ticket,
108,1,3,male,,0,0,312991,7.775,S,,,Moss,Mr,Albert Johan,,
409,0,3,male,21,0,0,312992,7.775,S,,,Birkeland,Mr,Hans Martin Monsen,,
668,0,3,male,,0,0,312993,7.775,S,,,Rommetvedt,Mr,Knud Paust,,
159,0,3,male,,0,0,315037,8.6625,S,,,Smiljanic,Mr,Mile,,
423,0,3,male,29,0,0,315082,7.875,S,,,Zimmerman,Mr,Leo,,
535,0,3,female,30,0,0,315084,8.6625,S,,,Cacic,Miss,Marija,,Family
501,0,3,male,17,0,0,315086,8.6625,S,,,Calic,Mr,Petar,,Family
350,0,3,male,42,0,0,315088,8.6625,S,,,Dimic,Mr,Jovan,,
472,0,3,male,38,0,0,315089,8.6625,S,,,Cacic,Mr,Luka,,Family
845,0,3,male,17,0,0,315090,8.6625,S,,,Culumovic,Mr,Jeso,,
164,0,3,male,17,0,0,315093,8.6625,S,,,Calic,Mr,Jovo,,Family
726,0,3,male,20,0,0,315094,8.6625,S,,,Oreskovic,Mr,Luka,,Family
405,0,3,female,20,0,0,315096,8.6625,S,,,Oreskovic,Miss,Marija,,Family
837,0,3,male,21,0,0,315097,8.6625,S,,,Pasic,Mr,Jakob,,
822,1,3,male,27,0,0,315098,8.6625,S,,,Lulic,Mr,Nikola,,
70,0,3,male,26,2,0,315151,8.6625,S,,,Kink,Mr,Vincenz,,
185,1,3,female,4,0,2,315153,22.025,S,,,Kink-Heilmann,Miss,Luise Gretchen,,
471,0,3,male,,0,0,323592,7.25,S,,,Keefe,Mr,Arthur,,
373,0,3,male,19,0,0,323951,8.05,S,,,Beavan,Mr,William Thomas,,
113,0,3,male,22,0,0,324669,8.05,S,,,Barton,Mr,David John,,
6,0,3,male,,0,0,330877,8.4583,Q,,,Moran,Mr,James,,Family
503,0,3,female,,0,0,330909,7.6292,Q,,,O'Sullivan,Miss,Bridget Mary,,
654,1,3,female,,0,0,330919,7.8292,Q,,,O'Leary,Miss,"Hanora ""Norah""",,
23,1,3,female,15,0,0,330923,8.0292,Q,,,McGowan,Miss,"Anna ""Annie""",,
359,1,3,female,,0,0,330931,7.8792,Q,,,McGovern,Miss,Mary,,
83,1,3,female,,0,0,330932,7.7875,Q,,,McDermott,Miss,Brigdet Delia,,
681,0,3,female,,0,0,330935,8.1375,Q,,,Peters,Miss,Katie,,
45,1,3,female,19,0,0,330958,7.8792,Q,,,Devaney,Miss,Margaret Delia,,
29,1,3,female,,0,0,330959,7.8792,Q,,,O'Dwyer,Miss,"Ellen ""Nellie""",,
553,0,3,male,,0,0,330979,7.8292,Q,,,O'Brien,Mr,Timothy,,Family
360,1,3,female,,0,0,330980,7.8792,Q,,,Mockler,Miss,"Helen Mary ""Ellie""",,
630,0,3,male,,0,0,334912,7.7333,Q,,,O'Connell,Mr,Patrick D,,
750,0,3,male,31,0,0,335097,7.75,Q,,,Connaghton,Mr,Michael,,
33,1,3,female,,0,0,335677,7.75,Q,,,Glynn,Miss,Mary Agatha,,
281,0,3,male,65,0,0,336439,7.75,Q,,,Duane,Mr,Frank,,
402,0,3,male,26,0,0,341826,8.05,S,,,Adams,Mr,John,,
677,0,3,male,24.5,0,0,342826,8.05,S,,,Sawyer,Mr,Frederick Charles,,
416,0,3,female,,0,0,343095,8.05,S,,,Meek,Mrs,Thomas (Annie Louise Rowley),,
107,1,3,female,21,0,0,343120,7.65,S,,,Salkjelsvik,Miss,Anna Kristine,,
90,0,3,male,24,0,0,343275,8.05,S,,,Celotti,Mr,Francesco,,
91,0,3,male,29,0,0,343276,8.05,S,,,Christmann,Mr,Emil,,
327,0,3,male,61,0,0,345364,6.2375,S,,,Nysveen,Mr,Johan Hansen,,
560,1,3,female,36,1,0,345572,17.4,S,,,de Messemaeker,Mrs,Guillaume Joseph (Emma),,
19,0,3,female,31,1,0,345763,18,S,,,Vander Planke,Mrs,Julius (Emelia Maria Vandemoortele),,Family
39,0,3,female,18,2,0,345764,18,S,,,Vander Planke,Miss,Augusta Maria,Ticket,Family
334,0,3,male,16,2,0,345764,18,S,,,Vander Planke,Mr,Leo Edmondus,Ticket,Family
874,0,3,male,47,0,0,345765,9,S,,,Vander Cruyssen,Mr,Victor,,
81,0,3,male,22,0,0,345767,9,S,,,Waelens,Mr,Achille,,
442,0,3,male,20,0,0,345769,9.5,S,,,Hampe,Mr,Leon,,
201,0,3,male,28,0,0,345770,9.5,S,,,Vande Walle,Mr,Nestor Cyriel,,
420,0,3,female,10,0,2,345773,24.15,S,,,Van Impe,Miss,Catharina,Ticket,Family
596,0,3,male,36,1,1,345773,24.15,S,,,Van Impe,Mr,Jean Baptiste,Ticket,Family
800,0,3,female,30,1,1,345773,24.15,S,,,Van Impe,Mrs,Jean Baptiste (Rosalie Paula Govaert),Ticket,Family
287,1,3,male,30,0,0,345774,9.5,S,,,de Mulder,Mr,Theodore,,
869,0,3,male,,0,0,345777,9.5,S,,,van Melkebeke,Mr,Philemon,,
283,0,3,male,16,0,0,345778,9.5,S,,,de Pelsmaeker,Mr,Alfons,,
82,1,3,male,29,0,0,345779,9.5,S,,,Sheerlinck,Mr,Jan Baptist,,
753,0,3,male,33,0,0,345780,9.5,S,,,Vande Velde,Mr,Johannes Joseph,,
771,0,3,male,24,0,0,345781,9.5,S,,,Lievens,Mr,Rene Aime,,
356,0,3,male,28,0,0,345783,9.5,S,,,Vanden Steen,Mr,Leo Peter,,
206,0,3,female,2,0,1,347054,10.4625,S,G,1,Strom,Miss,Telma Matilda,Ticket,Family
252,0,3,female,29,1,1,347054,10.4625,S,G,1,Strom,Mrs,Wilhelm (Elna Matilda Persson),Ticket,Family
852,0,3,male,74,0,0,347060,7.775,S,,,Svensson,Mr,Johan,,Family
130,0,3,male,45,0,0,347061,6.975,S,,,Ekstrom,Mr,Johan,,
720,0,3,male,33,0,0,347062,7.775,S,,,Johnson,Mr,Malkolm Joackim,,Family
806,0,3,male,31,0,0,347063,7.775,S,,,Johansson,Mr,Karl Johan,,Family
407,0,3,male,51,0,0,347064,7.75,S,,,Widegren,Mr,Carl/Charles Peter,,
232,0,3,male,29,0,0,347067,7.775,S,,,Larsson,Mr,Bengt Edvin,,Family
163,0,3,male,26,0,0,347068,7.775,S,,,Bengtsson,Mr,John Viktor,,
380,0,3,male,19,0,0,347069,7.775,S,,,Gustafsson,Mr,Karl Gideon,,Family
247,0,3,female,25,0,0,347071,7.775,S,,,Lindahl,Miss,Agda Thorilda Viktoria,,
277,0,3,female,45,0,0,347073,7.75,S,,,Lindblom,Miss,Augusta Charlotta,,
765,0,3,male,16,0,0,347074,7.775,S,,,Eklund,Mr,Hans Linus,,
443,0,3,male,25,1,0,347076,7.775,S,,,Petterson,Mr,Johan Emil,,
26,1,3,female,38,1,5,347077,31.3875,S,,,Asplund,Mrs,Carl Oscar (Selma Augusta Emilia Johansson),Ticket,Family
183,0,3,male,9,4,2,347077,31.3875,S,,,Asplund,Master,Clarence Gustaf Hugo,Ticket,Family
234,1,3,female,5,4,2,347077,31.3875,S,,,Asplund,Miss,Lillian Gertrud,Ticket,Family
262,1,3,male,3,4,2,347077,31.3875,S,,,Asplund,Master,Edvin Rojj Felix,Ticket,Family
776,0,3,male,18,0,0,347078,7.75,S,,,Myhrman,Mr,Pehr Fabian Oliver Malkolm,,
424,0,3,female,28,1,1,347080,14.4,S,,,Danbom,Mrs,Ernst Gilbert (Anna Sigrid Maria Brogren),Ticket,Family
617,0,3,male,34,1,1,347080,14.4,S,,,Danbom,Mr,Ernst Gilbert,Ticket,Family
142,1,3,female,22,0,0,347081,7.75,S,,,Nysten,Miss,Anna Sofia,,
14,0,3,male,39,1,5,347082,31.275,S,,,Andersson,Mr,Anders Johan,Ticket,Family
120,0,3,female,2,4,2,347082,31.275,S,,,Andersson,Miss,Ellis Anna Maria,Ticket,Family
542,0,3,female,9,4,2,347082,31.275,S,,,Andersson,Miss,Ingeborg Constanzia,Ticket,Family
543,0,3,female,11,4,2,347082,31.275,S,,,Andersson,Miss,Sigrid Elisabeth,Ticket,Family
611,0,3,female,39,1,5,347082,31.275,S,,,Andersson,Mrs,Anders Johan (Alfrida Konstantia Brogren),Ticket,Family
814,0,3,female,6,4,2,347082,31.275,S,,,Andersson,Miss,Ebba Iris Alfrida,Ticket,Family
851,0,3,male,4,4,2,347082,31.275,S,,,Andersson,Master,Sigvard Harald Elias,Ticket,Family
268,1,3,male,25,1,0,347083,7.775,S,,,Persson,Mr,Ernst Ulrik,,
555,1,3,female,22,0,0,347085,7.775,S,,,Ohman,Miss,Velin,,
808,0,3,female,18,0,0,347087,7.775,S,,,Pettersson,Miss,Ellen Natalia,,
64,0,3,male,4,3,2,347088,27.9,S,,,Skoog,Master,Harald,Ticket,Family
168,0,3,female,45,1,4,347088,27.9,S,,,Skoog,Mrs,William (Anna Bernhardina Karlsson),Ticket,Family
361,0,3,male,40,1,4,347088,27.9,S,,,Skoog,Mr,Wilhelm,Ticket,Family
635,0,3,female,9,3,2,347088,27.9,S,,,Skoog,Miss,Mabel,Ticket,Family
643,0,3,female,2,3,2,347088,27.9,S,,,Skoog,Miss,Margit Elizabeth,Ticket,Family
820,0,3,male,10,3,2,347088,27.9,S,,,Skoog,Master,Karl Thorsten,Ticket,Family
805,1,3,male,27,0,0,347089,6.975,S,,,Hedman,Mr,Oskar Arvid,,
282,0,3,male,28,0,0,347464,7.8542,S,,,Olsson,Mr,Nils Johan Goransson,,Family
92,0,3,male,20,0,0,347466,7.8542,S,,,Andreasson,Mr,Paul Edvin,,
834,0,3,male,23,0,0,347468,7.8542,S,,,Augustsson,Mr,Albert,,
316,1,3,female,26,0,0,347470,7.8542,S,,,Nilsson,Miss,Helmina Josefina,,
9,1,3,female,27,0,2,347742,11.1333,S,,,Johnson,Mrs,Oscar W (Elisabeth Vilhelmina Berg),Ticket,Family
173,1,3,female,1,1,1,347742,11.1333,S,,,Johnson,Miss,Eleanor Ileen,Ticket,Family
870,1,3,male,4,1,1,347742,11.1333,S,,,Johnson,Master,Harold Theodor,Ticket,Family
632,0,3,male,51,0,0,347743,7.0542,S,,,Lundahl,Mr,Johan Svensson,,
700,0,3,male,42,0,0,348121,7.65,S,F,2,Humblen,Mr,Adolf Mathias Nicolai Olsen,,
76,0,3,male,25,0,0,348123,7.65,S,F,2,Moen,Mr,Sigurd Hansen,,
716,0,3,male,19,0,0,348124,7.65,S,F,2,Soholt,Mr,Peter Andreas Lauritz Andersen,,
739,0,3,male,,0,0,349201,7.8958,S,,,Ivanoff,Mr,Kanio,,
795,0,3,male,25,0,0,349203,7.8958,S,,,Dantcheff,Mr,Ristiu,,
754,0,3,male,23,0,0,349204,7.8958,S,,,Jonkoff,Mr,Lalio,,
567,0,3,male,19,0,0,349205,7.8958,S,,,Stoytcheff,Mr,Ilia,,
288,0,3,male,22,0,0,349206,7.8958,S,,,Naidenoff,Mr,Penko,,
106,0,3,male,28,0,0,349207,7.8958,S,,,Mionoff,Mr,Stoytcho,,
77,0,3,male,,0,0,349208,7.8958,S,,,Staneff,Mr,Ivan,,
515,0,3,male,24,0,0,349209,7.4958,S,,,Coleff,Mr,Satio,,Family
664,0,3,male,36,0,0,349210,7.4958,S,,,Coleff,Mr,Peju,,Family
878,0,3,male,19,0,0,349212,7.8958,S,,,Petroff,Mr,Nedelio,,Family
848,0,3,male,35,0,0,349213,7.8958,C,,,Markoff,Mr,Marin,,
602,0,3,male,,0,0,349214,7.8958,S,,,Slabenoff,Mr,Petco,,
102,0,3,male,,0,0,349215,7.8958,S,,,Petroff,Mr,"Pastcho (""Pentcho"")",,Family
30,0,3,male,,0,0,349216,7.8958,S,,,Todoroff,Mr,Lalio,,
879,0,3,male,,0,0,349217,7.8958,S,,,Laleff,Mr,Kristo,,
740,0,3,male,,0,0,349218,7.8958,S,,,Nankoff,Mr,Minko,,
322,0,3,male,27,0,0,349219,7.8958,S,,,Danoff,Mr,Yoto,,
651,0,3,male,,0,0,349221,7.8958,S,,,Mitkoff,Mr,Mito,,
411,0,3,male,,0,0,349222,7.8958,S,,,Sdycoff,Mr,Todor,,
657,0,3,male,,0,0,349223,7.8958,S,,,Radeff,Mr,Alexander,,
629,0,3,male,26,0,0,349224,7.8958,S,,,Bostandyeff,Mr,Guentcho,,
336,0,3,male,,0,0,349225,7.8958,S,,,Denkoff,Mr,Mitto,,
385,0,3,male,,0,0,349227,7.8958,S,,,Plotcharsky,Mr,Vasil,,
688,0,3,male,19,0,0,349228,10.1708,S,,,Dakic,Mr,Branko,,
647,0,3,male,19,0,0,349231,7.8958,S,,,Cor,Mr,Liudevit,,
295,0,3,male,24,0,0,349233,7.8958,S,,,Mineff,Mr,Ivan,,
224,0,3,male,,0,0,349234,7.8958,S,,,Nenkoff,Mr,Christo,,
294,0,3,female,24,0,0,349236,8.85,S,,,Haas,Miss,Aloisia,,
50,0,3,female,18,1,0,349237,17.8,S,,,Arnold-Franchi,Mrs,Josef (Josefine Franchi),Ticket,Family
354,0,3,male,25,1,0,349237,17.8,S,,,Arnold-Franchi,Mr,Josef,Ticket,Family
286,0,3,male,33,0,0,349239,8.6625,C,,,Stankovic,Mr,Ivan,,
456,1,3,male,29,0,0,349240,7.8958,C,,,Jalsevac,Mr,Ivan,,
131,0,3,male,33,0,0,349241,7.8958,C,,,Drazenoic,Mr,Jozef,,
520,0,3,male,32,0,0,349242,7.8958,S,,,Pavlovic,Mr,Stefo,,
314,0,3,male,28,0,0,349243,7.8958,S,,,Hendekovic,Mr,Ignjac,,
798,1,3,female,31,0,0,349244,8.6833,S,,,Osman,Mrs,Mara,,
101,0,3,female,28,0,0,349245,7.8958,S,,,Petranec,Miss,Matilda,,
607,0,3,male,30,0,0,349246,7.8958,S,,,Karaic,Mr,Milan,,
190,0,3,male,36,0,0,349247,7.8958,S,,,Turcin,Mr,Stjepan,,
871,0,3,male,26,0,0,349248,7.8958,S,,,Balkic,Mr,Cerin,,
109,0,3,male,38,0,0,349249,7.8958,S,,,Rekic,Mr,Tido,,
562,0,3,male,40,0,0,349251,7.8958,S,,,Sivic,Mr,Husein,,
522,0,3,male,22,0,0,349252,7.8958,S,,,Vovk,Mr,Janko,,
43,0,3,male,,0,0,349253,7.8958,C,,,Kraeff,Mr,Theodor,,
421,0,3,male,,0,0,349254,7.8958,C,,,Gheorgheff,Mr,Stanio,,
692,1,3,female,4,0,1,349256,13.4167,C,,,Karun,Miss,Manca,,
882,0,3,male,33,0,0,349257,7.8958,S,,,Markun,Mr,Johann,,
8,0,3,male,2,3,1,349909,21.075,S,,,Palsson,Master,Gosta Leonard,Ticket,Family
25,0,3,female,8,3,1,349909,21.075,S,,,Palsson,Miss,Torborg Danira,Ticket,Family
375,0,3,female,3,3,1,349909,21.075,S,,,Palsson,Miss,Stina Viola,Ticket,Family
568,0,3,female,29,0,4,349909,21.075,S,,,Palsson,Mrs,Nils (Alma Cornelia Berglund),Ticket,Family
606,0,3,male,36,1,0,349910,15.55,S,,,Lindell,Mr,Edvard Bengtsson,,
676,0,3,male,18,0,0,349912,7.775,S,,,Edvardsson,Mr,Gustaf Hjalmar,,
705,0,3,male,26,1,0,350025,7.8542,S,,,Hansen,Mr,Henrik Juul,,Family
861,0,3,male,41,2,0,350026,14.1083,S,,,Hansen,Mr,Claus Peter,,Family
624,0,3,male,21,0,0,350029,7.8542,S,,,Hansen,Mr,Henry Damsgaard,,Family
392,1,3,male,21,0,0,350034,7.7958,S,,,Jansson,Mr,Carl Olof,,
500,0,3,male,24,0,0,350035,7.7958,S,,,Svensson,Mr,Olof,,Family
689,0,3,male,18,0,0,350036,7.7958,S,,,Fischer,Mr,Eberhard Thelander,,
757,0,3,male,28,0,0,350042,7.7958,S,,,Carlsson,Mr,August Sigfrid,,Family
147,1,3,male,27,0,0,350043,7.7958,S,,,Andersson,Mr,"August Edvard (""Wennerstrom"")",,Family
193,1,3,female,19,1,0,350046,7.8542,S,,,Andersen-Jensen,Miss,Carla Christine Nielsine,,
772,0,3,male,48,0,0,350047,7.8542,S,,,Jensen,Mr,Niels Peder,,Family
722,0,3,male,17,1,0,350048,7.0542,S,,,Jensen,Mr,Svend Lauritz,,Family
641,0,3,male,20,0,0,350050,7.8542,S,,,Jensen,Mr,Hans Peder,,Family
396,0,3,male,22,0,0,350052,7.7958,S,,,Johansson,Mr,Erik,,Family
479,0,3,male,22,0,0,350060,7.5208,S,,,Karlsson,Mr,Nils August,,
176,0,3,male,18,1,1,350404,7.8542,S,,,Klasen,Mr,Klas Albin,,
15,0,3,female,14,0,0,350406,7.8542,S,,,Vestrom,Miss,Hulda Amanda Adolfina,,
397,0,3,female,31,0,0,350407,7.8542,S,,,Olsson,Miss,Elina,,Family
570,1,3,male,32,0,0,350417,7.8542,S,,,Jonsson,Mr,Carl,,
761,0,3,male,,0,0,358585,14.5,S,,,Garfirth,Mr,John,Ticket,
576,0,3,male,19,0,0,358585,14.5,S,,,Patchett,Mr,George,Ticket,
251,0,3,male,,0,0,362316,7.25,S,,,Reed,Mr,James George,,
166,1,3,male,9,0,2,363291,20.525,S,,,Goldsmith,Master,"Frank John William ""Frankie""",Ticket,Family
329,1,3,female,31,1,1,363291,20.525,S,,,Goldsmith,Mrs,Frank John (Emily Alice Brown),Ticket,Family
549,0,3,male,33,1,1,363291,20.525,S,,,Goldsmith,Mr,Frank John,Ticket,Family
759,0,3,male,34,0,0,363294,8.05,S,,,Theobald,Mr,Thomas Leonard,,
697,0,3,male,44,0,0,363592,8.05,S,,,Kelly,Mr,James,,Family
539,0,3,male,,0,0,364498,14.5,S,,,Risien,Mr,Samuel Beard,,
815,0,3,male,30.5,0,0,364499,8.05,S,,,Tomlin,Mr,Ernest Portage,,
95,0,3,male,59,0,0,364500,7.25,S,,,Coxon,Mr,Daniel,,
462,0,3,male,34,0,0,364506,8.05,S,,,Morley,Mr,William,,Family
604,0,3,male,44,0,0,364511,8.05,S,,,Torber,Mr,Ernst William,,
615,0,3,male,35,0,0,364512,8.05,S,,,Brocklebank,Mr,William Alfred,,
80,1,3,female,30,0,0,364516,12.475,S,,,Dowdell,Miss,Elizabeth,Ticket,
778,1,3,female,5,0,0,364516,12.475,S,,,Emanuel,Miss,Virginia Ethel,Ticket,
502,0,3,female,21,0,0,364846,7.75,Q,,,Canavan,Miss,Mary,,
594,0,3,female,,0,2,364848,7.75,Q,,,Bourke,Miss,Mary,,Family
189,0,3,male,40,1,1,364849,15.5,Q,,,Bourke,Mr,John,Ticket,Family
658,0,3,female,32,1,1,364849,15.5,Q,,,Bourke,Mrs,John (Catherine),Ticket,Family
768,0,3,female,30.5,0,0,364850,7.75,Q,,,Mangan,Miss,Mary,,
429,0,3,male,,0,0,364851,7.75,Q,,,Flynn,Mr,James,,Family
144,0,3,male,19,0,0,365222,6.75,Q,,,Burke,Mr,Jeremiah,,
655,0,3,female,18,0,0,365226,6.75,Q,,,Hegarty,Miss,"Hanora ""Nora""",,
302,1,3,male,,2,0,367226,23.25,Q,,,McCoy,Mr,Bernard,Ticket,Family
331,1,3,female,,2,0,367226,23.25,Q,,,McCoy,Miss,Agnes,Ticket,Family
829,1,3,male,,0,0,367228,7.75,Q,,,McCormack,Mr,Thomas Joseph,,
215,0,3,male,,1,0,367229,7.75,Q,,,Kiernan,Mr,Philip,,
242,1,3,female,,1,0,367230,15.5,Q,,,Murphy,Miss,"Katherine ""Kate""",Ticket,Family
613,1,3,female,,1,0,367230,15.5,Q,,,Murphy,Miss,Margaret Jane,Ticket,Family
209,1,3,female,16,0,0,367231,7.75,Q,,,Carr,Miss,"Helen ""Ellen""",,
526,0,3,male,40.5,0,0,367232,7.75,Q,,,Farrell,Mr,James,,
389,0,3,male,,0,0,367655,7.7292,Q,,,Sadlier,Mr,Matthew,,
826,0,3,male,,0,0,368323,6.95,Q,,,Flynn,Mr,John,,Family
197,0,3,male,,0,0,368703,7.75,Q,,,Mernagh,Mr,Robert,,
255,0,3,female,41,0,2,370129,20.2125,S,,,Rosblom,Mrs,Viktor (Helena Wilhelmina),Ticket,Family
425,0,3,male,18,1,1,370129,20.2125,S,,,Rosblom,Mr,Viktor Richard,Ticket,Family
187,1,3,female,,1,0,370365,15.5,Q,,,O'Brien,Mrs,"Thomas (Johanna ""Hannah"" Godfrey)",Ticket,Family
365,0,3,male,,1,0,370365,15.5,Q,,,O'Brien,Mr,Thomas,Ticket,Family
117,0,3,male,70.5,0,0,370369,7.75,Q,,,Connors,Mr,Patrick,,
199,1,3,female,,0,0,370370,7.75,Q,,,Madigan,Miss,"Margaret ""Maggie""",,
47,0,3,male,,1,0,370371,15.5,Q,,,Lennon,Mr,Denis,,
127,0,3,male,,0,0,370372,7.75,Q,,,McMahon,Mr,Martin,,
290,1,3,female,22,0,0,370373,7.75,Q,,,Connolly,Miss,Kate,,
275,1,3,female,,0,0,370375,7.75,Q,,,Healy,Miss,"Hanora ""Nora""",,
891,0,3,male,32,0,0,370376,7.75,Q,,,Dooley,Mr,Patrick,,
614,0,3,male,,0,0,370377,7.75,Q,,,Horgan,Mr,John,,
460,0,3,male,,0,0,371060,7.75,Q,,,O'Connor,Mr,Maurice,,
110,1,3,female,,1,0,371110,24.15,Q,,,Moran,Miss,Bertha,Ticket,Family
769,0,3,male,,1,0,371110,24.15,Q,,,Moran,Mr,Daniel J,Ticket,Family
518,0,3,male,,0,0,371110,24.15,Q,,,Ryan,Mr,Patrick,Ticket,
161,0,3,male,44,0,1,371362,16.1,S,,,Cribb,Mr,John Hatfield,,
561,0,3,male,,0,0,372622,7.75,Q,,,Morrow,Mr,Thomas Rowan,,
5,0,3,male,35,0,0,373450,8.05,S,,,Allen,Mr,William Henry,,Family
78,0,3,male,,0,0,374746,8.05,S,,,Moutal,Mr,Rahamin Haim,,
786,0,3,male,25,0,0,374887,7.25,S,,,Harmer,Mr,Abraham (David Lishin),,
96,0,3,male,,0,0,374910,8.05,S,,,Shorney,Mr,Charles Joseph,,
432,1,3,female,,1,0,376564,16.1,S,,,Thorneycroft,Mrs,Percival (Florence Kate White),Ticket,Family
640,0,3,male,,1,0,376564,16.1,S,,,Thorneycroft,Mr,Percival,Ticket,Family
744,0,3,male,24,1,0,376566,16.1,S,,,McNamee,Mr,Neal,,
265,0,3,female,,0,0,382649,7.75,Q,,,Henry,Miss,Delia,,
511,1,3,male,29,0,0,382651,7.75,Q,,,Daly,Mr,Eugene Patrick,,Family
17,0,3,male,2,4,1,382652,29.125,Q,,,Rice,Master,Eugene,Ticket,Family
172,0,3,male,4,4,1,382652,29.125,Q,,,Rice,Master,Arthur,Ticket,Family
279,0,3,male,7,4,1,382652,29.125,Q,,,Rice,Master,Eric,Ticket,Family
788,0,3,male,8,4,1,382652,29.125,Q,,,Rice,Master,George Hugh,Ticket,Family
886,0,3,female,39,0,5,382652,29.125,Q,,,Rice,Mrs,William (Margaret Norton),Ticket,Family
777,0,3,male,,0,0,383121,7.75,Q,F,1,Tobin,Mr,Roger,,
261,0,3,male,,0,0,384461,7.75,Q,,,Smith,Mr,Thomas,,Family
348,1,3,female,,1,0,386525,16.1,S,,,Davison,Mrs,Thomas Henry (Mary E Finck),,
856,1,3,female,18,0,1,392091,9.35,S,,,Aks,Mrs,Sam (Leah Rosen),,
838,0,3,male,,0,0,392092,8.05,S,,,Sirota,Mr,Maurice,,
752,1,3,male,6,0,1,392096,12.475,S,E,1,Moor,Master,Meier,Ticket,Family
824,1,3,female,27,0,1,392096,12.475,S,E,1,Moor,Mrs,(Beila),Ticket,Family
412,0,3,male,,0,0,394140,6.8583,Q,,,Hart,Mr,Henry,,Family
203,0,3,male,34,0,0,3101264,6.4958,S,,,Johanson,Mr,Jakob Alfred,,
787,1,3,female,18,0,0,3101265,7.4958,S,,,Sjoblom,Miss,Anna Sofia,,
372,0,3,male,18,1,0,3101267,6.4958,S,,,Wiklund,Mr,Jakob Alfred,,
105,0,3,male,37,2,0,3101276,7.925,S,,,Gustafsson,Mr,Anders Vilhelm,,Family
393,0,3,male,28,2,0,3101277,7.925,S,,,Gustafsson,Mr,Johan Birger,,Family
86,1,3,female,33,3,0,3101278,15.85,S,,,Backstrom,Mrs,Karl Alfred (Maria Mathilda Gustafsson),Ticket,Family
207,0,3,male,32,1,0,3101278,15.85,S,,,Backstrom,Mr,Karl Alfred,Ticket,Family
69,1,3,female,17,4,2,3101281,7.925,S,,,Andersson,Miss,Erna Alexandra,,Family
51,0,3,male,7,4,1,3101295,39.6875,S,,,Panula,Master,Juha Niilo,Ticket,Family
165,0,3,male,1,4,1,3101295,39.6875,S,,,Panula,Master,Eino Viljami,Ticket,Family
267,0,3,male,16,4,1,3101295,39.6875,S,,,Panula,Mr,Ernesti Arvid,Ticket,Family
639,0,3,female,41,0,5,3101295,39.6875,S,,,Panula,Mrs,Juha (Maria Emilia Ojala),Ticket,Family
687,0,3,male,14,4,1,3101295,39.6875,S,,,Panula,Mr,Jaako Arnold,Ticket,Family
825,0,3,male,2,4,1,3101295,39.6875,S,,,Panula,Master,Urho Abraham,Ticket,Family
529,0,3,male,39,0,0,3101296,7.925,S,,,Salonen,Mr,Johan Werner,,
480,1,3,female,2,0,1,3101298,12.2875,S,,,Hirvonen,Miss,Hildur E,,
38,0,3,male,21,0,0,A./5. 2152,8.05,S,,,Cann,Mr,Ernest Charles,,
590,0,3,male,,0,0,A./5. 3235,8.05,S,,,Murdlin,Mr,Joseph,,
153,0,3,male,55.5,0,0,A.5. 11206,8.05,S,,,Meo,Mr,Alfonzo,,
489,0,3,male,30,0,0,A.5. 18509,8.05,S,,,Somerton,Mr,Francis William,,
495,0,3,male,21,0,0,A/4 45380,8.05,S,,,Stanley,Mr,Edward Roland,,Family
566,0,3,male,24,2,0,A/4 48871,24.15,S,,,Davies,Mr,Alfred J,Ticket,Family
812,0,3,male,39,0,0,A/4 48871,24.15,S,,,Lester,Mr,James,Ticket,
575,0,3,male,16,0,0,A/4. 20589,8.05,S,,,Rush,Mr,Alfred George John,,
426,0,3,male,,0,0,A/4. 34244,7.25,S,,,Wiseman,Mr,Phillippe,,
52,0,3,male,21,0,0,A/4. 39886,7.8,S,,,Nosworthy,Mr,Richard Cater,,
1,0,3,male,22,1,0,A/5 21171,7.25,S,,,Braund,Mr,Owen Harris,,Family
321,0,3,male,22,0,0,A/5 21172,7.25,S,,,Dennis,Mr,Samuel,,
228,0,3,male,20.5,0,0,A/5 21173,7.25,S,,,Lovell,Mr,"John Hall (""Henry"")",,
213,0,3,male,22,0,0,A/5 21174,7.25,S,,,Perkin,Mr,John Henry,,
305,0,3,male,,0,0,A/5 2466,8.05,S,,,Williams,Mr,"Howard Hugh ""Harry""",,Family
455,0,3,male,,0,0,A/5 2817,8.05,S,,,Peduzzi,Mr,Joseph,,
669,0,3,male,43,0,0,A/5 3536,8.05,S,,,Cook,Mr,Jacob,,
205,1,3,male,18,0,0,A/5 3540,8.05,S,,,Cohen,Mr,"Gurshon ""Gus""",,
483,0,3,male,50,0,0,A/5 3594,8.05,S,,,Rouse,Mr,Richard Henry,,
593,0,3,male,47,0,0,A/5 3902,7.25,S,,,Elsbury,Mr,William James,,
284,1,3,male,19,0,0,A/5. 10482,8.05,S,,,Dorking,Mr,Edward Arthur,,
422,0,3,male,21,0,0,A/5. 13032,7.7333,Q,,,Charters,Mr,David,,
13,0,3,male,20,0,0,A/5. 2151,8.05,S,,,Saundercock,Mr,William Henry,,
254,0,3,male,30,1,0,A/5. 3336,16.1,S,,,Lobb,Mr,William Arthur,Ticket,Family
618,0,3,female,26,1,0,A/5. 3336,16.1,S,,,Lobb,Mrs,William Arthur (Cordelia K Stanlick),Ticket,Family
133,0,3,female,47,1,0,A/5. 3337,14.5,S,,,Robins,Mrs,Alexander A (Grace Charity Laury),,
154,0,3,male,40.5,0,2,A/5. 851,14.5,S,,,van Billiard,Mr,Austin Blyler,,
465,0,3,male,,0,0,A/S 2816,8.05,S,,,Maisner,Mr,Simon,,
122,0,3,male,,0,0,A4. 54510,8.05,S,,,Moore,Mr,Leonard Charles,,
128,1,3,male,24,0,0,C 17369,7.1417,S,,,Madsen,Mr,Fridtjof Arne,,
509,0,3,male,28,0,0,C 4001,22.525,S,,,Olsen,Mr,Henry Margido,,Family
819,0,3,male,43,0,0,C 7075,6.45,S,,,Holm,Mr,John Fredrik Alexander,,
366,0,3,male,30,0,0,C 7076,7.25,S,,,Adahl,Mr,Mauritz Nils Martin,,
377,1,3,female,22,0,0,C 7077,7.25,S,,,Landergren,Miss,Aurora Adelia,,
266,0,2,male,36,0,0,C.A. 17248,10.5,S,,,Reeves,Mr,David,,
440,0,2,male,31,0,0,C.A. 18723,10.5,S,,,Kvillner,Mr,Johan Henrik Johannesson,,
94,0,3,male,26,1,2,C.A. 2315,20.575,S,,,Dean,Mr,Bertram Frank,Ticket,Family
789,1,3,male,1,1,2,C.A. 2315,20.575,S,,,Dean,Master,Bertram Vere,Ticket,Family
34,0,2,male,66,0,0,C.A. 24579,10.5,S,,,Wheadon,Mr,Edward H,,
673,0,2,male,70,0,0,C.A. 24580,10.5,S,,,Mitchell,Mr,Henry Michael,,
280,1,3,female,35,1,1,C.A. 2673,20.25,S,,,Abbott,Mrs,Stanton (Rosa Hunt),Ticket,Family
747,0,3,male,16,1,1,C.A. 2673,20.25,S,,,Abbott,Mr,Rossmore Edward,Ticket,Family
135,0,2,male,25,0,0,C.A. 29178,13,S,,,Sobey,Mr,Samuel James Hayden,,
67,1,2,female,29,0,0,C.A. 29395,10.5,S,F,1,Nye,Mrs,(Elizabeth Ramell),,
235,0,2,male,24,0,0,C.A. 29566,10.5,S,,,Leyson,Mr,Robert William Norman,,
57,1,2,female,21,0,0,C.A. 31026,10.5,S,,,Rugg,Miss,Emily,,
238,1,2,female,8,0,2,C.A. 31921,26.25,S,,,Collyer,Miss,"Marjorie ""Lottie""",Ticket,Family
638,0,2,male,31,1,1,C.A. 31921,26.25,S,,,Collyer,Mr,Harvey,Ticket,Family
802,1,2,female,31,1,1,C.A. 31921,26.25,S,,,Collyer,Mrs,Harvey (Charlotte Annie Tate),Ticket,Family
71,0,2,male,32,0,0,C.A. 33111,10.5,S,,,Jenkin,Mr,Stephen Curnow,,
550,1,2,male,8,1,1,C.A. 33112,36.75,S,,,Davies,Master,John Morgan Jr,Ticket,Family
146,0,2,male,19,1,1,C.A. 33112,36.75,S,,,Nicholls,Mr,Joseph Charles,Ticket,
162,1,2,female,40,0,0,C.A. 33595,15.75,S,,,Watt,Mrs,"James (Elizabeth ""Bessie"" Inglis Milne)",,
517,1,2,female,34,0,0,C.A. 34260,10.5,S,F,1,Lemore,Mrs,(Amelia Milley),,
59,1,2,female,5,1,2,C.A. 34651,27.75,S,,,West,Miss,Constance Mirium,Ticket,Family
451,0,2,male,36,1,2,C.A. 34651,27.75,S,,,West,Mr,Edwy Arthur,Ticket,Family
473,1,2,female,33,1,2,C.A. 34651,27.75,S,,,West,Mrs,Edwy Arthur (Ada Mary Worth),Ticket,Family
349,1,3,male,3,1,1,C.A. 37671,15.9,S,,,Coutts,Master,"William Loch ""William""",Ticket,Family
490,1,3,male,9,1,1,C.A. 37671,15.9,S,,,Coutts,Master,"Eden Leslie ""Neville""",Ticket,Family
846,0,3,male,42,0,0,C.A. 5547,7.55,S,,,Abbing,Mr,Anthony,,
498,0,3,male,,0,0,C.A. 6212,15.1,S,,,Shellard,Mr,Frederick William,,
884,0,2,male,28,0,0,C.A./SOTON 34068,10.5,S,,,Banfield,Mr,Frederick James,,
60,0,3,male,11,5,2,CA 2144,46.9,S,,,Goodwin,Master,William Frederick,Ticket,Family
72,0,3,female,16,5,2,CA 2144,46.9,S,,,Goodwin,Miss,Lillian Amy,Ticket,Family
387,0,3,male,1,5,2,CA 2144,46.9,S,,,Goodwin,Master,Sidney Leonard,Ticket,Family
481,0,3,male,9,5,2,CA 2144,46.9,S,,,Goodwin,Master,Harold Victor,Ticket,Family
679,0,3,female,43,1,6,CA 2144,46.9,S,,,Goodwin,Mrs,Frederick (Augusta Tyler),Ticket,Family
684,0,3,male,14,5,2,CA 2144,46.9,S,,,Goodwin,Mr,Charles Edward,Ticket,Family
650,1,3,female,23,0,0,CA. 2314,7.55,S,,,Stanley,Miss,Amy Zillah Elsie,,Family
160,0,3,male,,8,2,CA. 2343,69.55,S,,,Sage,Master,Thomas Henry,Ticket,Family
181,0,3,female,,8,2,CA. 2343,69.55,S,,,Sage,Miss,Constance Gladys,Ticket,Family
202,0,3,male,,8,2,CA. 2343,69.55,S,,,Sage,Mr,Frederick,Ticket,Family
325,0,3,male,,8,2,CA. 2343,69.55,S,,,Sage,Mr,George John Jr,Ticket,Family
793,0,3,female,,8,2,CA. 2343,69.55,S,,,Sage,Miss,Stella Anna,Ticket,Family
847,0,3,male,,8,2,CA. 2343,69.55,S,,,Sage,Mr,Douglas Bullen,Ticket,Family
864,0,3,female,,8,2,CA. 2343,69.55,S,,,Sage,Miss,"Dorothy Edith ""Dolly""",Ticket,Family
672,0,1,male,31,1,0,F.C. 12750,52,S,B,1,Davidson,Mr,Thornton,,
212,1,2,female,35,0,0,F.C.C. 13528,21,S,,,Cameron,Miss,Clear Annie,,
315,0,2,male,43,1,1,F.C.C. 13529,26.25,S,,,Hart,Mr,Benjamin,Ticket,Family
441,1,2,female,45,1,1,F.C.C. 13529,26.25,S,,,Hart,Mrs,Benjamin (Esther Ada Bloomfield),Ticket,Family
536,1,2,female,7,0,2,F.C.C. 13529,26.25,S,,,Hart,Miss,Eva Miriam,Ticket,Family
459,1,2,female,50,0,0,F.C.C. 13531,10.5,S,,,Toomey,Miss,Ellen,,
155,0,3,male,,0,0,Fa 265302,7.3125,S,,,Olsen,Mr,Ole Martin,,Family
303,0,3,male,19,0,0,LINE,0,S,,,Johnson,Mr,William Cahoone Jr,Ticket,Family
598,0,3,male,49,0,0,LINE,0,S,,,Johnson,Mr,Alfred,Ticket,Family
180,0,3,male,36,0,0,LINE,0,S,,,Leonard,Mr,Lionel,Ticket,
272,1,3,male,25,0,0,LINE,0,S,,,Tornquist,Mr,William Henry,Ticket,
309,0,2,male,30,1,0,P/PP 3381,24,C,,,Abelson,Mr,Samuel,Ticket,Family
875,1,2,female,28,1,0,P/PP 3381,24,C,,,Abelson,Mrs,Samuel (Hannah Wizosky),Ticket,Family
169,0,1,male,,0,0,PC 17318,25.925,S,,,Baumann,Mr,John D,,
513,1,1,male,36,0,0,PC 17473,26.2875,S,E,1,McGough,Mr,James Robert,,
573,1,1,male,36,0,0,PC 17474,26.3875,S,E,1,Flynn,Mr,"John Irwin (""Irving"")",,Family
702,1,1,male,35,0,0,PC 17475,26.2875,S,E,1,Silverthorne,Mr,Spencer Victor,,
708,1,1,male,42,0,0,PC 17476,26.2875,S,E,1,Calderhead,Mr,Edward Pennington,,
370,1,1,female,24,0,0,PC 17477,69.3,C,B,1,Aubart,Mme,Leontine Pauline,Ticket,
642,1,1,female,24,0,0,PC 17477,69.3,C,B,1,Sagesser,Mlle,Emma,Ticket,
711,1,1,female,24,0,0,PC 17482,49.5042,C,C,1,Mayne,Mlle,"Berthe Antonine (""Mrs de Villiers"")",,
528,0,1,male,,0,0,PC 17483,221.7792,S,C,1,Farthing,Mr,John,,
600,1,1,male,49,1,0,PC 17485,56.9292,C,A,1,Duff Gordon,Sir,"Cosmo Edmund (""Mr Morgan"")",Ticket,Family
310,1,1,female,30,0,0,PC 17485,56.9292,C,E,1,Francatelli,Miss,Laura Mabel,Ticket,
119,0,1,male,24,0,1,PC 17558,247.5208,C,B,2,Baxter,Mr,Quigg Edmond,Ticket,Family
300,1,1,female,50,0,1,PC 17558,247.5208,C,B,2,Baxter,Mrs,James (Helene DeLaudeniere Chaput),Ticket,Family
196,1,1,female,58,0,0,PC 17569,146.5208,C,B,1,Lurette,Miss,Elise,Ticket,
32,1,1,female,,1,0,PC 17569,146.5208,C,B,1,Spencer,Mrs,William Augustus (Marie Eugenie),Ticket,
53,1,1,female,49,1,0,PC 17572,76.7292,C,D,1,Harper,Mrs,Henry Sleeper (Myna Haxtun),Ticket,Family
646,1,1,male,48,1,0,PC 17572,76.7292,C,D,1,Harper,Mr,Henry Sleeper,Ticket,Family
682,1,1,male,27,0,0,PC 17572,76.7292,C,D,1,Hassab,Mr,Hammad,Ticket,
269,1,1,female,58,0,1,PC 17582,153.4625,S,C,1,Graham,Mrs,William Thompson (Edith Junkins),Ticket,Family
333,0,1,male,38,0,1,PC 17582,153.4625,S,C,1,Graham,Mr,George Edward,Ticket,Family
610,1,1,female,40,0,0,PC 17582,153.4625,S,C,1,Shutes,Miss,Elizabeth W,Ticket,
257,1,1,female,,0,0,PC 17585,79.2,C,,,Thorne,Mrs,Gertrude Maybelle,,
868,0,1,male,31,0,0,PC 17590,50.4958,S,A,1,Roebling,Mr,Washington Augustus II,,
854,1,1,female,16,0,1,PC 17592,39.4,S,D,1,Lines,Miss,Mary Conover,,
140,0,1,male,24,0,0,PC 17593,79.2,C,B,1,Giglio,Mr,Victor,Ticket,
790,0,1,male,46,0,0,PC 17593,79.2,C,B,2,Guggenheim,Mr,Benjamin,Ticket,
178,0,1,female,50,0,0,PC 17595,28.7125,C,C,1,Isham,Miss,Ann Elizabeth,,
274,0,1,male,37,0,1,PC 17596,29.7,C,C,1,Natsch,Mr,Charles H,,
156,0,1,male,51,0,1,PC 17597,61.3792,C,,,Williams,Mr,Charles Duane,,Family
2,1,1,female,38,1,0,PC 17599,71.2833,C,C,1,Cumings,Mrs,John Bradley (Florence Briggs Thayer),,
794,0,1,male,,0,0,PC 17600,30.6958,C,,,Hoyt,Mr,William Fisher,,Family
31,0,1,male,40,0,0,PC 17601,27.7208,C,,,Uruchurtu,Don,Manuel E,,
514,1,1,female,54,1,0,PC 17603,59.4,C,,,Rothschild,Mrs,Martin (Elizabeth L,,
35,0,1,male,28,1,0,PC 17604,82.1708,C,,,Meyer,Mr,Edgar Joseph,Ticket,Family
376,1,1,female,,1,0,PC 17604,82.1708,C,,,Meyer,Mrs,Edgar Joseph (Leila Saks),Ticket,Family
65,0,1,male,,0,0,PC 17605,27.7208,C,,,Stewart,Mr,Albert A,,
312,1,1,female,18,2,2,PC 17608,262.375,C,B,4,Ryerson,Miss,Emily Borie,Ticket,Family
743,1,1,female,21,2,2,PC 17608,262.375,C,B,4,Ryerson,Miss,"Susan Parker ""Suzette""",Ticket,Family
494,0,1,male,71,0,0,PC 17609,49.5042,C,,,Artagaveytia,Mr,Ramon,,
195,1,1,female,44,0,0,PC 17610,27.7208,C,B,1,Brown,Mrs,James Joseph (Margaret Tobin),,Family
335,1,1,female,,1,0,PC 17611,133.65,S,,,Frauenthal,Mrs,Henry William (Clara Heinsheimer),Ticket,Family
661,1,1,male,50,2,0,PC 17611,133.65,S,,,Frauenthal,Dr,Henry William,Ticket,Family
296,0,1,male,,0,0,PC 17612,27.7208,C,,,Lewy,Mr,Ervin G,,
97,0,1,male,71,0,0,PC 17754,34.6542,C,A,1,Goldschmidt,Mr,George B,,
680,1,1,male,36,0,1,PC 17755,512.3292,C,B,3,Cardeza,Mr,Thomas Drake Martinez,Ticket,
738,1,1,male,35,0,0,PC 17755,512.3292,C,B,1,Lesurer,Mr,Gustave J,Ticket,
259,1,1,female,35,0,0,PC 17755,512.3292,C,,,Ward,Miss,Anna,Ticket,
836,1,1,female,39,1,1,PC 17756,83.1583,C,E,1,Compton,Miss,Sara Rebecca,,
701,1,1,female,18,1,0,PC 17757,227.525,C,C,2,Astor,Mrs,John Jacob (Madeleine Talmadge Force),Ticket,
381,1,1,female,42,0,0,PC 17757,227.525,C,,,Bidois,Miss,Rosalie,Ticket,
717,1,1,female,38,0,0,PC 17757,227.525,C,C,1,Endres,Miss,Caroline Louise,Ticket,
558,0,1,male,,0,0,PC 17757,227.525,C,,,Robbins,Mr,Victor,Ticket,
308,1,1,female,17,1,0,PC 17758,108.9,C,C,1,Penasco y Castellana,Mrs,Victor de Satode (Maria Josefa Perez de Soto y Vallejo),Ticket,Family
506,0,1,male,18,1,0,PC 17758,108.9,C,C,1,Penasco y Castellana,Mr,Victor de Satode,Ticket,Family
98,1,1,male,23,0,1,PC 17759,63.3583,C,D,2,Greenfield,Mr,William Bertram,,
270,1,1,female,35,0,0,PC 17760,135.6333,S,C,1,Bissette,Miss,Amelia,Ticket,
374,0,1,male,22,0,0,PC 17760,135.6333,C,,,Ringhini,Mr,Sante,Ticket,
326,1,1,female,36,0,0,PC 17760,135.6333,C,C,1,Young,Miss,Marie Grice,Ticket,
545,0,1,male,50,1,0,PC 17761,106.425,C,C,1,Douglas,Mr,Walter Donald,Ticket,
538,1,1,female,30,0,0,PC 17761,106.425,C,,,LeRoy,Miss,Bertha,Ticket,
226,0,3,male,22,0,0,PP 4348,9.35,S,,,Berglund,Mr,Karl Ivar Sven,,
11,1,3,female,4,1,1,PP 9549,16.7,S,G,1,Sandstrom,Miss,Marguerite Rut,Ticket,Family
395,1,3,female,24,0,2,PP 9549,16.7,S,G,1,Sandstrom,Mrs,Hjalmar (Agnes Charlotta Bengtsson),Ticket,Family
46,0,3,male,,0,0,S.C./A.4. 23567,8.05,S,,,Rogers,Mr,William John,,
818,0,2,male,31,1,1,S.C./PARIS 2079,37.0042,C,,,Mallet,Mr,Albert,Ticket,Family
828,1,2,male,1,0,2,S.C./PARIS 2079,37.0042,C,,,Mallet,Master,Andre,Ticket,Family
773,0,2,female,57,0,0,S.O./P.P. 3,10.5,S,E,1,Mack,Mrs,(Mary),Ticket,
842,0,2,male,16,0,0,S.O./P.P. 3,10.5,S,,,Mudd,Mr,Thomas Charles,Ticket,
649,0,3,male,,0,0,S.O./P.P. 751,7.55,S,,,Willey,Mr,Edward,,
386,0,2,male,18,0,0,S.O.C. 14879,73.5,S,,,Davies,Mr,Charles Henry,Ticket,Family
121,0,2,male,21,2,0,S.O.C. 14879,73.5,S,,,Hickman,Mr,Stanley George,Ticket,Family
656,0,2,male,24,2,0,S.O.C. 14879,73.5,S,,,Hickman,Mr,Leonard Mark,Ticket,Family
666,0,2,male,32,2,0,S.O.C. 14879,73.5,S,,,Hickman,Mr,Lewis,Ticket,Family
73,0,2,male,21,0,0,S.O.C. 14879,73.5,S,,,Hood,Mr,Ambrose Jr,Ticket,
151,0,2,male,51,0,0,S.O.P. 1166,12.525,S,,,Bateman,Rev,Robert James,,
68,0,3,male,19,0,0,S.P. 3464,8.1583,S,,,Crease,Mr,Ernest James,,
571,1,2,male,62,0,0,S.W./PP 752,10.5,S,,,Harris,Mr,George,,Family
390,1,2,female,17,0,0,SC 1748,12,C,,,Lehmann,Miss,Bertha,,
595,0,2,male,37,1,0,SC/AH 29037,26,S,,,Chapman,Mr,John Henry,,Family
433,1,2,female,42,1,0,SC/AH 3085,26,S,,,Louch,Mrs,Charles Alexander (Alice Adelaide Slow),,
474,1,2,female,23,0,0,SC/AH Basle 541,13.7917,C,D,1,Jerwan,Mrs,Amin S (Marie Marthe Thuillard),,
44,1,2,female,3,1,2,SC/Paris 2123,41.5792,C,,,Laroche,Miss,Simonne Marie Anne Andree,Ticket,Family
609,1,2,female,22,1,2,SC/Paris 2123,41.5792,C,,,Laroche,Mrs,Joseph (Juliette Marie Louise Lafargue),Ticket,Family
686,0,2,male,25,1,2,SC/Paris 2123,41.5792,C,,,Laroche,Mr,Joseph Philippe Lemercier,Ticket,Family
182,0,2,male,,0,0,SC/PARIS 2131,15.05,C,,,Pernot,Mr,Rene,,
136,0,2,male,23,0,0,SC/PARIS 2133,15.0458,C,,,Richard,Mr,Emile,,
548,1,2,male,,0,0,SC/PARIS 2146,13.8625,C,,,Padro y Manent,Mr,Julian,,
867,1,2,female,27,1,0,SC/PARIS 2149,13.8583,C,,,Duran y More,Miss,Asuncion,,
293,0,2,male,36,0,0,SC/Paris 2163,12.875,C,D,1,Levy,Mr,Rene Jacques,,
362,0,2,male,29,1,0,SC/PARIS 2167,27.7208,C,,,del Carlo,Mr,Sebastiano,,
240,0,2,male,33,0,0,SCO/W 1585,12.275,S,,,Hunt,Mr,George Henry,,
85,1,2,female,17,0,0,SO/C 14885,10.5,S,,,Ilett,Miss,Bertha,,
612,0,3,male,,0,0,SOTON/O.Q. 3101305,7.05,S,,,Jardin,Mr,Jose Neto,,
466,0,3,male,38,0,0,SOTON/O.Q. 3101306,7.05,S,,,Goncalves,Mr,Manuel Estanslas,,
132,0,3,male,20,0,0,SOTON/O.Q. 3101307,7.05,S,,,Coelho,Mr,Domingos Fernandeo,,
364,0,3,male,35,0,0,SOTON/O.Q. 3101310,7.05,S,,,Asim,Mr,Adola,,
211,0,3,male,24,0,0,SOTON/O.Q. 3101311,7.05,S,,,Ali,Mr,Ahmed,,Family
785,0,3,male,25,0,0,SOTON/O.Q. 3101312,7.05,S,,,Ali,Mr,William,,Family
430,1,3,male,32,0,0,SOTON/O.Q. 392078,8.05,S,E,1,Pickard,Mr,Berk (Berk Trembisky),,
565,0,3,female,,0,0,SOTON/O.Q. 392087,8.05,S,,,Meanwell,Miss,(Marion Ogden),,
762,0,3,male,41,0,0,SOTON/O2 3101272,7.125,S,,,Nirva,Mr,Iisakki Antino Aijo,,
841,0,3,male,20,0,0,SOTON/O2 3101287,7.925,S,,,Alhomaki,Mr,Ilmari Rudolf,,
512,0,3,male,,0,0,SOTON/OQ 3101316,8.05,S,,,Webber,Mr,James,,Family
492,0,3,male,21,0,0,SOTON/OQ 3101317,7.25,S,,,Windelov,Mr,Einar,,
885,0,3,male,25,0,0,SOTON/OQ 392076,7.05,S,,,Sutehall,Mr,Henry Jr,,
564,0,3,male,,0,0,SOTON/OQ 392082,8.05,S,,,Simmons,Mr,John,,
88,0,3,male,,0,0,SOTON/OQ 392086,8.05,S,,,Slocovski,Mr,Selman Francis,,
221,1,3,male,16,0,0,SOTON/OQ 392089,8.05,S,,,Sunderland,Mr,Victor Francis,,
158,0,3,male,30,0,0,SOTON/OQ 392090,8.05,S,,,Corn,Mr,Harry,,
415,1,3,male,44,0,0,STON/O 2. 3101269,7.925,S,,,Sundman,Mr,Johan Julian,,
591,0,3,male,35,0,0,STON/O 2. 3101273,7.125,S,,,Rintamaki,Mr,Matti,,
434,0,3,male,17,0,0,STON/O 2. 3101274,7.125,S,,,Kallio,Mr,Nikolai Erland,,
244,0,3,male,22,0,0,STON/O 2. 3101275,7.125,S,,,Maenpaa,Mr,Matti Alexanteri,,
174,0,3,male,21,0,0,STON/O 2. 3101280,7.925,S,,,Sivola,Mr,Antti Wilhelm,,
665,1,3,male,20,1,0,STON/O 2. 3101285,7.925,S,,,Lindqvist,Mr,Eino William,,
580,1,3,male,32,0,0,STON/O 2. 3101286,7.925,S,,,Jussila,Mr,Eiriik,,Family
745,1,3,male,31,0,0,STON/O 2. 3101288,7.925,S,,,Stranden,Mr,Juho,,
401,1,3,male,39,0,0,STON/O 2. 3101289,7.925,S,,,Niskanen,Mr,Juha,,
637,0,3,male,32,0,0,STON/O 2. 3101292,7.925,S,,,Leinonen,Mr,Antti Gustaf,,
383,0,3,male,32,0,0,STON/O 2. 3101293,7.925,S,,,Tikkanen,Mr,Juho,,
116,0,3,male,21,0,0,STON/O 2. 3101294,7.925,S,,,Pekoniemi,Mr,Edvard,,
730,0,3,female,25,1,0,STON/O2. 3101271,7.925,S,,,Ilmakangas,Miss,Pieta Sofia,,
143,1,3,female,24,1,0,STON/O2. 3101279,15.85,S,,,Hakkarainen,Mrs,Pekka Pietari (Elin Matilda Dolck),Ticket,Family
404,0,3,male,28,1,0,STON/O2. 3101279,15.85,S,,,Hakkarainen,Mr,Pekka Pietari,Ticket,Family
3,1,3,female,26,0,0,STON/O2. 3101282,7.925,S,,,Heikkinen,Miss,Laina,,
217,1,3,female,27,0,0,STON/O2. 3101283,7.925,S,,,Honkanen,Miss,Eliina,,
817,0,3,female,23,0,0,STON/O2. 3101290,7.925,S,,,Heininen,Miss,Wendla Maria,,
227,1,2,male,19,0,0,SW/PP 751,10.5,S,,,Mellors,Mr,William John,,
527,1,2,female,50,0,0,W./C. 14258,10.5,S,,,Ridsdale,Miss,Lucy,,
243,0,2,male,29,0,0,W./C. 14263,10.5,S,,,Coleridge,Mr,Reginald Charles,,
784,0,3,male,,1,2,W./C. 6607,23.45,S,,,Johnston,Mr,Andrew G,Ticket,Family
889,0,3,female,,1,2,W./C. 6607,23.45,S,,,Johnston,Miss,"Catherine Helen ""Carrie""",Ticket,Family
87,0,3,male,16,1,3,W./C. 6608,34.375,S,,,Ford,Mr,William Neal,Ticket,Family
148,0,3,female,9,2,2,W./C. 6608,34.375,S,,,Ford,Miss,"Robina Maggie ""Ruby""",Ticket,Family
437,0,3,female,21,2,2,W./C. 6608,34.375,S,,,Ford,Miss,"Doolina Margaret ""Daisy""",Ticket,Family
737,0,3,female,48,1,3,W./C. 6608,34.375,S,,,Ford,Mrs,Edward (Margaret Ann Watson),Ticket,Family
236,0,3,female,,0,0,W./C. 6609,7.55,S,,,Harknett,Miss,Alice Phoebe,,
93,0,1,male,46,1,0,W.E.P. 5734,61.175,S,E,1,Chaffee,Mr,Herbert Fuller,,
220,0,2,male,30,0,0,W/C 14208,10.5,S,,,Harris,Mr,Walter,,Family
541,1,1,female,36,0,2,WE/P 5735,71,S,B,1,Crosby,Miss,Harriet R,Ticket,Family
746,0,1,male,70,1,1,WE/P 5735,71,S,B,1,Crosby,Capt,Edward Gifford,Ticket,Family
