Respondent.ID,Product.ID,Product,Instant.Liking,q1_1.personal.opinion.of.this.Deodorant,q2_all.words,q3_1.strength.of.the.Deodorant,q4_1.artificial.chemical,q4_2.attractive,q4_3.bold,q4_4.boring,q4_5.casual,q4_6.cheap,q4_7.clean,q4_8.easy.to.wear,q4_9.elegant,q4_10.feminine,q4_11.for.someone.like.me,q4_12.heavy,q4_13.high.quality,q4_14.long.lasting,q4_15.masculine,q4_16.memorable,q4_17.natural,q4_18.old.fashioned,q4_19.ordinary,q4_20.overpowering,q4_21.sharp,q4_22.sophisticated,q4_23.upscale,q4_24.well.rounded,q5_1.Deodorant.is.addictive,q7,q8.1,q8.2,q8.3,q8.4,q8.5,q8.6,q8.7,q8.8,q8.9,q8.10,q8.11,q8.12,q8.13,q8.14,q8.15,q8.16,q8.17,q8.18,q8.19,q8.20,q9.how.likely.would.you.be.to.purchase.this.Deodorant,q10.prefer.this.Deodorant.or.your.usual.Deodorant,q11.time.of.day.would.this.Deodorant.be.appropriate,q12.which.occasions.would.this.Deodorant.be.appropriate,Q13_Liking.after.30.minutes,q14.Deodorant.overall.on.a.scale.from.1.to.10,ValSegb,s7.involved.in.the.selection.of.the.cosmetic.products,s8.ethnic.background,s9.education,s10.income,s11.marital.status,s12.working.status,s13.2,s13a.b.most.often,s13b.bottles.of.Deodorant.do.you.currently.own
3800,121,Deodorant B,1,4,1,4,2,5,4,2,3,5,5,5,4,5,3,1,5,1,2,4,5,4,5,1,1,4,1,4,1,1,0,0,,,0,0,,1,,,0,0,0,,,,,,0,0,2,1,1,2,1,7,7,4,1,4,3,1,1,0,0,3
3801,121,Deodorant B,0,5,1,4,4,2,2,1,3,2,4,4,4,3,1,1,3,4,4,5,3,3,4,2,2,5,4,4,4,4,0,0,,,0,1,,0,,,0,0,0,,,,,,0,0,3,5,3,3,3,8,6,4,1,4,3,1,1,0,0,4
3802,121,Deodorant B,0,6,1,3,2,5,2,4,2,4,3,5,4,4,4,3,1,2,1,4,2,4,3,2,5,4,4,3,4,3,0,0,,,0,0,,0,,,0,0,0,,,,,,0,0,5,1,3,3,2,5,7,4,1,3,5,1,1,0,0,2
3803,121,Deodorant B,1,4,0,4,5,5,4,3,5,2,5,3,5,5,5,1,4,3,3,5,5,4,2,5,3,3,5,4,4,3,0,0,,,0,0,,0,,,0,0,0,,,,,,0,0,5,4,1,3,6,8,1,4,1,4,9,1,3,0,0,3
3804,121,Deodorant B,1,4,1,2,1,3,1,1,3,3,5,3,5,5,5,1,4,4,2,3,5,1,2,4,2,3,1,5,3,2,0,0,,,0,0,,0,,,0,0,0,,,,,,0,0,5,3,3,2,5,4,4,4,1,3,5,1,2,0,0,3
3805,121,Deodorant B,0,5,1,5,5,5,2,1,4,5,5,2,4,4,3,2,4,5,2,3,4,2,2,3,1,5,5,4,1,3,0,0,,,0,0,,0,,,0,0,0,,,,,,0,0,5,4,2,2,6,7,7,4,1,4,5,2,2,0,0,2
3806,121,Deodorant B,0,7,0,2,3,2,3,2,4,2,4,4,5,3,5,3,3,4,2,3,4,1,4,3,1,5,3,5,1,2,0,1,,,0,0,,0,,,0,0,0,,,,,,0,0,5,4,3,3,6,4,6,4,1,3,2,2,6,0,0,5
3807,121,Deodorant B,0,5,2,3,1,4,3,1,1,1,5,2,3,4,1,2,3,5,2,5,5,1,3,5,3,4,4,3,3,4,0,0,,,0,0,,0,,,0,0,0,,,,,,0,0,2,1,2,1,6,5,2,4,2,3,7,1,2,0,0,3
3808,121,Deodorant B,0,6,0,3,2,5,3,4,5,3,3,4,2,1,5,1,5,5,1,5,1,2,2,3,1,4,3,5,3,2,0,0,,,0,0,,0,,,0,1,0,,,,,,0,0,4,4,3,1,7,6,3,4,1,4,5,3,1,0,0,4
3809,121,Deodorant B,1,4,1,3,2,5,4,1,2,1,4,3,5,5,3,3,1,4,3,4,5,4,4,1,1,3,3,4,2,2,0,0,,,0,0,,0,,,0,0,0,,,,,,0,0,5,3,1,2,2,7,3,4,3,4,6,2,1,0,0,2
3810,121,Deodorant B,0,6,0,3,1,3,4,1,5,3,3,4,2,4,5,1,4,5,1,4,2,5,2,2,1,3,4,1,4,1,0,0,,,0,0,,0,,,0,0,0,,,,,,0,0,2,1,3,1,7,3,2,4,1,4,2,2,1,0,0,3
3811,121,Deodorant B,0,5,1,5,4,4,4,2,2,2,4,2,4,5,3,5,4,5,2,3,4,5,4,5,5,5,3,4,2,2,0,0,,,0,0,,0,,,0,0,0,,,,,,0,0,3,5,3,1,2,5,5,4,3,3,6,1,2,0,0,5
3812,121,Deodorant B,0,5,1,4,5,3,2,2,5,1,3,5,5,5,4,3,4,5,1,4,4,3,2,5,5,5,3,5,5,0,0,0,,,0,0,,0,,,0,0,0,,,,,,0,0,2,3,3,1,2,1,7,4,1,2,4,2,1,0,0,3
3813,121,Deodorant B,1,3,0,3,1,3,4,1,1,2,5,5,4,2,5,5,3,5,5,5,2,1,3,5,4,3,2,3,4,0,0,0,,,0,0,,0,,,0,0,0,,,,,,0,1,4,4,3,3,7,1,2,4,1,5,3,2,1,0,0,1
3814,121,Deodorant B,1,1,1,3,3,5,4,5,4,1,4,5,5,5,2,1,2,4,4,5,1,2,2,1,4,5,4,4,1,0,0,0,,,0,0,,0,,,0,0,0,,,,,,0,0,3,4,3,3,5,5,5,4,1,2,3,1,1,0,0,1
3815,121,Deodorant B,0,6,0,2,4,4,3,5,4,2,4,2,4,5,1,4,4,3,2,5,1,5,4,1,5,3,3,4,5,3,0,0,,,0,0,,0,,,0,0,0,,,,,,0,0,3,2,3,3,1,9,2,4,1,3,5,2,1,0,0,3
3816,121,Deodorant B,0,7,1,3,5,2,5,1,2,1,3,2,4,5,1,1,4,2,1,5,4,1,5,5,3,1,4,1,2,0,0,0,,,0,0,,0,,,0,0,0,,,,,,0,1,5,5,1,3,5,8,4,4,4,4,5,1,3,0,0,6
3817,121,Deodorant B,1,4,0,4,3,4,4,2,4,2,2,5,5,2,5,2,5,5,2,5,3,4,1,2,4,5,3,3,5,1,0,0,,,0,0,,0,,,0,0,0,,,,,,0,0,4,5,2,2,4,6,2,4,1,3,10,1,2,0,0,3
3818,121,Deodorant B,0,6,2,3,4,5,4,5,3,5,5,4,3,5,5,2,5,4,4,4,4,1,4,1,5,1,5,3,3,2,0,0,,,0,0,,0,,,0,0,0,,,,,,0,0,5,2,2,3,2,5,2,4,2,5,2,1,4,0,0,3
3819,121,Deodorant B,0,7,2,3,2,4,4,1,3,4,4,2,4,2,3,3,5,4,2,3,5,2,2,4,4,5,5,5,2,1,0,0,,,0,0,,1,,,0,1,0,,,,,,0,0,4,5,2,3,6,7,2,4,3,4,10,2,2,0,0,1
3820,121,Deodorant B,0,7,2,3,5,3,5,1,5,2,5,4,3,4,1,2,4,5,1,5,1,2,5,1,4,4,4,4,3,0,0,0,,,0,0,,1,,,0,0,0,,,,,,0,0,1,5,1,3,4,6,2,4,1,3,5,1,1,0,0,5
3821,121,Deodorant B,0,6,0,3,1,5,4,2,2,1,3,5,4,5,3,5,1,5,2,5,3,3,4,5,1,2,4,4,2,2,0,0,,,0,0,,0,,,0,0,0,,,,,,0,0,2,2,3,1,6,7,3,4,1,4,9,1,1,0,0,4
3822,121,Deodorant B,1,4,1,3,4,5,2,2,2,2,5,5,4,3,4,2,4,5,1,2,3,1,3,1,2,5,2,5,3,1,0,0,,,0,0,,0,,,0,0,0,,,,,,0,0,4,2,2,3,7,10,2,4,3,4,5,2,2,0,0,1
3823,121,Deodorant B,0,6,0,2,2,3,3,2,4,2,4,4,2,4,4,1,3,5,2,5,4,1,3,4,3,1,3,3,4,2,0,0,,,0,0,,1,,,0,0,0,,,,,,0,0,1,2,1,3,5,10,3,4,3,2,4,5,1,0,0,6
3824,121,Deodorant B,0,5,0,3,4,5,4,1,5,1,5,4,4,2,1,4,4,4,2,5,1,1,3,2,4,5,3,4,3,3,0,0,,,0,0,,0,,,0,0,0,,,,,,0,0,5,1,3,2,5,9,6,4,2,3,9,2,2,0,0,6
3825,121,Deodorant B,1,3,0,3,5,4,4,1,3,2,4,4,4,5,5,4,2,3,2,5,1,4,5,3,4,4,5,4,2,1,0,0,,,0,0,,0,,,0,0,0,,,,,,0,0,4,5,3,1,1,10,2,4,1,2,2,2,2,0,0,2
3826,121,Deodorant B,0,5,0,3,3,4,2,2,5,3,4,3,2,5,4,2,2,4,1,3,2,1,4,1,5,5,4,4,4,2,0,0,,,0,0,,0,,,0,0,0,,,,,,0,0,5,1,3,3,5,10,2,4,1,2,6,1,1,0,0,3
3827,121,Deodorant B,0,5,1,3,1,1,4,2,3,4,5,1,4,4,5,2,5,5,1,4,4,1,3,5,2,3,3,4,4,3,0,0,,,0,0,,0,,,0,0,1,,,,,,0,0,5,4,3,3,7,10,2,4,4,4,10,2,1,0,0,6
3828,121,Deodorant B,0,5,1,3,3,3,5,2,3,3,5,3,2,4,4,5,3,3,3,5,4,3,4,5,5,5,2,5,4,3,0,0,,,0,0,,0,,,0,0,0,,,,,,0,0,4,3,3,3,2,10,6,4,1,4,5,2,1,0,0,2
3829,121,Deodorant B,0,7,2,3,2,3,5,2,2,4,5,5,5,3,3,3,5,4,1,4,2,3,5,1,2,2,3,4,3,3,0,1,,,0,0,,1,,,0,0,0,,,,,,0,0,3,1,1,3,5,5,3,4,1,4,10,2,1,0,0,5
3830,121,Deodorant B,0,7,1,3,3,1,1,2,4,5,3,3,4,5,3,5,5,5,2,4,3,3,3,4,2,2,5,5,4,2,0,0,,,0,0,,0,,,0,0,0,,,,,,0,0,5,3,1,3,6,9,2,4,3,2,5,3,1,0,0,2
3831,121,Deodorant B,0,5,1,3,3,2,2,3,5,5,2,5,4,2,1,5,4,1,2,3,4,3,3,1,3,5,2,4,1,1,0,0,,,0,0,,0,,,0,0,0,,,,,,0,0,4,3,1,1,4,10,2,4,3,2,2,2,1,0,0,1
3832,121,Deodorant B,1,1,1,3,1,3,5,2,5,4,2,3,4,5,4,1,4,5,1,5,3,2,4,4,3,3,1,4,4,1,0,0,,,0,0,,0,,,0,0,0,,,,,,0,0,1,2,3,2,1,10,5,4,5,3,7,1,2,0,0,4
3833,121,Deodorant B,0,5,3,3,4,4,2,2,5,2,4,5,4,5,5,5,5,3,1,5,2,2,3,3,1,4,3,4,4,2,0,0,,,0,0,,0,,,0,0,0,,,,,,0,0,5,1,2,3,5,10,2,4,5,2,2,1,1,0,0,4
3834,121,Deodorant B,1,1,2,4,1,2,3,1,5,5,4,3,5,3,5,2,5,4,2,4,5,1,2,1,4,2,4,2,3,3,0,0,,,0,0,,0,,,0,0,0,,,,,,0,0,5,5,2,1,6,8,7,4,2,2,5,2,6,0,1,6
3835,121,Deodorant B,0,6,3,3,4,3,3,2,2,2,5,5,5,5,4,3,4,4,1,4,3,2,4,1,2,4,5,2,1,0,0,1,,,0,0,,0,,,0,0,1,,,,,,0,0,5,5,2,1,7,7,7,4,1,4,5,2,1,0,0,3
3836,121,Deodorant B,0,5,0,4,2,3,3,3,5,2,4,5,2,2,4,1,2,3,1,4,3,1,5,2,5,5,3,1,1,3,0,0,,,0,0,,0,,,0,0,0,,,,,,0,0,4,5,3,2,7,9,2,4,1,6,4,2,5,0.5,0,1
3837,121,Deodorant B,1,2,1,3,1,3,3,1,4,2,3,1,4,5,2,1,5,5,1,4,4,5,2,1,2,4,1,4,4,1,0,0,,,0,1,,0,,,0,0,0,,,,,,0,0,5,2,1,2,5,7,2,4,1,2,9,2,5,0,0,2
3838,121,Deodorant B,0,6,0,3,2,5,5,2,5,2,4,5,4,5,3,5,4,2,1,4,5,3,2,4,4,4,4,5,3,0,0,0,,,0,0,,0,,,0,0,0,,,,,,0,0,4,3,3,3,5,9,3,4,1,2,8,2,1,0,0,2
3839,121,Deodorant B,0,5,4,3,1,4,5,2,4,1,4,3,5,2,5,1,5,4,2,5,3,4,1,1,2,3,2,3,4,1,0,0,,,0,0,,0,,,0,0,0,,,,,,0,0,1,4,3,1,4,10,2,4,3,3,7,1,1,0,0,4
3840,121,Deodorant B,0,6,1,4,4,4,5,5,4,2,1,5,5,4,1,2,4,5,1,5,5,4,1,3,1,3,5,3,4,2,0,0,,,0,0,,0,,,0,0,0,,,,,,0,0,2,2,3,2,6,7,2,4,2,4,2,1,2,0,0,6
3841,121,Deodorant B,0,5,3,3,4,5,5,2,5,5,2,2,4,5,1,5,1,3,1,4,4,4,5,2,1,5,4,5,1,1,0,0,,,0,0,,0,,,0,0,0,,,,,,0,0,4,4,2,3,6,5,6,4,5,3,4,3,1,0,0,5
3842,121,Deodorant B,1,4,3,4,2,5,4,1,3,4,4,1,4,4,3,3,4,5,1,2,1,5,3,1,3,2,3,3,1,2,0,0,,,0,0,,0,,,0,0,0,,,,,,0,0,4,1,3,3,7,3,2,4,1,2,10,4,5,0,0,6
3843,121,Deodorant B,0,6,1,3,4,4,4,1,5,1,5,5,4,4,5,5,5,3,2,4,3,2,4,4,5,4,3,1,5,1,0,0,,,0,0,,0,,,0,0,0,,,,,,0,0,1,3,2,1,6,5,2,4,3,2,2,2,1,0,0,5
3844,121,Deodorant B,0,5,1,3,1,2,2,5,5,5,5,4,4,3,2,2,4,5,1,4,4,2,2,5,3,4,5,4,3,0,0,0,,,0,0,,0,,,0,1,0,,,,,,0,0,4,2,1,1,5,8,2,4,2,4,4,2,2,0,0,4
3845,121,Deodorant B,1,4,1,4,4,4,4,2,5,4,2,5,2,3,3,1,5,5,1,2,5,3,1,1,3,2,2,4,1,2,0,0,,,0,0,,0,,,0,0,0,,,,,,0,0,4,2,1,3,5,8,2,4,1,4,6,2,1,0,0,6
3846,121,Deodorant B,1,4,2,4,2,5,2,2,4,2,4,2,3,5,5,2,3,5,1,5,4,1,2,5,2,4,5,5,5,2,0,0,,,0,0,,0,,,0,1,0,,,,,,0,0,5,3,3,3,5,9,3,4,1,4,7,2,5,0,0,1
3847,121,Deodorant B,1,4,0,1,1,5,1,4,2,2,4,5,2,5,4,1,5,4,2,4,5,5,4,1,5,4,4,3,3,1,0,0,,,0,0,,0,,,0,0,0,,,,,,0,0,1,2,1,3,5,8,2,4,4,3,6,2,6,0,0,2
3848,121,Deodorant B,1,2,1,3,1,3,3,3,3,1,5,1,4,4,3,3,5,5,1,4,2,3,2,2,1,4,5,4,5,4,0,0,,,0,1,,1,,,0,0,0,,,,,,0,0,5,4,3,1,7,8,3,4,3,3,9,2,1,0,0,4
3849,121,Deodorant B,0,6,0,4,3,3,4,1,4,4,4,5,4,5,2,3,4,5,1,5,5,1,3,3,3,5,4,4,5,2,0,0,,,0,0,,1,,,0,0,0,,,,,,0,0,1,2,2,2,6,4,2,4,2,4,4,2,1,0,0,1
3850,121,Deodorant B,0,5,0,4,3,4,3,1,1,4,5,5,5,5,5,1,5,3,2,4,3,1,4,2,4,5,5,2,5,3,0,0,,,0,0,,0,,,0,0,0,,,,,,0,0,3,3,3,3,4,2,3,4,3,2,6,2,1,0,0,4
3851,121,Deodorant B,0,6,0,3,3,3,4,1,4,3,4,4,4,5,2,2,5,5,4,5,1,2,4,1,2,5,2,3,4,3,0,0,,,0,0,,0,,,0,0,0,,,,,,0,0,5,5,1,3,7,5,2,4,2,3,10,2,1,0,0,4
3852,121,Deodorant B,0,6,1,3,1,2,1,1,1,1,2,4,3,5,3,2,4,4,3,4,1,5,2,3,3,3,4,5,2,2,0,0,,,0,0,,0,,,0,0,0,,,,,,0,1,5,3,1,3,7,7,3,4,1,4,6,2,1,0,0,2
3853,121,Deodorant B,1,4,1,5,2,5,4,1,2,5,2,3,4,3,3,5,1,5,3,5,4,2,1,5,3,2,4,5,1,1,0,0,,,0,0,,0,,,0,0,0,,,,,,0,0,4,2,3,1,1,7,6,4,1,2,3,3,2,0,0,2
3854,121,Deodorant B,1,4,0,5,4,5,3,1,4,5,5,5,4,5,4,2,5,5,1,3,3,2,3,4,2,4,5,3,4,4,0,0,,,1,0,,0,,,0,0,0,,,,,,0,0,3,1,1,2,7,6,6,4,1,3,10,1,1,0,0,1
3855,121,Deodorant B,0,6,1,3,5,4,5,2,2,1,5,2,1,5,4,1,1,5,1,4,4,2,4,5,2,3,4,5,5,0,0,0,,,0,0,,0,,,0,0,0,,,,,,0,0,3,3,3,2,4,6,2,4,1,5,10,2,3,0,0,3
3856,121,Deodorant B,0,7,2,3,3,4,4,3,3,3,1,4,5,5,5,1,4,4,1,4,2,4,4,2,2,1,2,3,4,2,0,0,,,0,0,,0,,,0,0,0,,,,,,0,0,3,5,3,1,4,8,2,4,1,3,2,2,1,0,0,3
3857,121,Deodorant B,0,6,1,4,1,1,4,1,1,2,3,3,2,5,4,5,4,5,2,4,4,4,5,1,5,4,5,3,4,1,0,0,,,0,0,,0,,,0,0,0,,,,,,0,0,5,1,3,3,7,6,1,4,1,2,5,2,2,0,0,6
3858,121,Deodorant B,0,5,2,3,1,4,5,1,4,1,3,5,3,5,5,3,5,4,1,4,2,1,2,2,4,1,4,4,1,2,0,0,,,0,0,,0,,,0,0,0,,,,,,0,0,4,4,3,3,3,7,2,4,1,4,3,2,1,0,0,2
3859,121,Deodorant B,1,3,2,3,4,4,4,2,1,4,3,5,1,4,4,1,5,2,2,3,5,4,3,1,5,5,3,4,2,0,1,0,,,0,0,,0,,,0,0,0,,,,,,0,0,4,1,2,2,5,10,2,4,1,2,3,1,3,0,0,2
3860,121,Deodorant B,1,4,0,3,1,5,3,4,5,1,4,5,2,4,3,1,3,5,1,2,4,2,1,1,2,3,5,1,1,2,0,0,,,0,0,,0,,,0,0,0,,,,,,0,0,1,1,2,2,7,5,3,4,1,4,5,1,5,0,0,2
3861,121,Deodorant B,0,6,2,3,1,4,2,1,3,1,4,3,5,1,4,3,3,4,4,2,3,4,3,2,5,4,1,3,1,1,0,0,,,0,0,,0,,,0,0,0,,,,,,0,0,5,5,2,1,7,1,2,4,2,3,5,2,5,0,0,4
3862,121,Deodorant B,0,5,1,4,1,5,3,1,4,4,4,1,4,5,5,5,5,5,4,5,2,4,3,4,2,5,2,1,4,0,0,0,,,0,0,,0,,,0,0,0,,,,,,0,0,4,3,3,2,5,1,2,4,1,5,3,2,1,0,0,3
3863,121,Deodorant B,1,3,2,3,4,1,1,4,4,1,3,5,5,2,4,5,3,5,5,5,3,4,5,1,2,3,5,5,4,3,0,0,,,0,0,,1,,,0,0,0,,,,,,0,0,5,1,3,2,3,2,2,4,1,3,10,1,1,0,0,4
3864,121,Deodorant B,0,7,0,3,2,4,3,1,2,2,3,4,4,5,5,4,5,3,3,4,3,1,5,2,4,4,5,4,4,-4,0,0,,,0,0,,0,,,0,0,1,,,,,,0,0,4,5,3,3,7,8,3,4,4,2,2,3,1,0,0,3
3865,121,Deodorant B,0,7,1,3,5,5,5,2,4,2,3,4,5,4,3,5,3,5,5,4,4,1,1,1,3,3,5,5,5,3,0,0,,,1,0,,0,,,0,0,0,,,,,,0,0,4,5,2,2,6,7,2,4,1,3,7,3,1,0,0,6
3866,121,Deodorant B,0,5,2,4,2,5,4,2,3,1,4,4,5,3,4,4,5,5,1,5,4,3,1,1,4,4,4,4,4,2,0,0,,,0,0,,0,,,0,0,0,,,,,,0,0,5,3,3,3,4,1,5,4,1,4,5,1,4,0,0,1
3867,121,Deodorant B,0,5,3,3,1,2,4,4,5,1,4,4,5,4,3,2,3,4,2,5,3,5,3,2,2,5,3,2,4,3,0,0,,,0,0,,0,,,0,0,0,,,,,,0,0,1,4,3,3,7,8,5,4,1,4,5,2,2,0,0,2
3868,121,Deodorant B,1,4,0,3,2,4,5,1,3,3,5,4,5,4,1,2,5,3,1,2,3,5,4,3,2,4,4,4,4,0,0,0,,,0,0,,0,,,0,0,0,,,,,,0,0,5,5,1,3,7,2,2,4,1,4,8,2,1,0,0,2
3869,121,Deodorant B,0,6,0,4,3,5,3,2,4,1,4,4,3,1,3,2,5,4,1,4,5,2,3,1,5,5,2,3,1,2,0,0,,,1,0,,0,,,0,0,0,,,,,,0,0,5,4,3,1,2,7,2,4,1,2,8,2,1,0,0,3
3870,121,Deodorant B,0,6,3,4,1,4,3,3,3,4,5,4,2,5,4,1,4,4,1,4,1,3,2,1,2,2,4,1,5,0,0,0,,,0,0,,0,,,0,1,0,,,,,,0,0,4,5,3,2,5,4,3,4,1,2,3,2,2,0,0,6
3871,121,Deodorant B,0,6,0,4,1,5,4,1,5,2,2,4,3,4,3,4,4,1,1,5,2,1,1,3,3,4,2,2,4,1,0,0,,,0,1,,0,,,0,1,0,,,,,,0,0,5,2,3,3,6,2,3,4,4,4,4,1,1,0,0,2
3872,121,Deodorant B,1,2,0,4,1,5,3,1,3,1,4,4,4,4,4,3,1,1,2,3,4,3,3,5,5,5,4,4,3,2,0,0,,,0,0,,0,,,0,0,0,,,,,,0,0,4,1,3,3,5,9,2,4,4,2,5,2,2,0,0,4
3873,121,Deodorant B,0,5,1,3,1,5,5,3,5,2,4,4,3,2,5,3,1,5,3,2,2,3,2,5,4,3,4,5,4,4,0,0,,,0,0,,1,,,0,0,0,,,,,,0,0,1,2,3,3,5,10,2,4,2,2,7,2,1,0,0,3
3874,121,Deodorant B,0,5,0,3,1,5,4,3,5,4,3,5,5,4,5,5,4,5,2,5,4,1,4,4,1,1,4,4,5,1,0,0,,,1,0,,0,,,0,0,0,,,,,,0,0,5,5,1,1,6,9,7,4,1,3,2,1,4,0,0,3
3875,121,Deodorant B,0,5,1,3,2,3,2,1,3,5,5,2,4,4,5,1,4,5,1,5,4,5,3,5,3,1,4,5,3,0,0,0,,,0,0,,0,,,0,0,0,,,,,,0,1,5,2,2,3,4,8,2,4,1,4,8,2,1,0,0,3
3876,121,Deodorant B,0,5,4,3,5,3,5,4,5,5,3,5,5,5,5,5,4,4,3,5,4,3,5,4,5,4,4,4,1,3,0,0,,,0,0,,0,,,0,0,0,,,,,,0,0,5,1,3,3,3,1,3,4,3,4,3,5,6,0,0,1
3877,121,Deodorant B,1,1,1,3,1,4,4,5,4,1,5,5,5,4,4,4,2,4,2,3,3,3,3,5,3,4,4,4,5,3,0,0,,,0,0,,0,,,0,0,0,,,,,,0,0,3,2,3,3,5,5,7,4,2,4,6,1,2,0,0,4
3878,121,Deodorant B,0,6,0,2,4,4,4,2,1,2,5,1,5,1,3,4,1,5,4,5,5,3,1,2,2,2,3,4,5,2,0,0,,,0,0,,0,,,0,0,0,,,,,,0,0,4,4,3,1,6,7,7,4,1,2,3,2,2,0,0,6
3879,121,Deodorant B,1,4,1,3,3,4,2,2,2,3,4,5,5,3,5,2,4,5,1,5,4,3,4,4,5,2,3,5,5,1,0,0,,,0,0,,0,,,0,0,0,,,,,,0,0,3,3,3,1,5,8,2,4,1,2,2,2,1,0,0,4
3880,121,Deodorant B,0,6,2,2,1,4,4,1,5,1,3,3,5,1,5,4,3,3,1,3,1,1,3,5,3,4,4,4,1,0,0,0,,,0,0,,0,,,0,0,0,,,,,,0,0,5,1,3,1,7,5,2,4,3,2,2,2,3,0,0,3
3881,121,Deodorant B,1,4,2,3,3,5,2,1,4,3,5,2,4,4,4,5,5,4,4,2,3,3,2,3,1,5,3,5,2,1,0,0,,,0,0,,0,,,0,0,0,,,,,,0,0,4,4,3,1,6,5,1,4,1,5,6,2,1,0,0,1
3882,121,Deodorant B,0,7,2,3,1,3,5,1,3,3,3,5,5,3,1,1,5,5,2,4,3,3,3,1,2,1,5,4,4,0,0,0,,,0,0,,0,,,0,0,0,,,,,,0,0,5,5,2,2,5,2,2,4,3,3,3,3,1,0,0,5
3883,121,Deodorant B,1,3,2,4,1,3,5,2,4,1,1,5,2,4,5,1,2,4,1,2,5,2,5,1,3,4,4,1,1,1,0,0,,,0,0,,0,,,0,0,0,,,,,,0,0,2,1,1,3,6,8,2,4,1,4,3,2,6,0,0,4
3884,121,Deodorant B,1,4,2,3,2,4,2,2,5,3,1,4,5,5,2,4,2,4,3,4,3,1,4,2,4,5,4,4,5,1,0,1,,,0,0,,0,,,0,0,0,,,,,,0,1,5,3,3,2,3,8,2,4,1,4,8,2,1,0,0,2
3885,121,Deodorant B,1,4,1,3,4,4,1,2,4,1,5,4,2,3,5,4,4,4,1,5,5,1,5,5,3,5,4,4,4,3,0,0,,,0,0,,0,,,0,0,0,,,,,,1,0,2,3,1,3,6,10,1,4,3,2,4,1,1,0,0,4
3886,121,Deodorant B,1,4,1,3,2,5,3,1,2,1,5,5,4,3,3,5,5,5,1,3,4,1,1,2,1,3,5,4,5,-1,0,0,,,0,0,,0,,,0,0,0,,,,,,0,0,4,4,3,3,6,9,3,4,1,3,2,1,1,0,0,2
3887,121,Deodorant B,0,5,1,3,2,4,4,2,4,2,5,5,1,5,5,4,3,4,5,5,5,1,4,5,4,3,5,4,5,3,0,0,,,0,0,,0,,,0,0,0,,,,,,0,0,5,3,3,3,6,7,2,4,2,3,2,2,6,0,0,4
3888,121,Deodorant B,0,5,3,3,3,5,1,1,3,2,2,5,2,5,5,1,4,5,2,4,1,3,2,3,2,3,3,5,3,1,0,0,,,0,0,,0,,,0,0,0,,,,,,0,0,3,4,2,2,2,5,7,4,1,4,6,1,1,0,0,4
3889,121,Deodorant B,0,5,0,3,5,4,2,1,5,1,5,3,5,2,4,5,2,4,1,4,5,5,5,5,1,4,5,4,1,1,1,0,,,0,0,,0,,,0,1,0,,,,,,0,0,2,1,1,1,6,7,5,4,1,4,10,2,3,0,0,2
3890,121,Deodorant B,0,7,1,4,1,5,4,3,4,5,5,5,3,5,4,1,3,5,1,1,5,1,4,5,2,4,3,1,3,2,0,0,,,0,0,,0,,,0,0,0,,,,,,0,0,4,3,1,3,6,7,1,4,1,3,3,1,2,0,0,1
3891,121,Deodorant B,0,6,4,3,2,4,5,1,5,5,2,5,5,5,4,1,4,5,5,5,2,5,1,5,2,3,4,4,4,2,0,0,,,0,0,,0,,,0,0,0,,,,,,0,0,3,1,2,2,1,8,5,4,1,3,10,2,2,0,0,5
3892,121,Deodorant B,1,4,0,3,4,2,4,5,3,2,5,3,4,4,4,5,3,3,1,3,2,3,3,1,4,2,3,2,3,4,1,0,,,0,0,,0,,,0,0,0,,,,,,0,0,5,5,3,3,7,7,7,4,1,3,6,2,2,0,0,3
3893,121,Deodorant B,0,7,1,3,4,3,1,4,5,4,5,5,4,1,3,1,4,1,1,5,4,1,4,5,3,4,5,4,1,-1,0,0,,,1,0,,0,,,0,0,0,,,,,,0,0,5,5,1,3,6,2,4,4,2,2,4,2,1,0,0,2
3894,121,Deodorant B,0,6,1,5,2,5,5,1,4,2,5,5,2,3,5,4,3,3,1,4,2,4,1,3,2,2,1,5,5,1,0,0,,,0,0,,1,,,0,0,0,,,,,,0,0,4,5,2,1,6,5,3,4,3,4,3,5,1,0,0,6
3895,121,Deodorant B,1,1,2,3,1,1,4,1,4,1,5,5,5,2,5,5,4,3,1,5,4,2,5,3,1,3,3,5,2,1,0,0,,,0,0,,0,,,1,0,0,,,,,,0,0,5,1,1,1,5,8,2,4,5,4,5,1,1,0,0,4
3896,121,Deodorant B,1,4,1,4,4,4,3,3,4,1,4,1,5,5,4,4,3,4,1,5,4,2,1,4,3,5,5,5,3,2,0,0,,,0,0,,1,,,0,0,0,,,,,,0,0,4,4,2,2,5,10,2,4,1,2,7,1,1,0,0,6
3897,121,Deodorant B,0,5,0,3,2,2,4,3,5,1,2,3,5,3,3,2,3,5,1,3,3,5,2,5,2,5,4,1,2,4,0,0,,,0,0,,1,,,0,0,0,,,,,,0,0,5,3,3,2,1,7,2,4,1,3,3,1,3,0,0,6
3898,121,Deodorant B,0,7,3,4,4,4,5,2,3,2,4,5,2,4,4,2,5,5,2,5,5,3,3,3,2,3,4,4,5,1,0,0,,,0,0,,1,,,0,0,0,,,,,,0,0,4,4,3,1,5,7,6,4,1,3,10,2,1,0,0,3
3899,121,Deodorant B,1,4,1,3,5,2,4,1,3,2,5,5,5,5,5,5,5,5,1,5,5,3,1,2,4,1,4,3,4,1,0,0,,,0,0,,0,,,0,0,0,,,,,,0,0,3,5,2,1,6,8,2,4,1,2,6,1,1,0,0,4
3900,121,Deodorant B,0,5,0,4,2,2,5,1,2,1,4,4,2,5,5,5,3,5,2,4,3,1,4,5,5,3,2,1,2,3,0,0,,,0,0,,0,,,0,0,0,,,,,,0,0,5,4,1,3,5,7,3,4,1,4,4,2,1,0,0,2
3901,121,Deodorant B,1,2,2,3,4,5,5,3,4,2,3,5,4,5,3,3,5,3,5,5,4,4,5,3,5,5,3,3,3,1,0,0,,,0,0,,0,,,0,0,0,,,,,,0,0,4,3,3,3,6,7,5,4,1,3,4,1,1,0,0,4
3902,121,Deodorant B,0,6,3,3,3,5,4,2,3,2,4,2,3,5,1,1,4,1,1,4,3,4,3,3,1,1,3,4,5,3,0,0,,,0,0,,0,,,0,0,0,,,,,,0,0,1,3,2,3,7,8,5,4,2,4,2,3,4,0,0,1
3903,121,Deodorant B,1,4,2,3,2,4,1,2,3,2,5,2,4,5,3,3,5,2,5,2,5,2,5,1,4,3,5,3,1,3,0,0,,,0,0,,0,,,0,0,0,,,,,,0,0,2,5,2,3,3,10,7,4,1,3,5,2,1,0,0,3
3904,121,Deodorant B,1,3,0,3,1,4,3,1,2,1,4,1,3,4,5,2,5,5,1,5,3,1,4,2,2,5,4,5,2,1,0,0,,,0,0,,0,,,0,0,0,,,,,,0,0,5,3,2,1,2,7,3,4,3,4,2,2,1,0,0,5
3905,121,Deodorant B,0,6,2,5,3,5,5,5,2,2,5,4,5,5,5,1,3,4,4,4,4,3,5,2,5,4,2,4,2,2,0,0,,,0,0,,0,,,0,0,0,,,,,,0,0,3,1,3,2,6,4,2,4,3,2,7,2,1,0,0,2
3906,121,Deodorant B,0,7,0,3,1,4,1,1,4,5,5,4,4,5,5,5,5,3,1,4,3,1,2,1,3,4,5,3,5,3,0,0,,,0,0,,0,,,0,0,0,,,,,,0,0,1,5,3,2,4,2,7,4,1,3,6,1,4,0,0,2
3907,121,Deodorant B,1,2,0,3,2,5,2,3,2,1,5,5,2,5,3,1,3,5,1,2,5,4,4,2,4,4,1,3,4,2,0,0,,,0,0,,0,,,0,0,0,,,,,,0,0,3,5,3,2,1,9,5,4,1,2,10,1,1,0,0,3
3908,121,Deodorant B,0,7,2,3,3,5,1,1,3,4,3,5,4,5,4,1,5,5,1,3,4,1,5,4,5,4,3,2,5,3,0,0,,,0,0,,1,,,0,1,0,,,,,,0,1,5,5,3,3,6,3,2,4,2,3,10,2,5,0,0,5
3909,121,Deodorant B,0,6,1,3,4,3,3,1,3,1,3,4,4,1,5,3,2,3,3,3,3,1,3,3,5,4,4,5,1,1,0,0,,,0,1,,0,,,0,0,0,,,,,,0,0,3,5,3,3,6,7,3,4,1,4,8,1,3,0,0,4
3910,121,Deodorant B,0,6,0,3,4,4,4,2,3,1,1,3,3,4,4,5,5,5,1,5,2,1,4,5,5,4,4,4,4,0,1,0,,,0,0,,1,,,0,0,0,,,,,,0,0,1,2,3,3,5,7,1,4,1,2,3,2,1,0,0,3
3911,121,Deodorant B,0,6,1,3,4,5,3,1,1,4,4,5,4,5,3,2,5,5,4,1,2,2,2,2,4,3,4,4,4,2,0,0,,,0,0,,0,,,0,0,0,,,,,,0,0,1,4,3,3,5,8,2,4,1,3,10,1,3,0,0,3
3912,121,Deodorant B,1,4,2,3,2,4,4,1,2,3,4,4,5,4,5,3,5,5,1,5,3,5,2,5,5,4,2,5,5,2,0,0,,,0,1,,0,,,0,0,0,,,,,,0,0,5,5,3,1,1,8,2,4,1,3,4,2,6,0,0,3
3913,121,Deodorant B,0,7,0,5,5,3,5,3,4,3,4,4,5,5,4,5,3,3,1,5,3,3,3,1,5,5,5,3,4,2,0,0,,,0,0,,0,,,0,0,0,,,,,,0,0,4,3,1,3,5,9,1,4,1,3,4,2,1,0,0,2
3914,121,Deodorant B,0,6,3,1,5,4,3,1,4,2,4,4,5,4,1,4,4,5,2,3,5,3,3,5,4,4,4,2,5,1,0,0,,,0,0,,0,,,0,0,0,,,,,,0,0,3,2,3,2,6,6,5,4,3,2,6,1,1,0,0,6
3915,121,Deodorant B,0,7,1,4,1,5,4,2,5,1,4,4,4,5,5,4,4,5,2,4,4,3,3,3,3,5,3,4,1,0,0,0,,,0,0,,0,,,0,0,0,,,,,,0,0,1,3,3,2,3,8,2,4,2,2,5,2,1,0,0,3
3916,121,Deodorant B,0,5,2,3,1,2,1,2,5,1,4,1,5,5,5,5,4,4,4,5,4,1,5,1,5,4,3,1,5,3,0,0,,,0,0,,0,,,0,0,0,,,,,,0,0,3,4,3,3,1,1,5,4,1,3,6,1,1,0,0,6
3917,121,Deodorant B,0,6,1,3,1,3,3,2,4,2,3,1,5,4,3,4,5,5,1,3,4,5,3,3,1,3,5,5,4,1,0,0,,,0,0,,0,,,0,0,0,,,,,,0,0,4,3,3,3,4,10,4,4,1,2,3,1,1,0,0,3
3918,121,Deodorant B,0,5,2,4,3,5,4,2,4,2,4,5,5,5,3,1,4,5,2,4,4,2,2,2,3,3,4,1,2,1,1,0,,,0,0,,1,,,0,0,0,,,,,,0,1,4,3,1,3,1,8,2,4,3,3,4,2,2,0,0,1
3919,121,Deodorant B,0,6,2,4,2,5,3,2,3,5,4,1,4,5,2,4,5,5,1,4,5,2,2,5,5,2,5,4,5,1,0,0,,,0,0,,0,,,0,0,0,,,,,,0,0,4,1,3,3,6,10,2,4,4,4,4,1,1,0,0,2
3920,121,Deodorant B,1,2,0,4,1,1,3,3,4,1,5,5,4,4,4,4,5,5,2,4,5,1,4,2,2,5,1,2,3,2,0,0,,,0,0,,0,,,0,0,0,,,,,,0,0,1,3,3,1,7,6,2,4,1,2,4,2,1,0,0,2
3921,121,Deodorant B,0,5,3,3,2,5,5,2,3,2,4,5,4,4,5,5,4,3,1,3,5,5,2,3,4,1,2,3,3,1,0,0,,,0,0,,0,,,0,0,0,,,,,,0,0,5,3,3,1,5,2,7,4,1,2,8,2,1,0,0,3
3922,121,Deodorant B,0,6,0,4,4,5,5,1,2,2,5,5,3,4,5,5,5,4,2,3,3,1,2,4,4,2,3,2,3,1,0,0,,,0,0,,0,,,0,0,0,,,,,,0,0,2,4,1,3,5,7,2,4,3,2,5,1,1,0,0,6
3923,121,Deodorant B,0,6,2,3,1,4,3,4,2,1,4,2,1,5,2,1,5,4,5,5,3,3,2,4,4,4,5,5,2,1,0,0,,,0,0,,0,,,0,0,0,,,,,,0,0,4,2,1,3,6,1,2,4,1,4,2,1,2,0,0,4
3924,121,Deodorant B,0,5,0,3,1,1,1,2,5,2,4,4,3,5,4,1,4,5,1,4,3,1,2,3,3,5,3,2,5,2,0,1,,,0,0,,0,,,0,0,0,,,,,,0,0,5,2,2,3,6,7,6,4,2,5,2,3,2,0,0,6
3925,121,Deodorant B,1,4,2,4,1,1,3,1,4,2,4,5,2,5,4,2,5,3,2,4,4,2,4,3,5,4,3,3,4,0,0,0,,,0,0,,0,,,0,0,0,,,,,,0,0,4,2,3,1,1,7,2,4,3,5,10,2,1,0,0,1
3926,121,Deodorant B,0,5,2,4,2,4,5,1,3,4,5,5,4,5,4,1,4,4,1,5,4,3,2,3,2,5,5,4,3,2,0,0,,,0,0,,1,,,0,0,0,,,,,,0,0,1,3,3,1,1,10,2,4,1,3,2,1,1,0,0,3
3927,121,Deodorant B,1,1,1,3,3,5,3,2,5,2,4,3,1,4,4,5,4,5,1,4,3,5,5,4,3,5,4,4,4,2,0,0,,,0,0,,1,,,0,0,0,,,,,,0,0,2,1,3,2,5,8,2,4,5,4,10,3,2,0,0,2
3928,121,Deodorant B,0,5,1,3,1,5,4,2,4,2,3,4,4,5,5,5,5,5,3,5,3,3,4,5,4,5,5,3,1,1,0,0,,,0,0,,0,,,0,0,0,,,,,,0,0,3,2,2,2,7,8,2,4,2,3,4,2,1,0,0,1
3929,121,Deodorant B,0,5,1,4,4,1,2,2,3,4,4,5,2,5,4,2,5,2,1,1,2,4,4,3,4,5,2,5,2,2,0,0,,,0,0,,0,,,0,0,0,,,,,,0,0,5,1,3,2,5,7,7,4,3,2,4,2,1,0,0,5
3930,121,Deodorant B,1,1,1,3,1,3,3,2,4,4,5,3,3,2,3,5,4,4,3,3,5,1,3,2,2,2,3,4,3,2,0,1,,,0,0,,0,,,0,0,0,,,,,,0,0,2,1,3,2,7,8,1,4,1,2,3,2,1,0,0,1
3931,121,Deodorant B,0,7,1,4,3,5,2,3,2,3,3,4,2,4,5,4,2,5,1,1,4,3,2,5,4,2,5,4,5,-1,0,0,,,0,0,,0,,,0,0,0,,,,,,0,0,1,4,2,1,5,6,7,4,4,4,4,2,3,0,0,5
3932,121,Deodorant B,0,6,0,3,4,1,5,1,4,1,4,4,2,5,5,1,5,5,4,3,4,1,2,4,3,4,3,5,4,0,0,0,,,0,1,,0,,,0,0,0,,,,,,0,0,5,2,1,3,7,1,5,4,2,2,6,2,1,0,0,3
3933,121,Deodorant B,1,1,1,3,4,1,3,2,5,5,1,3,4,5,5,5,4,3,2,3,3,4,2,2,4,1,2,5,3,3,0,0,,,0,0,,0,,,0,0,0,,,,,,0,0,4,4,2,3,6,3,3,4,3,3,3,1,1,0,0,3
3934,121,Deodorant B,0,5,1,3,1,4,4,5,4,5,5,5,4,5,4,2,5,2,2,3,4,4,3,5,3,5,3,3,3,2,0,0,,,0,0,,0,,,0,0,0,,,,,,0,0,4,4,3,1,5,2,2,4,1,4,10,3,1,0,0,2
3935,121,Deodorant B,0,6,3,3,1,4,1,1,2,5,5,5,5,5,2,2,3,3,5,4,4,2,3,2,4,4,1,4,2,0,0,0,,,0,0,,0,,,0,0,0,,,,,,0,1,5,3,1,3,3,9,7,4,2,2,3,2,1,0.2,0,1
3936,121,Deodorant B,0,6,3,4,1,3,1,3,4,2,5,5,4,5,3,1,4,4,1,4,4,1,2,3,4,2,2,4,3,1,0,0,,,1,0,,0,,,0,0,0,,,,,,0,0,5,3,2,2,5,9,2,4,4,3,3,3,1,0,0,1
3937,121,Deodorant B,0,5,1,4,4,5,3,3,1,2,4,3,3,5,3,3,5,5,3,2,2,1,2,4,5,5,5,4,2,2,0,0,,,0,0,,0,,,0,1,0,,,,,,0,0,1,1,2,2,6,7,2,4,1,5,10,2,3,0,0,2
3938,121,Deodorant B,0,5,1,3,3,5,5,1,5,1,2,5,5,3,5,1,3,4,4,5,4,1,2,5,3,5,4,4,4,1,0,0,,,0,0,,0,,,1,0,0,,,,,,0,1,4,2,3,3,2,8,5,4,1,3,4,1,1,0,0,6
3939,121,Deodorant B,1,4,1,3,3,5,5,2,1,3,5,4,4,5,1,1,3,2,1,4,4,4,1,5,1,4,5,2,5,1,0,0,,,0,0,,1,,,0,0,0,,,,,,0,0,2,4,1,3,3,7,2,4,1,2,4,2,6,0,0,3
3940,121,Deodorant B,0,7,1,3,1,4,4,2,1,1,2,5,3,4,4,2,3,2,1,4,1,5,3,4,4,4,5,1,4,1,0,0,,,0,0,,0,,,0,0,0,,,,,,0,0,3,3,3,2,5,9,1,4,1,4,3,2,1,0,0,1
3941,121,Deodorant B,0,7,0,3,4,5,2,1,5,1,4,4,3,3,3,5,5,4,1,4,5,2,3,5,3,1,1,4,4,0,0,0,,,0,0,,0,,,0,0,0,,,,,,0,0,5,1,3,2,6,6,4,4,1,4,9,1,1,0,0,2
3942,121,Deodorant B,0,6,0,4,1,3,5,2,2,2,3,1,5,1,2,2,4,5,1,5,4,1,2,3,5,5,5,4,4,2,0,0,,,0,0,,0,,,0,0,0,,,,,,0,0,3,5,2,2,6,1,2,4,1,2,3,1,1,0,0,2
3943,121,Deodorant B,0,6,2,3,4,5,4,5,4,3,5,4,5,3,5,3,5,3,2,4,2,1,2,4,4,1,2,5,3,1,0,0,,,0,0,,0,,,0,0,0,,,,,,0,0,5,4,3,1,6,7,5,4,1,3,4,2,1,0,0,1
3944,121,Deodorant B,0,5,1,3,2,5,2,1,3,3,5,5,5,5,3,1,5,2,1,5,5,3,2,4,2,5,4,3,5,2,0,1,,,0,0,,1,,,0,0,0,,,,,,0,0,4,4,3,3,5,8,7,4,1,2,7,1,2,0,0,2
3945,121,Deodorant B,1,4,0,3,2,5,5,2,4,5,4,5,5,4,4,2,2,3,2,3,4,2,2,2,3,2,5,4,4,0,0,0,,,0,1,,0,,,0,0,0,,,,,,0,0,4,3,2,3,2,7,6,4,2,4,5,1,2,0,0,2
3946,121,Deodorant B,1,4,2,2,1,2,1,2,5,2,4,4,5,1,1,2,4,5,4,2,5,5,3,5,2,4,4,2,4,1,0,0,,,0,0,,0,,,0,0,0,,,,,,0,0,3,2,2,1,5,6,5,4,1,4,8,1,2,0,0,6
3947,121,Deodorant B,0,6,0,4,1,5,4,2,4,1,5,4,3,5,3,3,5,5,1,3,5,5,2,3,2,4,4,4,3,1,0,0,,,0,0,,0,,,0,0,0,,,,,,0,0,1,1,3,1,5,6,2,4,1,3,2,4,1,0,0,1
3948,121,Deodorant B,0,5,1,3,5,4,3,1,4,2,4,4,4,5,2,4,4,5,4,4,2,1,1,1,2,1,4,3,3,4,0,0,,,0,0,,0,,,0,0,0,,,,,,0,0,5,2,3,1,5,8,7,4,2,4,4,2,5,0,0,5
3949,121,Deodorant B,0,5,1,4,1,3,5,1,2,2,5,2,5,3,4,5,5,5,2,3,4,2,2,4,3,5,5,4,1,2,0,0,,,0,1,,0,,,0,0,0,,,,,,0,0,4,3,2,3,6,10,2,4,1,2,3,2,1,0,0,3
3950,121,Deodorant B,1,3,0,3,4,3,3,4,4,5,5,2,5,5,5,2,3,3,1,4,3,3,3,3,3,4,5,3,3,1,0,0,,,0,0,,0,,,1,0,0,,,,,,0,0,5,1,1,1,6,3,5,4,1,3,5,1,1,0,0,3
3951,121,Deodorant B,0,5,2,3,5,5,2,4,4,2,5,3,5,3,4,2,2,5,1,4,4,2,4,2,3,5,4,4,2,1,0,0,,,0,0,,0,,,0,0,0,,,,,,0,0,5,4,2,1,6,5,1,4,1,6,9,1,1,0,0,2
3952,121,Deodorant B,0,6,0,4,5,5,3,2,5,2,4,4,3,5,5,2,5,5,3,4,2,3,1,3,3,4,4,5,5,3,0,0,,,0,0,,0,,,0,0,0,,,,,,0,0,1,3,3,2,6,6,5,4,1,2,3,2,2,0,0,1
3953,121,Deodorant B,1,4,1,3,3,2,3,2,5,1,4,4,5,4,4,2,5,5,1,4,5,2,4,2,5,3,3,5,2,2,0,0,,,0,0,,0,,,0,0,0,,,,,,0,0,5,3,1,1,4,7,2,4,1,3,5,1,1,0,0,2
3954,121,Deodorant B,0,6,3,3,4,4,3,3,4,4,1,5,2,4,3,3,5,4,2,3,4,4,3,4,2,1,3,3,4,0,0,0,,,0,0,,0,,,0,0,0,,,,,,0,0,1,3,1,3,6,3,2,4,3,2,2,2,1,0,0,5
3955,121,Deodorant B,0,5,2,4,1,5,4,1,5,1,3,4,4,4,4,1,5,5,1,3,5,3,1,2,3,4,5,5,3,0,0,0,,,0,0,,0,,,0,0,0,,,,,,0,0,5,3,2,1,5,2,7,4,2,3,3,1,1,0,0,1
3956,121,Deodorant B,0,5,0,3,3,4,4,1,3,1,4,3,3,4,5,5,4,3,2,4,1,1,2,1,3,5,4,4,3,1,0,0,,,0,0,,0,,,0,1,0,,,,,,0,0,4,2,2,3,3,10,2,4,4,4,9,2,2,0,0,3
3957,121,Deodorant B,0,5,0,3,2,3,4,4,4,5,5,3,4,3,2,5,4,3,3,2,3,2,2,4,1,2,5,3,5,0,0,0,,,0,0,,0,,,1,0,0,,,,,,0,0,5,3,3,3,5,5,5,4,1,3,7,2,1,0,0,6
3958,121,Deodorant B,0,6,0,1,1,4,4,1,4,5,4,3,3,3,3,4,5,3,2,1,3,1,1,1,2,3,5,5,4,0,0,0,,,0,0,,0,,,0,0,0,,,,,,0,0,4,1,3,2,1,3,5,4,1,2,4,2,1,0,0,1
3959,121,Deodorant B,0,5,3,3,2,5,1,3,3,3,5,5,4,2,4,3,4,3,3,5,1,5,4,1,2,2,5,3,5,0,0,1,,,0,0,,0,,,0,0,0,,,,,,0,0,5,3,3,3,5,10,3,4,3,2,5,3,1,0,0,1
3960,121,Deodorant B,0,6,3,5,1,4,4,5,1,2,4,4,2,4,4,3,4,4,1,3,5,2,1,1,3,5,3,4,1,2,0,0,,,0,0,,1,,,0,0,0,,,,,,0,0,5,3,3,1,7,7,2,4,1,3,4,2,1,0,0,3
3961,121,Deodorant B,1,4,1,3,1,5,4,1,3,2,4,5,5,5,2,1,2,5,2,1,3,1,3,4,3,5,5,1,4,1,0,0,,,0,0,,0,,,0,0,0,,,,,,0,0,3,2,2,2,6,9,5,4,1,3,4,2,1,0,0,4
3962,121,Deodorant B,0,7,0,3,1,5,4,1,2,1,1,3,5,5,4,2,5,4,3,5,3,1,3,3,5,3,5,2,2,0,1,1,,,0,1,,0,,,0,0,0,,,,,,0,0,4,3,3,1,5,7,7,4,1,3,10,1,1,0,0,1
3963,121,Deodorant B,0,6,1,3,2,2,4,1,5,5,3,5,5,4,3,3,2,5,2,4,4,1,5,2,4,3,4,5,1,0,0,0,,,0,0,,1,,,1,0,0,,,,,,0,0,1,1,3,1,6,9,3,4,1,3,4,1,1,0,0,3
3964,121,Deodorant B,0,5,2,4,3,4,4,3,3,2,5,4,5,2,4,5,4,3,1,4,4,5,1,1,4,4,2,5,2,4,1,0,,,0,0,,1,,,0,0,0,,,,,,0,0,4,1,3,1,7,9,6,4,1,4,4,1,1,0.2,0,4
3965,121,Deodorant B,0,7,1,3,1,2,5,2,5,2,4,4,1,5,1,2,4,3,1,5,2,1,2,2,4,4,4,5,5,2,0,0,,,0,0,,1,,,0,0,1,,,,,,0,0,5,3,3,3,5,7,3,4,1,3,4,1,2,0,0,4
3966,121,Deodorant B,0,7,2,3,1,5,1,4,4,1,5,4,5,4,5,5,5,4,1,4,5,3,2,2,3,1,2,3,4,1,0,0,,,0,0,,0,,,0,0,0,,,,,,0,0,2,4,1,1,6,1,6,4,1,3,3,1,3,0,0,4
3967,121,Deodorant B,0,5,1,4,1,2,4,1,5,3,5,3,5,5,2,2,5,3,3,5,4,2,4,3,3,2,5,5,4,3,0,0,,,0,0,,0,,,0,0,0,,,,,,0,0,4,3,2,3,4,8,2,4,1,2,10,1,1,0,0,5
3968,121,Deodorant B,0,6,1,4,5,1,5,2,4,1,2,5,5,4,4,4,5,5,2,4,4,2,1,3,2,5,4,4,4,3,0,0,,,0,0,,0,,,0,0,0,,,,,,0,0,3,3,3,2,1,7,5,4,1,5,5,2,6,0.2,0,2
3969,121,Deodorant B,0,5,1,3,1,3,5,4,5,2,2,4,3,5,4,1,1,4,1,5,1,1,5,1,5,4,3,5,2,2,0,0,,,0,0,,0,,,0,0,1,,,,,,0,0,5,2,1,1,5,8,7,4,2,3,2,1,1,0,0,1
3970,121,Deodorant B,0,6,3,4,4,5,3,4,3,1,5,5,5,2,2,3,1,4,2,5,3,1,3,3,5,5,5,4,4,1,0,0,,,0,0,,0,,,0,0,0,,,,,,0,0,5,1,1,1,5,8,2,4,2,2,3,2,1,0,0,1
3971,121,Deodorant B,0,6,1,3,2,2,2,1,4,2,2,5,2,3,3,4,4,5,5,5,5,3,4,3,3,2,5,5,4,1,1,0,,,0,0,,0,,,0,0,0,,,,,,0,0,4,4,3,3,5,8,1,4,1,2,8,1,1,0,0,4
3972,121,Deodorant B,0,6,1,3,4,4,3,1,5,1,4,4,2,5,5,4,4,3,1,3,2,1,1,1,3,4,5,3,4,4,1,0,,,0,0,,0,,,0,0,0,,,,,,0,0,1,5,2,1,7,8,2,4,1,3,3,1,1,0,0,2
3973,121,Deodorant B,0,6,1,3,2,3,4,1,3,2,1,4,5,5,4,4,3,5,3,4,4,3,2,3,2,1,2,4,3,2,0,0,,,0,0,,0,,,0,0,0,,,,,,0,0,5,1,2,2,5,9,2,4,1,2,8,2,5,0,0,2
3974,121,Deodorant B,0,6,1,3,1,5,1,1,4,1,4,4,3,1,5,3,1,5,3,3,3,5,2,5,5,4,5,4,1,0,0,0,,,0,0,,1,,,0,0,0,,,,,,0,0,3,3,3,3,3,9,2,4,1,2,3,1,1,0,0,1
3975,121,Deodorant B,0,5,3,4,2,1,3,2,1,2,5,5,4,2,4,5,5,4,4,5,3,2,4,4,1,4,5,1,3,0,0,1,,,0,0,,0,,,0,1,0,,,,,,0,0,5,3,3,2,3,8,2,4,1,4,2,1,5,0,0,5
3976,121,Deodorant B,0,5,2,3,4,4,4,2,5,4,5,3,3,5,4,1,1,5,1,1,5,1,3,4,5,4,5,5,4,1,0,0,,,0,0,,0,,,0,0,0,,,,,,0,0,5,3,3,1,6,7,3,4,2,4,4,1,1,0,0,3
3977,121,Deodorant B,0,5,3,3,2,4,3,2,2,2,2,5,3,3,3,5,2,5,1,5,4,3,3,2,3,1,5,4,4,0,0,0,,,0,0,,1,,,0,0,0,,,,,,0,0,1,3,3,3,4,7,4,4,1,2,6,1,2,0,0,3
3978,121,Deodorant B,0,7,1,4,5,1,5,1,5,2,3,4,2,4,4,5,5,5,2,3,4,1,5,2,4,3,3,5,4,2,0,1,,,0,0,,0,,,0,0,0,,,,,,0,0,4,4,1,3,5,5,2,4,1,3,4,2,2,0,0,3
3979,121,Deodorant B,0,6,1,3,1,4,4,4,4,2,3,5,5,5,5,4,2,4,2,1,4,1,3,1,4,5,3,5,3,-1,0,0,,,0,0,,1,,,0,1,0,,,,,,0,0,5,4,2,3,6,6,5,4,1,4,10,2,2,0.25,0,4
3980,121,Deodorant B,0,5,2,4,2,5,5,3,5,3,5,5,5,4,5,3,4,4,2,5,4,1,2,4,4,3,4,5,4,2,0,0,,,0,0,,1,,,0,0,0,,,,,,0,0,2,4,2,1,1,8,2,4,1,2,9,2,1,0,0,1
3981,121,Deodorant B,1,1,2,4,3,5,1,2,2,5,5,5,2,5,2,2,4,2,2,3,3,2,1,3,5,2,5,1,4,1,0,0,,,0,0,,0,,,0,0,0,,,,,,0,0,1,5,1,3,1,9,6,4,1,3,8,2,1,0,0,1
3982,121,Deodorant B,0,6,0,3,1,1,2,3,3,1,4,1,5,3,2,2,5,3,5,4,3,2,4,1,5,4,4,3,4,6,0,0,,,0,0,,0,,,0,0,0,,,,,,0,0,5,2,3,1,4,8,1,4,1,4,10,5,2,0,0,5
3983,121,Deodorant B,1,1,2,4,1,1,4,1,5,1,5,5,2,4,1,3,2,4,2,5,3,1,3,4,5,5,1,4,4,2,0,0,,,0,0,,1,,,0,0,0,,,,,,0,0,4,5,3,2,5,2,2,4,4,2,7,1,6,0,0,1
3984,121,Deodorant B,0,6,1,3,2,5,3,2,2,1,3,2,4,4,5,3,5,4,1,2,4,1,2,3,4,1,4,3,4,1,0,0,,,0,0,,0,,,0,0,0,,,,,,0,0,4,5,3,3,7,5,2,4,2,4,10,2,1,0,0,1
3985,121,Deodorant B,0,5,0,3,4,5,2,5,1,1,4,5,1,5,4,2,3,5,2,4,3,5,3,4,4,5,5,4,4,2,0,0,,,0,0,,0,,,0,0,0,,,,,,0,0,4,5,3,2,6,8,2,4,2,4,3,2,1,0,0,5
3986,121,Deodorant B,0,6,0,3,3,4,5,3,5,1,5,5,4,4,3,2,1,4,2,4,4,2,1,1,5,5,5,5,4,1,0,0,,,0,0,,0,,,0,0,0,,,,,,0,0,5,3,3,1,3,10,6,4,1,2,5,2,1,0,0,6
3987,121,Deodorant B,0,5,2,3,3,3,4,4,5,1,4,3,5,5,4,3,3,2,2,2,1,5,2,1,2,1,5,5,4,2,0,0,,,0,0,,0,,,0,0,0,,,,,,0,0,1,1,2,2,6,7,7,4,2,2,10,1,1,0,0,1
3988,121,Deodorant B,0,5,2,5,1,5,5,2,5,1,3,1,5,5,1,5,4,5,2,4,1,1,2,2,1,5,4,4,3,1,0,0,,,0,0,,0,,,0,0,0,,,,,,0,0,1,1,2,1,5,8,7,4,3,3,4,2,2,0,0,3
3989,121,Deodorant B,0,7,0,5,5,4,4,2,1,3,4,4,3,5,2,3,3,1,3,5,5,1,1,1,4,1,4,5,5,2,0,0,,,0,0,,0,,,0,0,0,,,,,,0,0,3,1,3,2,6,7,7,4,1,3,4,2,1,0,0,2
3990,121,Deodorant B,0,5,0,4,3,4,5,2,5,1,4,4,5,5,4,2,5,2,3,1,5,1,2,3,2,3,3,5,3,2,0,0,,,0,0,,0,,,0,0,0,,,,,,0,0,4,4,1,3,7,4,3,4,1,5,7,2,1,0,0,4
3991,121,Deodorant B,0,6,1,4,3,4,3,5,3,4,5,1,3,4,1,1,5,1,1,4,4,2,2,1,2,5,4,3,4,1,0,0,,,0,0,,0,,,0,0,0,,,,,,0,0,5,3,3,1,1,7,3,4,2,4,4,2,2,0,0,2
3992,121,Deodorant B,1,2,1,3,5,4,2,4,3,5,3,5,4,4,2,3,5,4,1,5,1,2,5,4,1,5,5,4,5,2,0,0,,,0,0,,0,,,0,0,0,,,,,,0,1,1,5,3,3,5,8,3,4,1,4,6,1,1,0,0,2
3993,121,Deodorant B,0,5,0,3,2,3,5,2,4,1,5,4,4,5,3,1,4,5,1,5,5,1,4,5,3,4,5,5,5,1,0,0,,,0,0,,0,,,0,0,0,,,,,,0,0,1,1,1,1,5,7,3,4,1,3,6,4,3,0,0,5
3994,121,Deodorant B,0,5,1,3,2,4,2,1,4,2,3,5,5,5,3,4,4,5,5,3,5,2,3,3,4,4,5,4,2,2,0,0,,,1,0,,0,,,0,0,0,,,,,,0,0,4,3,2,2,6,1,7,4,1,4,8,2,1,0,0,2
3995,121,Deodorant B,0,7,0,3,4,4,5,2,3,5,5,2,3,4,3,2,4,3,1,4,3,4,1,2,4,4,2,4,5,2,0,0,,,0,0,,0,,,0,0,0,,,,,,0,0,3,5,3,1,5,6,2,4,1,2,6,1,1,0,0,2
3996,121,Deodorant B,1,4,1,3,3,3,4,2,5,1,4,5,3,4,1,5,4,4,4,4,5,2,2,4,4,5,4,3,4,1,0,0,,,0,0,,0,,,0,0,0,,,,,,0,0,4,2,3,3,4,9,5,4,1,3,3,1,1,0,0,2
3997,121,Deodorant B,0,6,0,3,1,5,2,3,3,4,5,3,3,2,1,1,4,4,2,3,2,1,2,4,3,1,2,3,5,2,0,0,,,0,0,,0,,,0,0,0,,,,,,0,0,4,3,3,3,2,5,2,4,3,2,4,2,3,0,0,4
3998,121,Deodorant B,0,5,1,3,1,4,5,3,4,1,5,4,5,5,4,1,4,3,1,1,2,2,3,3,3,4,5,5,4,3,0,0,,,1,1,,0,,,0,0,0,,,,,,0,0,5,4,1,2,6,9,2,4,1,3,3,1,1,0,0,6
3999,121,Deodorant B,0,5,2,4,4,5,5,1,5,2,4,5,4,5,5,5,5,5,1,3,4,4,4,5,5,1,4,5,2,0,0,1,,,0,0,,0,,,0,0,0,,,,,,0,0,5,3,3,1,4,9,7,4,1,2,5,1,3,0,0,4
4000,121,Deodorant B,0,6,2,3,3,4,1,1,5,1,1,2,5,5,3,1,3,3,1,5,4,3,1,4,3,5,4,5,2,2,0,0,,,1,0,,0,,,0,0,0,,,,,,0,0,3,5,3,3,6,3,2,4,1,3,5,1,5,0,0,2
4001,121,Deodorant B,0,6,3,3,5,4,5,2,5,2,1,3,2,5,1,3,4,5,2,4,5,2,3,4,4,5,2,5,4,2,0,0,,,0,1,,0,,,1,0,0,,,,,,0,0,5,1,3,3,7,8,5,4,1,3,4,2,1,0,0,2
4002,121,Deodorant B,0,6,3,3,3,5,4,1,4,3,5,3,5,4,2,1,4,1,1,5,2,5,4,3,4,4,4,5,4,3,0,0,,,0,0,,0,,,0,1,0,,,,,,0,0,2,3,3,2,6,6,7,4,1,2,7,2,5,0,0,2
4003,121,Deodorant B,0,5,2,3,1,5,4,2,5,2,4,1,5,4,5,1,4,3,1,5,4,3,2,5,1,5,4,2,1,3,0,0,,,0,0,,0,,,0,0,0,,,,,,0,0,4,5,1,3,2,10,2,4,2,3,7,2,2,0,0,6
4004,121,Deodorant B,0,7,0,4,2,2,5,2,5,2,5,3,4,5,1,4,4,3,1,4,3,4,1,3,2,2,5,4,1,3,0,0,,,0,0,,0,,,0,0,0,,,,,,0,0,4,3,1,3,6,8,3,4,5,3,4,2,2,0,0,5
4005,121,Deodorant B,0,6,0,4,3,3,4,2,5,2,5,5,5,4,4,1,2,3,2,3,4,2,3,5,1,5,4,3,4,4,0,0,,,0,0,,0,,,0,0,0,,,,,,0,0,5,1,3,1,2,9,2,4,1,3,3,2,1,0,0,2
4006,121,Deodorant B,0,7,2,3,1,5,3,1,4,1,5,3,5,5,3,3,5,2,1,3,3,1,4,1,5,4,5,3,4,0,0,0,,,0,0,,0,,,0,0,0,,,,,,0,0,4,3,2,1,3,9,2,4,1,2,4,3,1,0,0,2
4007,121,Deodorant B,0,5,1,3,1,3,4,3,2,5,5,3,4,4,4,4,4,4,1,4,5,5,3,5,3,5,3,4,4,2,0,0,,,0,0,,0,,,0,0,0,,,,,,0,0,5,3,3,1,2,6,3,4,1,3,4,2,1,0,0,4
4008,121,Deodorant B,0,6,1,4,4,5,5,2,5,1,3,3,1,5,1,2,3,4,1,5,5,1,4,1,2,4,3,5,3,2,0,0,,,0,0,,0,,,0,0,0,,,,,,0,1,3,2,3,1,5,6,2,4,1,2,8,2,2,0,0,4
4009,121,Deodorant B,1,1,2,4,1,5,3,2,5,3,1,4,4,5,1,1,5,4,3,4,1,2,3,5,2,3,5,5,5,2,0,0,,,0,0,,0,,,0,0,0,,,,,,0,0,2,1,3,1,6,9,5,4,1,4,5,2,3,0,0,5
4010,121,Deodorant B,1,4,1,3,3,5,5,5,2,1,5,4,4,4,1,4,4,5,5,2,4,1,5,1,3,1,4,4,4,-1,0,0,,,0,0,,0,,,0,0,1,,,,,,0,0,3,3,2,3,5,3,7,4,1,2,10,2,2,0,0,3
4011,121,Deodorant B,0,5,1,4,1,4,5,2,3,4,4,2,2,3,4,2,5,3,1,5,4,1,2,1,4,5,3,5,2,1,0,0,,,0,0,,0,,,0,0,0,,,,,,0,0,4,1,2,3,4,9,6,4,1,4,6,4,1,0.333333333,0,1
4012,121,Deodorant B,1,4,2,4,2,5,4,1,5,2,2,3,2,2,4,3,4,3,1,5,5,1,2,1,5,5,2,3,2,2,0,0,,,0,0,,0,,,0,0,0,,,,,,0,0,2,4,3,3,4,8,4,4,1,3,8,3,1,0,0,3
4013,121,Deodorant B,1,2,1,4,4,4,5,1,5,3,4,5,5,2,4,3,5,4,1,5,4,3,3,2,5,5,3,1,4,3,0,1,,,0,0,,0,,,0,0,0,,,,,,0,0,5,3,2,3,7,7,3,4,1,3,4,1,4,0,0,3
4014,121,Deodorant B,1,2,1,3,1,4,5,1,2,3,4,5,5,5,2,1,3,4,1,1,5,2,1,2,3,2,4,5,5,4,0,0,,,0,0,,1,,,0,1,0,,,,,,0,0,5,1,3,1,2,8,2,4,1,4,5,1,1,0,0,6
4015,121,Deodorant B,0,6,2,3,1,3,4,5,4,1,2,4,5,1,5,1,5,5,1,2,4,4,2,3,3,1,4,4,4,1,0,0,,,0,0,,0,,,0,0,0,,,,,,0,0,3,1,1,3,5,8,2,4,1,3,10,2,2,0,0,4
4016,121,Deodorant B,0,5,1,3,2,4,5,2,5,1,5,3,5,5,5,2,3,5,1,4,3,4,3,3,3,4,4,1,3,0,0,0,,,0,0,,0,,,0,0,0,,,,,,0,0,5,1,3,2,1,9,2,4,1,4,5,3,1,0,0,3
4017,121,Deodorant B,1,1,0,3,2,4,3,1,4,1,4,5,5,5,5,1,4,5,1,4,3,4,3,5,5,5,2,5,1,0,0,0,,,0,0,,0,,,0,0,0,,,,,,0,0,5,3,3,3,7,8,2,4,1,3,10,1,1,0,0,2
4018,121,Deodorant B,0,7,1,4,3,5,4,3,1,5,2,5,4,4,5,4,3,4,1,5,3,2,5,5,4,5,4,4,3,1,1,0,,,1,0,,1,,,0,0,0,,,,,,0,0,1,1,2,1,1,5,2,4,1,3,2,2,1,0,0,3
4019,121,Deodorant B,0,7,2,3,3,4,5,1,3,1,4,4,3,5,5,5,5,5,2,3,5,5,3,4,2,5,1,1,3,1,0,0,,,0,0,,0,,,0,1,0,,,,,,0,0,5,1,3,1,6,2,4,4,1,4,10,2,6,0,0,5
4020,121,Deodorant B,0,7,3,4,1,5,1,2,5,2,5,3,5,5,3,5,2,3,2,3,4,1,5,1,5,1,3,5,4,0,0,0,,,0,0,,0,,,0,0,0,,,,,,0,0,4,4,2,3,7,3,2,4,1,4,3,2,1,0,0,3
4021,121,Deodorant B,0,5,1,5,1,4,3,1,4,1,5,5,3,5,3,1,1,3,5,5,5,3,2,5,5,5,1,5,4,2,0,1,,,0,0,,0,,,0,0,0,,,,,,0,0,2,2,3,3,7,10,3,4,2,3,3,1,2,0,0,4
4022,121,Deodorant B,0,5,1,3,3,5,4,3,4,1,3,5,4,1,2,5,4,3,1,4,4,1,3,1,1,5,1,4,5,1,0,0,,,0,0,,0,,,0,0,0,,,,,,0,0,5,3,3,3,7,6,2,4,1,4,7,2,2,0,0,2
4023,121,Deodorant B,0,5,1,3,2,4,2,1,3,5,4,2,3,5,4,2,4,2,3,3,5,1,5,5,1,4,4,5,4,2,0,0,,,0,0,,0,,,0,0,0,,,,,,0,0,4,1,2,1,2,9,3,4,1,2,6,2,4,0,0,6
4024,121,Deodorant B,0,6,0,3,4,4,5,1,3,5,5,5,3,4,5,3,3,4,2,2,3,5,4,3,2,1,3,4,1,3,0,0,,,0,0,,0,,,0,0,0,,,,,,0,0,5,1,3,3,5,7,5,4,3,4,3,2,1,0,0,3
4025,121,Deodorant B,0,5,1,3,2,5,5,2,3,2,4,5,1,4,4,2,4,4,1,2,1,3,2,3,1,3,4,4,4,-1,0,0,,,0,0,,1,,,0,0,0,,,,,,0,0,5,1,2,3,4,6,7,4,5,4,6,1,2,0,0,6
4026,121,Deodorant B,1,4,2,4,2,3,5,2,4,1,4,4,5,2,1,4,4,4,1,5,5,3,1,5,5,2,5,4,5,2,0,0,,,0,0,,0,,,0,0,0,,,,,,0,0,4,3,3,3,5,3,7,4,2,3,6,1,3,0,0,3
4027,121,Deodorant B,1,3,1,3,1,1,3,5,3,1,4,5,4,2,3,3,1,4,1,2,2,1,2,3,4,1,2,2,5,2,0,0,,,0,0,,0,,,0,0,0,,,,,,0,0,4,1,3,3,2,8,2,4,5,5,6,2,1,0,0,3
4028,121,Deodorant B,0,5,3,3,2,3,4,1,5,5,4,2,4,4,4,5,4,5,4,3,3,4,4,3,4,1,5,4,4,3,0,0,,,0,0,,0,,,0,0,0,,,,,,0,0,5,2,1,1,6,2,2,4,2,2,3,2,1,0,0,3
4029,121,Deodorant B,0,7,0,3,2,5,3,2,2,5,5,2,5,2,5,1,5,4,2,4,5,1,4,1,3,4,5,5,5,3,0,0,,,0,0,,0,,,0,0,0,,,,,,0,0,4,5,2,1,4,10,4,4,1,4,7,2,2,0,0,2
4030,121,Deodorant B,0,7,1,3,5,4,4,4,1,2,5,2,5,5,1,4,2,3,3,4,4,1,1,3,2,5,5,4,4,1,0,0,,,0,0,,0,,,0,0,0,,,,,,0,0,1,1,1,3,6,8,2,4,1,2,4,3,1,0,0,6
4031,121,Deodorant B,0,5,1,3,4,4,4,3,2,1,5,4,3,4,4,4,3,4,3,4,4,5,4,5,4,1,3,2,4,1,0,0,,,0,0,,0,,,0,0,0,,,,,,0,0,5,5,1,3,4,9,3,4,2,2,5,2,1,0,0,4
4032,121,Deodorant B,0,6,0,3,3,5,4,1,5,2,4,2,5,4,5,1,2,3,1,3,5,3,4,1,5,4,1,1,5,1,0,0,,,0,0,,0,,,0,0,0,,,,,,0,0,3,3,3,1,5,7,2,4,1,4,4,4,2,0,0,6
4033,121,Deodorant B,0,7,1,3,3,5,2,1,2,1,5,4,4,4,4,5,3,5,2,4,1,4,2,5,1,5,3,5,4,2,0,0,,,0,0,,1,,,0,0,0,,,,,,0,0,5,3,3,2,7,7,2,4,1,3,4,2,4,0,0,6
4034,121,Deodorant B,0,5,1,5,3,2,5,3,4,1,4,5,3,5,5,3,5,5,2,5,5,1,4,2,3,2,5,4,4,1,0,0,,,0,0,,0,,,0,0,0,,,,,,0,0,5,2,2,2,2,8,2,4,3,4,7,2,1,0,0,4
4035,121,Deodorant B,0,5,2,3,2,4,5,2,5,1,5,2,5,4,5,4,4,4,1,5,1,3,2,2,5,2,3,3,5,2,0,0,,,0,0,,1,,,0,0,0,,,,,,0,0,4,1,3,2,5,2,3,4,3,4,6,2,1,0,0,1
4036,121,Deodorant B,0,6,1,3,2,4,4,1,2,5,2,5,5,5,4,4,5,4,2,4,3,3,1,2,1,4,4,4,5,1,0,1,,,0,0,,0,,,0,0,0,,,,,,0,0,4,3,2,1,7,8,2,4,3,4,6,1,5,0,0,3
4037,121,Deodorant B,1,4,2,3,4,4,4,1,5,3,3,3,3,4,3,1,5,4,1,5,5,1,4,5,4,2,1,4,5,1,0,0,,,0,0,,0,,,0,0,0,,,,,,0,0,5,4,3,3,7,7,5,4,1,4,3,2,7,0,0,6
4038,121,Deodorant B,1,3,2,4,3,3,2,3,3,1,5,5,3,5,5,1,1,4,2,5,3,1,3,5,5,4,4,3,5,2,0,0,,,0,0,,1,,,0,0,0,,,,,,0,0,5,4,3,3,2,3,2,4,3,2,3,1,1,0,0,1
4039,121,Deodorant B,0,6,1,3,3,1,3,1,5,3,5,5,5,3,2,1,4,4,4,4,5,3,3,1,2,4,3,5,2,2,0,0,,,0,0,,0,,,0,0,0,,,,,,0,0,5,3,2,3,3,1,7,4,1,3,7,1,1,0,0,1
4040,121,Deodorant B,0,6,1,3,1,4,5,1,5,2,5,3,4,2,1,4,4,4,5,3,5,1,4,1,4,3,4,3,3,0,0,0,,,0,0,,0,,,0,0,0,,,,,,0,0,3,3,3,1,3,8,5,4,1,3,6,1,2,0,0,2
4041,121,Deodorant B,1,4,1,4,1,4,4,3,4,4,1,4,4,5,3,1,5,4,1,5,4,2,2,1,3,4,4,4,4,2,0,0,,,0,0,,1,,,0,0,0,,,,,,0,1,4,5,3,1,7,4,2,4,4,2,10,1,1,0,0,6
4042,121,Deodorant B,0,6,1,3,3,4,2,2,3,3,2,2,5,5,3,2,5,4,2,5,5,5,4,1,3,2,5,1,5,0,0,0,,,0,0,,1,,,0,0,0,,,,,,0,0,2,1,3,2,5,4,5,4,1,2,3,2,1,0,0,3
4043,121,Deodorant B,0,6,1,3,1,3,5,2,3,2,5,1,5,5,4,5,1,3,3,4,2,1,4,5,4,2,4,5,2,1,0,0,,,0,0,,0,,,0,0,0,,,,,,1,0,4,1,2,2,6,7,7,4,4,2,8,2,1,0,0,2
4044,121,Deodorant B,0,5,0,3,3,5,4,2,1,2,3,1,5,3,1,1,3,3,3,3,4,1,1,3,4,5,3,5,5,2,0,0,,,0,0,,0,,,0,0,0,,,,,,0,0,1,5,3,3,4,8,4,4,1,5,2,1,3,0,0,2
4045,121,Deodorant B,0,5,1,3,1,4,4,3,5,2,2,4,4,5,2,1,3,2,1,5,2,3,2,1,3,4,3,5,3,3,0,1,,,1,0,,0,,,0,0,0,,,,,,0,1,5,4,3,3,7,7,5,4,2,2,4,1,1,0,0,1
4046,121,Deodorant B,1,4,1,3,3,1,4,1,2,1,3,5,5,5,5,5,3,4,1,3,4,1,1,4,2,2,5,4,2,0,0,0,,,0,0,,0,,,0,0,0,,,,,,0,0,5,2,3,3,6,2,7,4,1,2,6,1,1,0,0,2
4047,121,Deodorant B,0,6,0,4,3,1,5,2,4,1,5,3,3,5,5,2,4,1,3,5,1,5,4,3,4,5,5,2,2,1,0,0,,,0,0,,0,,,0,0,0,,,,,,0,0,2,4,1,2,3,9,5,4,1,3,5,2,1,0,0,3
4048,121,Deodorant B,0,6,1,3,1,4,4,1,2,2,5,5,1,3,3,3,5,5,2,4,3,3,2,1,4,5,5,2,4,2,0,0,,,0,0,,0,,,0,0,0,,,,,,0,0,3,2,3,3,4,7,7,4,1,2,2,2,2,0,0,6
4049,121,Deodorant B,0,6,1,3,3,2,5,3,3,5,5,5,4,4,4,2,5,1,2,3,5,1,2,5,5,4,3,5,5,2,0,0,,,0,0,,0,,,0,0,0,,,,,,0,0,5,2,2,1,1,7,2,4,2,6,5,2,1,0,0,4
4050,121,Deodorant B,0,6,1,4,1,5,2,1,2,2,4,5,4,4,5,4,5,4,2,5,3,1,3,1,3,4,5,5,2,2,0,0,,,0,0,,0,,,0,0,0,,,,,,0,0,5,1,3,2,6,7,1,4,1,3,5,1,1,0,0,6
4051,121,Deodorant B,1,1,1,3,2,4,4,5,5,4,1,1,5,2,5,1,5,5,3,4,2,1,5,5,3,5,3,3,2,1,0,0,,,0,1,,0,,,0,0,0,,,,,,0,0,2,3,3,3,4,3,2,4,1,6,4,2,2,0,0,2
4052,121,Deodorant B,0,6,0,3,5,5,5,3,2,3,4,3,4,1,2,1,5,1,3,2,1,2,3,4,3,3,4,5,1,-1,0,0,,,0,0,,0,,,0,0,0,,,,,,0,0,4,3,3,3,6,4,3,4,1,2,3,1,2,0,0,4
4053,121,Deodorant B,0,5,2,3,1,3,4,1,4,1,2,3,5,5,4,1,4,5,1,4,5,2,5,1,5,4,5,4,4,1,0,0,,,0,0,,0,,,0,0,0,,,,,,0,0,5,1,3,2,5,5,7,4,1,2,4,2,1,0,0,1
4054,121,Deodorant B,0,6,0,3,1,4,4,2,5,5,1,4,5,5,3,4,5,3,5,5,5,3,5,5,5,3,3,2,5,2,0,0,,,0,0,,0,,,0,0,0,,,,,,0,0,4,5,2,2,6,3,1,4,3,4,4,2,3,0,0,3
4055,121,Deodorant B,0,6,2,3,1,2,5,1,5,1,5,4,1,5,4,2,5,5,5,5,2,1,3,4,5,1,1,3,4,1,0,0,,,0,0,,0,,,0,0,0,,,,,,0,0,5,3,1,3,6,4,7,4,4,2,8,1,1,0,0,6
4056,121,Deodorant B,0,7,1,5,1,3,4,1,3,5,5,5,4,4,2,5,5,5,1,2,2,4,3,2,4,4,4,4,1,3,0,0,,,0,0,,0,,,0,0,0,,,,,,0,0,2,3,2,1,5,7,5,4,1,3,5,1,1,0,0,1
4057,121,Deodorant B,0,6,0,3,2,2,3,2,3,3,5,5,4,1,4,3,2,4,1,5,4,2,5,3,4,4,3,4,2,1,1,0,,,0,0,,0,,,0,0,0,,,,,,0,0,5,5,3,3,6,8,2,4,4,4,10,1,2,0,0,1
4058,121,Deodorant B,1,4,0,4,1,4,4,2,5,2,5,5,4,4,4,5,2,4,2,2,3,5,1,3,1,4,5,4,4,3,0,0,,,0,0,,0,,,0,0,0,,,,,,0,0,5,3,3,1,5,10,2,4,1,3,2,2,1,0,0,2
4059,121,Deodorant B,0,5,2,3,3,5,5,3,3,1,3,4,3,5,1,3,3,4,2,5,3,2,5,2,4,2,5,5,4,2,0,0,,,0,0,,0,,,0,0,0,,,,,,0,0,3,1,2,2,6,7,5,4,1,2,8,1,6,0,0,5
4060,121,Deodorant B,0,6,1,4,1,1,1,1,2,1,3,5,4,5,5,3,5,4,1,5,4,1,4,1,5,4,2,4,3,3,0,0,,,0,0,,0,,,0,0,0,,,,,,0,0,4,3,2,1,3,1,2,4,2,2,4,1,1,0,0,1
4061,121,Deodorant B,0,5,0,3,4,5,2,1,1,2,5,4,3,4,3,1,5,4,1,4,1,4,1,2,2,4,5,3,5,0,0,0,,,0,0,,0,,,0,0,0,,,,,,0,0,2,3,3,1,5,10,5,4,3,4,9,2,3,0,0,2
4062,121,Deodorant B,1,3,2,4,3,2,1,1,5,1,4,5,2,5,3,2,2,4,1,4,4,3,3,2,3,2,5,2,2,3,0,0,,,0,0,,0,,,0,0,0,,,,,,0,0,5,4,3,2,5,10,4,4,1,2,4,2,2,0,0,1
4063,121,Deodorant B,0,5,0,3,1,5,5,2,4,2,4,3,3,4,5,1,4,5,4,3,4,2,3,1,4,3,4,1,5,2,0,0,,,0,0,,0,,,0,0,0,,,,,,0,0,5,5,3,2,2,5,6,4,1,3,10,1,4,0,0,6
4064,121,Deodorant B,1,2,2,3,1,5,2,5,5,4,3,4,5,3,4,2,4,5,2,4,3,5,4,1,3,1,4,3,2,2,0,0,,,0,0,,0,,,0,0,0,,,,,,0,1,5,1,3,2,6,8,2,4,2,3,8,3,2,0,0,2
4065,121,Deodorant B,0,6,0,2,1,4,4,4,5,1,4,3,1,4,5,1,4,4,3,1,5,3,2,5,3,3,5,5,3,2,0,0,,,0,0,,1,,,0,0,1,,,,,,0,0,5,2,2,3,6,10,5,4,1,5,2,1,2,0,0,1
4066,121,Deodorant B,0,5,1,3,2,5,4,2,3,1,5,5,5,2,5,1,4,1,3,2,3,5,3,5,2,5,5,2,1,2,0,0,,,0,0,,0,,,0,0,0,,,,,,0,1,4,1,3,3,2,5,2,4,3,2,10,2,1,0,0,1
4067,121,Deodorant B,0,6,2,3,2,4,5,1,5,2,4,4,4,3,1,2,5,1,4,5,3,2,3,4,4,4,4,4,3,1,0,0,,,0,0,,0,,,0,0,0,,,,,,0,0,5,1,1,2,6,8,2,4,3,3,5,2,3,0,0,4
4068,121,Deodorant B,0,7,2,3,3,2,4,2,5,3,3,3,4,5,5,3,1,5,2,3,5,3,5,4,4,2,5,5,3,1,0,0,,,0,0,,0,,,0,0,0,,,,,,0,0,5,3,3,1,5,5,5,4,1,2,4,2,1,0,0,6
4069,121,Deodorant B,0,6,0,3,2,2,4,1,4,3,4,4,5,4,1,3,1,5,2,3,4,5,3,4,4,2,5,5,4,1,0,0,,,0,0,,0,,,0,0,0,,,,,,0,0,4,1,2,3,5,10,1,4,1,4,5,2,1,0,0,6
4070,121,Deodorant B,1,4,1,4,4,4,4,1,2,5,4,3,3,3,5,4,5,5,1,2,4,1,5,2,3,3,3,1,2,1,0,0,,,0,0,,0,,,0,0,0,,,,,,0,0,5,3,2,3,6,8,2,4,1,3,10,2,1,0,0,2
4071,121,Deodorant B,1,4,0,3,3,5,4,1,5,3,5,3,5,5,2,1,4,4,1,5,3,3,1,1,3,5,4,5,5,1,0,0,,,0,0,,0,,,0,0,0,,,,,,0,0,4,4,2,3,4,7,6,4,1,4,3,2,2,0,0,5
4072,121,Deodorant B,0,5,3,3,1,5,5,3,1,2,5,5,2,4,3,5,2,4,1,5,2,5,2,4,3,2,4,4,3,2,0,0,,,0,0,,0,,,0,0,0,,,,,,0,0,4,1,3,3,1,9,2,4,2,3,9,2,3,0,0,6
4073,121,Deodorant B,1,4,3,3,1,3,2,2,3,2,5,4,5,1,3,3,3,5,2,4,3,2,3,1,1,4,5,5,3,2,0,0,,,0,0,,0,,,0,0,0,,,,,,0,0,5,3,1,1,5,7,2,4,3,4,7,2,1,0,0,2
4074,121,Deodorant B,0,6,1,3,2,4,4,2,3,3,4,5,5,5,4,5,5,2,3,2,1,2,2,1,5,5,4,2,4,1,0,0,,,1,0,,0,,,0,0,0,,,,,,0,0,5,5,1,1,4,7,1,4,1,2,4,2,5,0,0,2
4075,121,Deodorant B,0,6,1,3,2,5,3,3,2,5,4,2,3,1,3,1,5,5,3,4,3,1,2,1,4,1,3,5,2,4,0,1,,,0,0,,0,,,0,0,0,,,,,,0,0,1,3,2,3,5,10,7,4,1,4,3,2,1,0,0,1
4076,121,Deodorant B,0,5,2,3,3,3,4,2,3,2,5,5,1,4,4,3,1,4,1,3,5,4,2,2,5,5,5,1,3,4,0,1,,,0,0,,1,,,0,1,0,,,,,,0,0,5,1,1,2,6,10,2,4,1,2,5,2,1,0,0,4
4077,121,Deodorant B,1,4,0,3,1,4,3,4,5,1,3,4,4,2,4,4,4,4,4,5,1,2,5,2,5,1,5,5,5,1,0,0,,,0,0,,0,,,0,0,0,,,,,,0,0,3,4,3,1,6,8,2,4,4,3,4,1,1,0,0,2
4078,121,Deodorant B,0,5,3,3,1,2,5,5,4,1,4,5,5,1,2,2,1,3,4,4,4,3,3,3,4,5,5,5,5,1,0,0,,,0,0,,0,,,0,0,0,,,,,,0,0,4,3,1,1,6,5,2,4,4,3,3,2,1,0,0,4
4079,121,Deodorant B,0,5,1,4,5,5,4,1,5,2,5,5,5,5,4,4,2,3,4,2,3,5,5,3,4,5,5,4,4,3,0,0,,,0,0,,0,,,0,0,0,,,,,,0,0,5,1,3,1,6,2,2,4,5,3,4,2,1,0,0,4
4080,121,Deodorant B,0,6,1,3,4,1,3,3,5,2,3,4,1,5,3,2,4,4,3,5,3,3,2,5,3,4,3,4,1,1,0,0,,,0,0,,0,,,0,0,0,,,,,,0,0,2,3,3,3,6,7,6,4,1,3,3,1,6,0,0,3
4081,121,Deodorant B,1,4,0,2,5,1,5,1,4,2,5,5,4,2,5,1,2,4,1,5,5,5,2,3,4,1,2,4,5,2,0,0,,,0,0,,0,,,0,0,0,,,,,,0,0,1,4,3,3,6,1,5,4,1,5,6,2,1,0,0,4
4082,121,Deodorant B,1,1,1,2,4,5,1,4,2,2,3,4,5,4,3,1,5,5,1,5,2,1,4,1,4,2,1,2,5,2,0,0,,,0,0,,0,,,0,0,0,,,,,,0,0,1,1,3,1,7,7,3,4,5,4,3,1,2,0,0,5
4083,121,Deodorant B,0,7,1,3,1,4,4,1,3,3,5,3,5,5,5,3,2,5,1,5,5,3,2,5,4,3,3,4,2,-1,0,0,,,0,0,,0,,,0,0,0,,,,,,0,0,4,1,3,3,5,7,6,4,2,4,3,1,3,0,0,1
4084,121,Deodorant B,0,7,2,3,1,5,4,4,4,2,5,5,1,5,3,4,4,3,2,4,2,3,2,3,1,2,4,4,1,1,0,0,,,0,1,,0,,,0,0,0,,,,,,0,0,4,2,3,3,7,8,2,4,1,3,6,2,2,0,0,4
4085,121,Deodorant B,0,7,1,3,2,4,4,4,2,2,5,5,2,5,1,3,4,5,2,5,4,5,4,3,4,3,4,3,5,3,0,0,,,0,0,,0,,,0,0,0,,,,,,0,0,5,3,3,3,5,2,7,4,3,3,5,2,1,0,0,3
4086,121,Deodorant B,0,6,2,3,1,4,4,1,4,5,3,1,4,2,5,2,5,3,1,5,4,2,5,5,4,4,4,1,5,1,0,0,,,0,0,,0,,,0,0,0,,,,,,0,0,2,2,2,1,4,8,1,4,1,3,4,2,1,0,0,1
4087,121,Deodorant B,1,4,1,3,3,5,4,5,5,2,5,2,4,5,1,5,3,5,1,3,1,2,3,2,3,5,4,4,3,0,0,0,,,0,0,,0,,,0,0,0,,,,,,0,0,4,3,1,1,7,10,2,4,3,3,2,1,1,0,0,5
4088,121,Deodorant B,0,5,2,5,1,4,2,4,5,5,5,5,5,5,2,3,5,4,2,4,1,4,1,3,4,4,3,5,4,2,0,0,,,0,0,,0,,,0,0,0,,,,,,0,0,2,5,3,1,5,9,2,4,1,2,5,1,1,0,0,1
4089,121,Deodorant B,1,3,1,5,2,3,4,3,1,1,4,3,1,3,4,5,5,5,3,3,1,2,5,3,4,4,5,3,3,1,0,0,,,0,0,,0,,,0,0,0,,,,,,0,0,2,1,1,2,6,1,2,4,2,4,4,1,1,0,0,3
4090,121,Deodorant B,0,7,1,3,2,3,5,3,2,3,4,5,3,5,1,4,5,5,3,4,2,4,2,5,3,2,3,3,1,3,0,0,,,0,0,,0,,,0,0,0,,,,,,0,0,5,4,2,2,6,8,2,4,2,2,3,1,1,0,0,2
4091,121,Deodorant B,0,6,2,3,1,4,5,2,4,2,4,3,5,5,1,1,4,4,2,5,3,2,5,2,3,4,2,4,4,1,0,0,,,0,0,,0,,,0,0,0,,,,,,0,0,1,3,1,2,5,5,2,4,1,2,2,2,2,0,0,2
4092,121,Deodorant B,0,5,0,3,1,4,4,4,2,2,4,3,5,5,5,4,4,5,2,3,4,2,1,3,4,2,2,4,3,2,0,0,,,0,1,,0,,,0,0,0,,,,,,0,0,5,3,1,3,7,7,4,4,2,3,7,1,2,0,0,2
4093,121,Deodorant B,0,6,0,3,1,3,5,1,3,2,3,2,3,5,4,1,5,5,2,5,2,3,1,4,4,5,4,3,5,-1,0,1,,,0,0,,0,,,0,0,0,,,,,,0,0,3,3,3,2,5,6,5,4,1,4,3,1,1,0,0,4
4094,121,Deodorant B,0,5,3,3,5,4,5,1,1,4,4,4,3,5,5,1,4,5,1,4,4,1,5,5,4,4,3,3,4,2,0,0,,,0,0,,0,,,0,0,0,,,,,,0,0,5,2,3,3,5,10,2,4,5,4,5,1,2,0,0,4
4095,121,Deodorant B,0,6,2,4,3,5,3,2,5,3,5,5,5,1,5,5,3,4,4,1,5,5,1,4,2,4,5,1,2,4,0,0,,,0,0,,0,,,0,0,0,,,,,,0,0,4,2,3,3,5,7,2,4,1,4,10,2,2,0,0,3
4096,121,Deodorant B,0,5,0,3,4,5,5,1,1,4,3,5,1,5,5,1,5,5,2,5,1,1,1,4,1,5,1,3,4,7,0,0,,,0,0,,0,,,0,0,0,,,,,,0,0,1,1,3,1,5,8,3,4,1,4,2,1,2,0,0,1
4097,121,Deodorant B,0,5,1,4,4,4,3,2,5,1,2,4,3,5,3,1,3,3,3,4,4,1,4,4,3,1,5,5,1,0,0,0,,,0,0,,0,,,0,0,0,,,,,,0,0,1,4,1,1,6,7,2,4,1,4,4,3,4,0,0,5
4098,121,Deodorant B,0,6,3,4,5,1,2,1,2,4,4,3,4,5,5,3,4,5,2,5,5,3,5,3,1,3,3,3,4,0,0,0,,,0,0,,0,,,0,0,0,,,,,,0,0,4,3,2,3,5,4,2,4,2,3,5,2,1,0,0,1
4099,121,Deodorant B,0,6,2,4,1,5,4,1,3,4,4,4,3,5,5,4,4,3,1,3,4,1,2,3,5,1,5,4,1,3,0,0,,,0,0,,0,,,0,0,0,,,,,,0,0,3,5,3,2,6,8,1,4,5,3,4,1,3,0,0,5
4100,121,Deodorant B,0,7,0,5,2,2,4,5,3,4,5,5,3,5,4,1,5,3,3,4,3,1,3,4,3,2,3,2,4,1,1,1,,,0,0,,0,,,0,0,0,,,,,,0,0,4,3,2,1,7,7,2,4,1,3,3,2,1,0,0,2
4101,121,Deodorant B,0,5,1,3,1,5,3,1,4,3,5,2,3,5,1,1,4,4,1,5,5,5,2,3,1,5,4,4,3,2,0,0,,,0,0,,1,,,0,0,0,,,,,,0,0,3,2,2,1,6,3,2,4,5,5,7,1,2,0,0,3
4102,121,Deodorant B,0,5,2,3,1,5,3,1,5,1,1,5,5,3,3,3,5,2,3,1,3,1,2,5,3,5,4,3,4,2,0,0,,,0,0,,0,,,0,0,0,,,,,,0,0,4,2,3,3,6,9,2,4,1,4,5,2,1,0,0,3
4103,121,Deodorant B,0,6,2,3,1,5,4,3,4,2,3,5,5,4,1,3,3,5,1,4,4,1,4,2,5,4,3,5,3,0,0,0,,,0,0,,0,,,0,0,0,,,,,,0,0,1,1,2,2,6,7,5,4,3,4,6,2,2,0,0,2
4104,121,Deodorant B,0,5,1,3,1,2,4,2,3,4,2,4,4,5,3,5,4,4,1,2,5,2,2,2,2,2,3,4,2,1,0,0,,,0,0,,0,,,0,0,0,,,,,,0,0,5,1,3,2,5,2,2,4,1,4,6,3,2,0,0,2
4105,121,Deodorant B,0,5,1,4,4,1,4,2,3,1,4,4,5,5,4,3,4,5,1,5,1,4,2,2,5,2,4,4,3,-1,0,0,,,0,0,,0,,,0,0,0,,,,,,0,0,4,3,3,1,6,6,3,4,3,3,4,1,1,0,0,2
4106,121,Deodorant B,0,6,3,3,5,3,3,2,2,2,4,3,4,5,3,3,4,4,1,4,5,5,3,3,3,2,5,5,5,3,0,0,,,0,0,,0,,,0,0,0,,,,,,0,0,2,1,3,3,7,9,2,4,2,4,4,1,2,0,0,2
4107,121,Deodorant B,0,6,0,3,2,5,4,2,5,5,3,5,3,5,5,2,3,5,1,3,5,1,4,4,1,3,1,4,4,4,0,0,,,0,0,,0,,,0,1,0,,,,,,0,0,1,1,3,3,5,8,5,4,1,4,4,2,1,0,0,2
4108,121,Deodorant B,0,6,0,2,3,4,4,3,5,1,3,4,5,5,5,4,5,5,3,4,4,1,3,2,1,1,3,5,4,0,0,0,,,0,0,,0,,,0,1,0,,,,,,0,1,4,5,3,2,5,10,2,4,2,4,6,1,1,0,0,4
4109,121,Deodorant B,1,1,1,3,1,4,4,2,3,1,5,4,3,4,5,1,5,3,1,3,5,3,5,2,4,4,4,4,4,3,0,0,,,0,0,,0,,,0,0,0,,,,,,0,0,1,2,2,2,1,5,4,4,3,3,2,1,1,0,0,2
4110,121,Deodorant B,0,6,1,4,1,4,1,2,5,5,4,4,5,4,3,2,2,5,1,4,5,4,4,4,4,1,3,2,3,1,0,0,,,0,0,,1,,,0,0,0,,,,,,0,0,5,5,2,2,6,5,2,4,1,2,10,1,1,0,0,3
4111,121,Deodorant B,0,7,1,4,2,3,4,2,2,5,1,5,4,5,5,1,3,5,2,4,5,5,2,1,3,3,4,1,4,2,0,0,,,0,0,,1,,,0,0,0,,,,,,0,0,5,2,2,2,6,5,7,4,1,3,6,1,1,0,0,2
4112,121,Deodorant B,0,6,0,3,2,5,5,1,4,2,5,3,3,2,5,1,3,2,2,4,1,5,3,5,5,4,3,4,4,3,0,0,,,0,0,,0,,,0,0,0,,,,,,0,0,1,3,3,3,7,3,4,4,2,4,3,2,2,0,0,3
4113,121,Deodorant B,0,5,2,4,2,4,2,2,3,1,2,4,5,5,1,1,5,4,1,5,4,1,5,5,2,4,2,1,5,1,0,0,,,0,0,,0,,,0,0,0,,,,,,0,0,2,5,2,3,5,7,7,4,1,2,6,2,1,0,0,4
4114,121,Deodorant B,0,5,0,3,2,4,2,5,2,5,4,5,5,5,2,4,4,5,1,5,4,1,2,3,2,4,3,4,3,1,0,0,,,0,0,,0,,,0,1,0,,,,,,0,0,3,5,3,1,7,7,2,4,1,3,3,2,4,0,0,6
4115,121,Deodorant B,1,1,2,4,4,4,5,1,2,5,4,4,4,5,3,2,4,4,5,3,4,4,3,2,5,2,4,4,2,0,0,1,,,0,0,,0,,,0,0,0,,,,,,0,0,5,4,2,1,2,6,3,4,2,4,2,2,1,0,0,3
4116,121,Deodorant B,0,7,2,3,4,2,5,3,5,2,5,2,3,4,1,2,4,3,1,3,3,2,3,3,1,3,2,2,5,0,0,0,,,0,0,,0,,,0,0,0,,,,,,0,0,5,1,3,2,6,9,7,4,1,4,6,2,2,0,0,3
4117,121,Deodorant B,0,6,2,3,4,4,4,2,4,4,4,2,2,4,4,2,5,5,1,3,1,5,4,5,1,4,5,5,4,1,0,0,,,0,0,,0,,,0,0,0,,,,,,0,0,4,1,3,1,5,5,7,4,1,4,5,1,2,0,0,2
4118,121,Deodorant B,0,5,2,3,5,5,4,2,3,2,2,5,3,4,1,4,3,3,1,3,5,3,4,3,4,1,3,4,4,-1,0,0,,,0,0,,0,,,0,0,0,,,,,,0,0,3,3,3,2,6,5,7,4,1,2,2,2,1,0,0,2
4119,121,Deodorant B,1,3,1,3,1,2,2,2,2,1,5,4,4,4,4,4,2,4,1,4,3,1,1,3,4,1,4,5,4,3,0,0,,,0,0,,0,,,0,0,0,,,,,,0,0,1,3,1,2,6,2,2,4,1,4,5,2,1,0,0,4
4120,121,Deodorant B,0,7,1,4,2,2,4,2,4,1,5,1,4,3,5,1,1,1,3,4,2,4,2,4,2,2,1,5,4,2,0,0,,,0,1,,1,,,0,0,0,,,,,,0,0,1,1,3,3,6,9,3,4,1,3,3,2,1,0,0,2
4121,121,Deodorant B,1,1,1,5,1,4,4,3,5,2,4,4,4,4,3,2,3,3,2,5,4,2,4,2,3,1,4,4,2,1,0,0,,,0,0,,0,,,0,0,0,,,,,,0,0,4,3,1,1,7,7,4,4,1,2,2,2,1,0,0,1
4122,121,Deodorant B,0,6,2,4,4,4,1,2,5,3,3,2,2,2,1,2,4,4,2,4,4,5,4,4,4,5,3,2,5,0,0,0,,,0,0,,0,,,0,0,0,,,,,,0,0,2,2,3,1,6,2,2,4,1,3,5,2,7,0,0,3
4123,121,Deodorant B,1,1,1,3,1,5,3,1,1,5,4,5,5,3,4,1,1,3,1,2,5,5,2,2,5,5,4,4,2,3,0,0,,,1,0,,0,,,0,0,0,,,,,,0,0,3,4,3,2,6,10,3,4,1,4,10,2,1,0,0,4
4124,121,Deodorant B,0,6,1,3,1,5,5,3,4,1,5,1,4,5,2,3,1,4,2,4,4,5,4,4,5,3,4,1,4,2,0,0,,,0,0,,1,,,0,0,0,,,,,,0,0,1,2,3,2,6,7,6,4,2,6,3,2,1,0,0,3
4125,121,Deodorant B,1,4,0,4,2,1,5,1,2,1,2,5,4,5,4,1,3,4,2,3,4,5,3,2,5,5,1,5,4,3,0,0,,,0,0,,0,,,0,0,0,,,,,,0,0,4,3,3,3,5,4,7,4,4,4,3,2,1,0,0,3
4126,121,Deodorant B,0,5,2,4,4,4,4,4,1,1,3,5,5,5,4,4,4,5,3,3,5,4,2,5,3,3,4,5,4,3,0,0,,,0,0,,0,,,1,0,0,,,,,,0,0,4,2,1,1,4,9,4,4,3,4,10,2,1,0,0,4
4127,121,Deodorant B,1,3,2,4,3,4,3,3,3,3,5,1,5,5,1,1,5,4,1,3,5,1,5,5,2,5,2,2,4,0,0,0,,,0,0,,0,,,0,0,0,,,,,,0,0,1,2,3,3,1,7,2,4,1,3,5,2,1,0,1,2
4128,121,Deodorant B,0,5,0,3,1,2,5,3,4,2,3,5,3,5,4,4,5,4,1,5,3,5,1,5,1,3,2,5,3,1,0,0,,,0,0,,0,,,0,0,0,,,,,,0,0,2,4,3,1,6,9,2,4,1,2,5,1,1,0,0,1
4129,121,Deodorant B,0,6,1,5,1,5,5,5,3,2,5,5,2,5,2,2,4,4,1,2,5,1,3,2,4,4,5,4,3,3,0,0,,,0,0,,1,,,0,0,0,,,,,,0,0,3,3,3,1,6,5,2,4,1,2,3,1,2,0,0,1
4130,121,Deodorant B,0,5,1,4,3,3,4,1,3,2,3,1,3,4,5,1,3,5,1,4,5,1,2,5,5,4,5,3,4,2,0,0,,,0,1,,0,,,0,1,0,,,,,,0,0,4,1,3,2,6,1,1,4,4,2,4,3,3,0,0,4
4131,121,Deodorant B,0,6,0,3,1,4,1,1,5,3,5,2,2,5,2,1,5,4,5,5,3,2,1,3,5,3,5,2,1,1,0,0,,,0,0,,0,,,0,0,0,,,,,,0,0,2,2,3,1,6,7,2,4,1,3,2,2,1,0,0,3
4132,121,Deodorant B,0,5,0,5,2,3,3,2,4,1,4,1,4,5,1,4,4,5,1,3,3,2,2,2,5,5,5,5,1,3,0,0,,,0,0,,0,,,0,0,0,,,,,,0,0,5,5,3,1,6,8,3,4,1,3,5,1,1,0,0,6
4133,121,Deodorant B,1,4,0,5,4,4,2,2,4,4,3,2,5,5,5,4,4,4,1,4,3,1,4,2,4,5,4,1,4,1,0,0,,,0,0,,0,,,0,0,1,,,,,,0,0,1,2,2,3,4,4,3,4,2,4,6,2,1,0,0,5
4134,121,Deodorant B,0,5,2,3,1,5,4,1,1,2,3,4,4,3,2,4,3,3,1,3,3,3,1,4,5,5,5,4,5,1,0,0,,,0,0,,0,,,0,0,0,,,,,,0,0,4,2,3,3,4,8,7,4,2,3,4,1,2,0,0,4
4135,121,Deodorant B,0,5,1,5,2,5,2,1,5,5,1,5,5,5,4,2,2,4,4,1,4,5,4,1,2,5,2,2,4,4,0,0,,,0,0,,0,,,0,0,0,,,,,,0,0,5,1,3,3,5,10,5,4,1,2,3,2,1,0,0,1
4136,121,Deodorant B,0,5,1,4,4,4,2,3,3,2,3,5,2,4,3,4,4,3,1,5,5,1,3,1,1,3,3,5,4,2,0,0,,,0,0,,0,,,0,0,0,,,,,,0,0,5,4,1,3,7,9,2,4,1,6,2,3,1,0,0,3
4137,121,Deodorant B,0,5,1,4,1,4,4,1,4,2,5,5,2,4,5,1,3,5,1,2,2,2,1,2,3,2,3,5,5,1,0,0,,,0,0,,0,,,0,0,0,,,,,,0,0,5,4,2,3,6,1,3,4,1,3,3,1,2,0,0,3
4138,121,Deodorant B,0,7,0,3,4,3,3,2,4,3,5,5,2,3,5,5,3,5,2,5,5,3,2,5,3,2,5,3,4,2,0,0,,,0,1,,0,,,0,0,0,,,,,,0,0,1,3,2,2,6,9,2,4,2,2,3,1,5,0,0,4
4139,121,Deodorant B,0,7,4,3,1,5,1,2,5,1,4,1,1,4,3,2,5,4,4,3,1,2,2,5,3,4,5,5,5,-2,0,0,,,0,0,,0,,,0,0,0,,,,,,0,0,5,5,3,1,7,7,2,4,2,4,3,2,5,0,0,4
4140,121,Deodorant B,0,5,3,4,5,1,3,1,5,1,5,5,4,4,4,3,3,3,2,5,2,2,5,1,2,5,2,3,4,1,0,0,,,0,0,,0,,,0,0,0,,,,,,0,0,5,1,2,3,5,10,2,4,1,3,5,1,4,0,0,6
4141,121,Deodorant B,0,5,2,4,1,2,3,3,4,1,4,5,4,2,5,5,3,3,3,3,3,5,3,4,4,4,5,4,4,1,0,0,,,0,0,,0,,,0,0,0,,,,,,0,0,5,2,3,2,7,5,2,4,1,2,7,1,2,0,0,1
4142,121,Deodorant B,0,7,2,4,1,3,4,2,2,4,5,3,4,2,4,2,4,5,1,5,2,1,3,4,3,5,5,5,4,1,0,0,,,0,0,,0,,,0,0,0,,,,,,0,0,1,4,1,3,5,5,3,4,3,3,2,1,1,0,0,3
4143,121,Deodorant B,0,6,0,4,1,5,5,2,5,2,5,5,4,3,1,2,5,3,3,2,1,4,2,4,3,3,2,5,1,2,0,0,,,0,0,,0,,,0,0,0,,,,,,0,0,2,4,1,3,7,7,2,4,1,2,7,2,1,0,0,1
4144,121,Deodorant B,0,6,1,5,1,3,3,4,3,4,4,4,5,3,1,5,3,5,1,5,3,5,3,1,4,3,4,4,5,0,0,0,,,0,0,,0,,,0,0,0,,,,,,0,0,4,3,1,2,6,2,2,4,1,2,5,1,6,0,0,3
4145,121,Deodorant B,0,5,1,3,1,2,4,3,4,3,4,4,4,1,1,5,5,5,5,4,5,5,4,3,3,1,2,5,4,0,0,0,,,0,0,,0,,,0,0,0,,,,,,0,0,3,3,3,1,5,7,4,4,1,2,9,2,1,0,0,6
4146,121,Deodorant B,0,5,0,3,3,5,2,5,3,1,2,4,1,5,1,4,2,4,1,5,4,5,2,1,3,5,5,2,3,3,0,0,,,0,0,,0,,,0,0,0,,,,,,0,0,5,1,2,1,2,6,3,4,1,3,8,1,5,0,0,5
4147,121,Deodorant B,1,4,2,4,1,5,3,1,4,4,5,4,5,5,4,3,4,4,1,4,3,1,3,4,3,4,4,4,3,2,0,0,,,0,1,,0,,,0,0,0,,,,,,0,1,1,3,2,3,6,10,2,4,3,4,5,1,1,0,0,1
4148,121,Deodorant B,0,6,1,4,4,4,4,5,4,3,1,4,1,4,2,1,1,4,4,5,4,2,3,2,3,5,4,3,5,-1,1,0,,,0,0,,0,,,0,0,0,,,,,,0,0,4,5,2,3,7,1,1,4,2,2,10,1,1,0,0,5
4149,121,Deodorant B,0,6,1,3,4,1,4,1,4,5,5,3,5,5,5,5,5,3,2,4,2,5,1,5,1,4,1,3,3,-1,0,0,,,0,0,,0,,,0,0,0,,,,,,0,0,3,1,2,1,5,7,2,4,1,3,6,2,6,0,0,6
4150,121,Deodorant B,0,5,0,4,3,4,4,1,5,1,5,4,3,5,3,3,3,4,5,3,5,5,1,2,4,5,2,1,4,3,0,0,,,0,0,,0,,,0,0,0,,,,,,0,0,5,3,3,1,5,4,2,4,1,3,7,1,2,0,0,2
4151,121,Deodorant B,1,4,1,3,1,3,4,2,2,2,4,4,1,4,3,2,4,2,1,5,3,1,3,3,1,4,2,2,5,2,0,0,,,0,0,,0,,,0,0,0,,,,,,0,0,5,1,2,3,7,8,5,4,4,2,6,2,1,0,0,5
4152,121,Deodorant B,0,7,2,5,4,5,2,2,5,4,3,5,3,4,5,2,3,5,4,5,3,4,4,2,1,1,4,2,4,1,0,0,,,0,0,,0,,,0,0,0,,,,,,0,0,5,2,3,1,5,6,5,4,1,4,7,2,1,0,0,1
4153,121,Deodorant B,1,4,2,3,3,4,3,1,4,1,2,2,4,1,5,3,3,5,1,3,4,5,4,3,4,3,4,5,3,1,0,0,,,0,0,,0,,,0,0,0,,,,,,0,0,5,3,3,3,4,6,3,4,4,2,6,1,2,0,0,5
4154,121,Deodorant B,1,4,1,3,3,5,3,2,1,3,5,4,5,5,4,1,5,3,2,5,3,5,1,2,3,3,5,2,3,0,0,0,,,0,0,,0,,,0,0,0,,,,,,0,0,5,3,3,2,5,8,4,4,1,2,10,1,6,0.5,0,2
4155,121,Deodorant B,0,5,0,3,5,4,4,1,1,1,5,3,5,5,3,1,3,5,1,1,4,4,1,5,4,4,2,4,1,1,0,0,,,0,0,,0,,,0,0,0,,,,,,0,0,2,3,1,1,6,7,3,4,1,3,4,1,1,0,0,2
4156,121,Deodorant B,0,6,0,3,1,4,4,2,5,5,3,2,5,5,3,1,5,4,4,2,3,1,1,2,2,4,2,3,3,3,0,0,,,0,0,,0,,,0,0,0,,,,,,0,0,1,3,1,2,1,8,2,4,3,3,4,1,1,0,0,6
4157,121,Deodorant B,0,5,0,3,5,4,4,5,4,2,3,3,3,5,4,2,4,3,1,5,5,4,1,5,4,4,5,4,5,2,0,1,,,0,0,,0,,,0,0,0,,,,,,0,0,5,4,3,2,7,9,2,4,1,2,8,2,6,0,0,2
4158,121,Deodorant B,0,6,0,2,1,4,5,2,4,2,5,5,4,4,5,1,4,3,1,4,5,1,3,5,4,5,3,5,5,1,0,0,,,0,0,,0,,,0,0,0,,,,,,0,0,5,5,2,2,6,8,2,4,1,5,5,2,1,0,0,1
4159,121,Deodorant B,0,6,2,4,1,5,5,2,4,1,4,5,5,5,2,4,4,5,1,5,4,2,4,3,4,1,5,3,4,4,0,0,,,0,0,,0,,,0,0,0,,,,,,0,0,4,1,3,2,4,1,7,4,1,2,7,1,1,0,0,3
4160,121,Deodorant B,0,7,3,3,1,2,4,2,4,1,2,5,3,5,5,5,4,2,1,5,4,3,5,3,5,4,5,4,5,2,0,0,,,0,0,,0,,,0,1,0,,,,,,0,0,4,5,2,3,3,9,2,4,2,3,4,1,1,0,0,1
4161,121,Deodorant B,0,7,0,4,5,3,2,2,5,1,5,5,2,4,5,5,2,4,1,5,1,1,2,4,2,3,4,4,4,1,0,0,,,0,1,,0,,,0,0,0,,,,,,0,0,5,2,1,3,7,10,2,4,5,3,3,2,2,0,0,1
4162,121,Deodorant B,1,4,2,4,3,4,2,2,5,1,4,3,4,4,1,2,4,5,3,2,1,3,3,3,5,5,2,4,4,1,1,0,,,1,0,,0,,,0,0,0,,,,,,0,0,5,5,3,1,3,10,3,4,3,2,2,1,1,0,0,2
4163,121,Deodorant B,0,5,2,3,4,5,3,2,2,4,3,3,3,5,2,3,4,3,2,4,4,4,1,1,3,3,4,3,3,1,0,0,,,0,0,,0,,,0,0,0,,,,,,0,0,1,3,2,3,5,8,7,4,4,2,2,2,1,0,0,2
4164,121,Deodorant B,0,5,0,3,2,1,5,1,2,1,3,3,5,5,1,3,2,1,2,4,1,5,1,1,3,4,1,4,5,2,0,0,,,0,0,,0,,,0,0,0,,,,,,0,0,3,3,2,3,4,7,3,4,1,3,5,2,1,0,0,6
4165,121,Deodorant B,0,5,0,3,1,4,3,4,5,4,3,3,4,2,5,3,5,4,1,5,1,2,3,1,4,5,5,3,5,0,0,1,,,0,0,,0,,,0,0,0,,,,,,0,0,5,3,3,2,7,5,2,4,1,2,2,1,6,0,0,4
4166,121,Deodorant B,0,6,1,3,2,3,4,2,4,3,1,5,3,2,5,3,3,5,3,5,2,3,3,3,2,2,2,4,2,3,0,0,,,0,0,,0,,,0,0,0,,,,,,0,0,5,2,3,3,6,3,2,4,1,3,4,1,4,0,0,3
4167,121,Deodorant B,0,7,1,3,1,4,2,2,4,1,2,3,3,3,4,1,4,3,4,5,5,4,3,2,5,3,4,4,5,1,0,0,,,0,0,,0,,,0,0,0,,,,,,0,0,3,3,3,3,6,8,7,4,1,2,2,1,1,0,0,4
4168,121,Deodorant B,0,7,1,4,2,2,4,5,4,3,5,5,2,5,5,5,5,3,5,4,5,1,1,2,4,4,5,1,5,2,0,0,,,0,0,,0,,,0,0,0,,,,,,0,0,4,4,3,3,6,7,1,4,1,4,6,1,2,0,0,4
4169,121,Deodorant B,0,5,0,3,2,5,5,2,3,2,1,4,5,5,4,3,5,5,3,4,2,2,3,3,1,5,3,5,2,1,0,0,,,0,0,,0,,,0,0,0,,,,,,0,0,4,5,3,1,7,8,5,4,2,6,6,2,2,0,0,1
4170,121,Deodorant B,1,4,1,4,4,3,2,2,3,1,3,4,4,4,4,2,5,5,5,4,4,1,4,5,3,4,4,3,5,-1,0,0,,,0,0,,0,,,0,0,0,,,,,,0,0,1,5,2,3,7,7,7,4,1,4,5,2,1,0,0,6
4171,121,Deodorant B,1,2,0,3,2,4,4,2,4,4,4,4,5,1,3,2,2,5,1,4,5,3,2,3,3,2,5,5,5,2,0,0,,,0,0,,0,,,0,0,0,,,,,,0,0,4,1,2,1,2,9,7,4,1,3,4,1,5,0,0,2
4172,121,Deodorant B,0,5,0,4,2,3,3,3,5,4,5,5,4,5,5,5,5,3,2,5,1,1,2,4,1,5,5,2,4,2,0,0,,,0,1,,0,,,0,0,0,,,,,,0,0,1,2,3,3,4,8,2,4,2,4,7,1,2,0,0,4
4173,121,Deodorant B,0,7,1,3,2,3,3,1,5,1,4,5,1,2,5,3,5,4,2,4,1,5,3,4,5,4,4,3,3,2,0,0,,,0,0,,0,,,0,0,0,,,,,,0,0,4,3,2,1,6,1,7,4,1,3,3,2,1,0,0,2
4174,121,Deodorant B,0,6,1,3,3,4,5,3,2,2,5,1,2,5,1,2,5,4,1,5,2,1,3,1,3,4,4,2,5,1,0,0,,,0,0,,0,,,0,0,0,,,,,,0,0,5,1,2,1,4,3,7,4,1,4,4,1,2,0,0,3
4175,121,Deodorant B,1,4,0,3,2,5,2,1,4,2,5,5,3,5,4,4,3,5,1,5,1,1,3,3,4,3,2,5,2,1,0,0,,,1,0,,0,,,0,0,0,,,,,,0,0,5,3,1,1,1,5,2,4,2,4,2,2,1,0,0,2
4176,121,Deodorant B,0,7,0,3,4,3,3,1,3,1,3,4,4,5,1,4,4,4,2,3,4,1,5,4,1,2,2,5,5,0,0,1,,,0,0,,0,,,0,0,0,,,,,,0,0,1,2,3,2,1,1,7,4,1,4,3,1,1,0,0,5
4177,121,Deodorant B,0,6,2,3,3,2,4,1,3,2,3,4,2,5,5,1,3,5,1,3,3,4,4,5,4,1,3,5,3,1,0,0,,,0,0,,0,,,0,0,0,,,,,,0,0,4,2,3,2,6,10,2,4,5,2,3,1,1,0,0,1
4178,121,Deodorant B,0,7,2,4,5,5,3,1,5,4,1,4,5,5,2,1,5,5,1,4,2,4,2,5,1,5,2,4,1,0,1,0,,,0,0,,0,,,0,1,0,,,,,,0,0,1,5,1,3,5,3,7,4,1,3,6,1,1,0,0,2
4179,121,Deodorant B,0,5,1,3,1,5,4,5,4,1,5,5,5,1,5,4,3,3,1,5,3,1,2,3,5,5,4,4,5,1,0,0,,,0,0,,0,,,0,0,0,,,,,,0,0,3,5,1,3,5,2,2,4,3,2,6,2,2,0,0,1
4180,121,Deodorant B,0,6,0,3,3,5,5,3,2,1,1,5,5,4,1,1,3,5,5,3,1,5,3,1,1,3,4,1,4,1,0,1,,,0,0,,0,,,0,0,0,,,,,,0,0,5,5,3,3,5,7,5,4,1,2,4,4,1,0,0,3
4181,121,Deodorant B,0,5,0,3,3,3,5,4,2,3,5,3,3,5,3,2,4,5,1,3,3,5,4,1,4,5,4,3,5,3,0,0,,,0,0,,0,,,0,0,0,,,,,,0,0,4,4,1,3,7,9,2,4,2,4,3,4,2,0,0,2
4182,121,Deodorant B,0,5,0,2,2,3,5,1,3,5,4,3,5,5,5,5,4,4,4,5,3,1,4,3,4,5,4,5,4,3,0,0,,,0,0,,0,,,0,0,0,,,,,,0,0,5,4,1,3,5,5,2,4,2,4,8,3,1,0,0,4
4183,121,Deodorant B,0,5,1,4,1,4,5,5,3,2,5,4,4,4,5,1,5,1,1,4,1,1,4,1,2,3,3,4,4,2,0,0,,,0,0,,0,,,0,0,0,,,,,,0,0,5,4,3,3,6,9,7,4,1,2,4,2,3,0,0,2
4184,121,Deodorant B,0,6,0,4,1,3,4,5,1,5,4,4,1,4,4,3,4,5,4,5,5,3,4,5,4,4,3,2,5,0,0,0,,,0,0,,0,,,0,0,0,,,,,,0,0,4,3,1,3,6,8,1,4,2,4,4,1,3,0,0,6
4185,121,Deodorant B,1,4,0,3,1,4,5,1,5,2,3,4,5,5,5,1,4,5,2,4,2,3,3,4,3,5,4,4,3,2,0,0,,,0,0,,0,,,0,0,0,,,,,,0,0,4,1,3,3,7,7,2,4,2,4,3,3,2,0.166666667,0,3
4186,121,Deodorant B,0,7,1,3,4,5,2,4,3,3,5,5,2,3,3,1,4,5,1,1,5,2,3,2,3,2,4,4,5,0,0,0,,,0,0,,0,,,0,0,0,,,,,,0,0,3,2,3,2,6,2,3,4,2,3,3,1,2,0,0,2
4187,121,Deodorant B,0,6,2,3,2,5,4,5,4,2,5,5,4,3,5,5,4,4,1,3,4,3,3,4,4,3,5,5,1,2,0,0,,,0,0,,0,,,0,0,0,,,,,,0,0,5,2,3,1,1,9,3,4,1,5,5,1,4,0,0,2
4188,121,Deodorant B,0,6,0,3,5,3,2,1,5,1,2,1,3,3,3,4,5,5,5,4,4,2,2,2,1,5,4,4,4,0,0,0,,,0,0,,0,,,0,0,0,,,,,,0,0,5,2,1,3,7,10,2,4,3,3,5,1,1,0,0,2
4189,121,Deodorant B,0,7,3,4,1,5,4,1,5,3,5,4,2,3,2,1,5,2,2,2,1,1,3,3,1,5,1,3,3,3,0,0,,,0,0,,0,,,0,0,0,,,,,,0,0,2,3,3,1,4,9,7,4,2,3,4,2,6,0,0,2
4190,121,Deodorant B,1,1,0,3,3,5,4,3,4,2,5,5,2,5,5,4,4,5,1,5,2,1,1,4,5,3,2,5,4,0,0,0,,,0,0,,0,,,0,0,0,,,,,,0,0,4,5,2,2,1,9,1,4,3,2,4,2,2,0,0,2
4191,121,Deodorant B,0,7,0,4,1,5,4,5,2,2,1,5,2,5,5,4,5,4,3,4,2,1,2,4,1,5,3,4,3,1,0,0,,,0,0,,0,,,0,1,0,,,,,,0,0,5,5,1,3,1,7,2,4,2,4,3,2,6,0,0,2
4192,121,Deodorant B,1,4,2,5,1,5,4,1,2,1,2,3,4,4,3,3,3,3,2,3,2,2,1,1,3,4,4,3,3,0,0,0,,,0,0,,0,,,0,0,0,,,,,,0,0,4,3,1,3,6,4,7,4,1,2,6,4,2,0,0,3
4193,121,Deodorant B,1,4,0,3,1,5,4,1,4,2,4,3,5,2,4,4,4,3,1,5,4,5,2,1,2,1,1,1,4,0,0,0,,,0,0,,1,,,0,0,0,,,,,,0,0,2,3,2,1,5,5,7,4,4,2,2,1,2,0,0,3
4194,121,Deodorant B,0,6,1,4,2,5,2,5,5,1,3,3,5,5,5,3,4,5,1,2,4,4,3,2,2,3,5,5,1,-1,0,0,,,0,0,,0,,,0,0,0,,,,,,0,1,4,3,1,3,6,2,7,4,2,6,5,2,2,0,0,6
4195,121,Deodorant B,0,6,1,3,5,4,3,2,3,2,4,4,5,4,2,5,3,5,5,5,4,1,2,1,3,4,5,1,4,-1,0,0,,,0,0,,0,,,0,0,0,,,,,,0,0,5,5,3,3,6,5,3,4,1,3,5,3,1,0,0,1
4196,121,Deodorant B,0,6,1,4,2,5,3,3,5,3,5,2,4,4,1,1,4,4,2,2,5,2,3,3,3,4,5,5,4,0,0,0,,,0,0,,0,,,0,0,0,,,,,,0,0,3,4,2,1,5,6,1,4,1,4,4,2,1,0,0,2
4197,121,Deodorant B,0,5,0,3,5,5,5,2,4,5,4,4,3,3,2,1,3,4,2,4,3,4,2,2,2,5,1,5,4,0,0,1,,,0,0,,0,,,0,1,0,,,,,,0,0,1,1,3,3,2,3,3,4,1,4,2,2,1,0,0,2
4198,121,Deodorant B,0,6,0,3,2,3,3,5,5,2,4,5,5,1,1,1,3,5,1,4,4,2,4,5,5,1,4,2,5,2,0,0,,,0,0,,0,,,0,0,0,,,,,,0,0,1,3,3,3,6,7,2,4,3,3,4,1,6,0,0,6
4199,121,Deodorant B,0,6,3,4,2,2,4,5,5,2,3,4,5,4,5,5,5,3,2,4,3,2,4,1,1,3,4,4,4,1,0,0,,,0,0,,0,,,0,0,0,,,,,,0,0,5,4,1,3,4,6,5,4,3,2,9,2,2,0,0,6
4200,121,Deodorant B,0,6,1,3,1,3,4,2,3,1,2,3,2,4,2,3,2,3,1,4,2,4,1,1,5,2,5,2,5,0,0,0,,,1,0,,0,,,0,0,0,,,,,,0,0,4,1,3,3,6,5,2,4,1,3,10,1,1,0,0,3
4201,121,Deodorant B,1,4,2,3,2,4,4,4,5,3,3,5,1,5,1,2,1,4,1,4,1,3,3,1,1,5,1,5,4,1,0,0,,,0,0,,0,,,0,0,0,,,,,,0,0,1,3,1,3,7,5,7,4,1,4,2,2,6,0,0,4
4202,121,Deodorant B,0,6,3,3,2,5,1,1,5,3,5,2,5,5,5,3,4,1,3,5,3,3,2,1,4,2,4,4,2,1,0,0,,,0,1,,1,,,0,0,0,,,,,,0,0,1,1,1,3,5,6,3,4,1,4,10,1,1,0,0,1
4203,121,Deodorant B,0,6,2,4,3,3,3,1,3,1,5,4,3,5,5,4,4,5,1,4,5,4,5,1,4,4,2,1,3,2,0,0,,,0,0,,0,,,0,1,0,,,,,,0,0,2,2,3,1,5,9,2,4,1,2,2,2,1,0,0,2
4204,121,Deodorant B,1,1,0,4,3,5,4,1,4,5,3,4,5,5,3,2,3,4,2,5,4,1,2,1,5,5,4,4,5,1,0,0,,,0,1,,0,,,0,0,0,,,,,,0,0,3,3,3,3,5,8,2,4,3,4,6,1,1,0,0,2
4205,121,Deodorant B,1,4,2,3,5,1,5,3,5,1,5,5,3,1,3,1,1,5,1,5,4,4,4,3,5,5,1,5,3,2,0,0,,,0,0,,0,,,0,0,0,,,,,,0,0,2,1,3,1,6,5,5,4,1,2,6,1,1,0,0,1
4206,121,Deodorant B,0,6,1,3,3,3,3,2,2,3,3,1,3,5,5,1,3,3,5,5,4,5,3,1,5,4,4,5,4,0,0,0,,,0,0,,0,,,0,0,0,,,,,,0,0,1,3,2,3,7,5,2,4,1,3,6,1,1,0,0,3
4207,121,Deodorant B,0,5,0,3,1,5,3,1,3,2,5,5,4,5,4,1,5,5,1,1,3,2,4,1,5,4,5,5,3,1,0,0,,,0,0,,0,,,0,0,0,,,,,,0,0,4,5,2,1,5,10,2,4,1,2,3,1,1,0,0,4
4208,121,Deodorant B,0,5,0,4,3,3,2,1,4,3,3,5,4,4,1,4,4,2,1,3,4,2,3,1,5,3,2,3,2,1,0,0,,,0,0,,0,,,0,0,0,,,,,,0,0,5,2,2,3,3,8,2,4,1,3,4,2,1,0,0,2
4209,121,Deodorant B,0,6,0,3,3,5,5,2,4,3,5,5,4,3,3,1,2,5,2,5,2,2,1,3,1,3,4,5,1,4,0,0,,,0,0,,1,,,0,0,0,,,,,,0,0,5,1,1,3,6,9,1,4,1,3,4,2,3,0,0,4
4210,121,Deodorant B,0,5,1,4,4,4,5,2,2,2,5,5,2,5,5,1,1,5,4,4,5,1,2,3,1,4,5,5,1,1,0,0,,,0,0,,0,,,0,1,0,,,,,,0,0,4,1,2,3,5,8,2,4,1,2,4,1,1,0,0,2
4211,121,Deodorant B,1,4,1,5,1,3,3,1,4,4,5,5,2,4,1,5,4,2,5,3,4,2,5,1,4,4,4,2,3,3,0,0,,,0,0,,0,,,0,0,0,,,,,,0,0,4,5,3,2,7,5,3,4,1,2,6,2,1,0,0,1
4212,121,Deodorant B,1,3,0,3,1,2,3,2,4,1,5,3,5,5,4,4,5,4,1,2,4,5,3,5,4,3,3,4,4,0,0,1,,,0,0,,0,,,0,0,0,,,,,,0,0,5,2,2,1,7,8,2,4,1,2,5,2,1,0,0,4
4213,121,Deodorant B,1,3,2,4,2,4,5,1,5,1,1,5,5,5,2,1,3,4,1,4,2,3,5,3,3,2,2,3,4,3,0,0,,,0,0,,0,,,0,0,0,,,,,,0,0,1,5,2,3,7,8,3,4,4,3,7,2,1,0,0,2
4214,121,Deodorant B,1,4,2,4,1,4,5,2,5,4,3,4,2,4,4,5,2,5,3,5,3,2,2,3,4,3,5,5,4,0,0,0,,,0,0,,0,,,0,0,0,,,,,,0,0,4,5,3,2,5,10,2,4,2,2,8,4,1,0,0,6
4215,121,Deodorant B,0,6,0,3,4,4,5,4,2,4,3,2,4,4,3,2,4,5,3,4,3,1,2,5,3,3,2,5,4,1,0,0,,,0,0,,0,,,0,0,0,,,,,,0,0,1,4,2,2,5,10,3,4,1,4,3,3,4,0,0,3
4216,121,Deodorant B,0,5,1,2,2,5,4,3,3,2,5,1,5,4,5,4,1,4,1,4,4,2,1,5,2,3,5,5,5,1,0,0,,,0,0,,0,,,0,1,0,,,,,,0,0,1,2,3,1,6,1,7,4,1,4,3,2,3,0,0,6
4217,121,Deodorant B,0,6,1,3,2,5,1,1,2,1,2,5,2,4,5,1,5,1,2,5,3,1,1,2,4,5,5,3,3,0,0,0,,,0,0,,0,,,0,0,0,,,,,,0,0,4,3,3,2,7,8,6,4,1,2,3,1,2,0,0,3
4218,121,Deodorant B,0,6,2,4,2,1,5,3,5,1,5,5,5,1,4,2,3,2,3,5,4,3,4,5,3,5,5,4,3,2,0,0,,,0,0,,0,,,0,0,0,,,,,,0,0,2,3,1,3,6,9,3,4,1,2,5,2,2,0,0,1
4219,121,Deodorant B,1,2,2,5,4,4,5,2,4,3,4,5,2,1,5,3,4,1,1,5,5,1,2,5,4,3,5,2,2,0,0,0,,,0,0,,0,,,0,0,0,,,,,,0,0,2,5,2,1,7,6,2,4,4,3,3,1,1,0,0,5
4220,121,Deodorant B,0,5,0,3,5,4,4,3,5,4,3,4,4,5,4,5,1,3,1,5,4,3,4,5,5,5,5,2,4,-2,0,0,,,0,0,,1,,,0,0,0,,,,,,0,0,4,2,3,3,7,7,2,4,1,4,4,2,1,0,0,1
4221,121,Deodorant B,1,4,0,4,5,3,5,1,1,1,5,2,5,5,4,4,3,3,1,3,5,1,2,1,3,5,5,4,2,1,0,0,,,0,1,,0,,,0,0,0,,,,,,0,0,5,5,2,2,3,6,2,4,1,2,3,2,2,0,0,2
4222,121,Deodorant B,0,5,0,3,3,4,4,3,4,4,5,5,4,1,5,2,4,2,3,4,2,1,2,3,1,3,5,4,5,2,0,0,,,1,0,,1,,,0,0,0,,,,,,0,0,3,1,3,3,5,8,2,4,1,3,7,4,2,0,0,2
4223,121,Deodorant B,0,5,2,4,2,3,4,1,3,2,4,5,3,5,1,5,4,3,1,3,3,4,3,5,4,5,5,2,3,2,0,0,,,0,0,,0,,,0,0,0,,,,,,0,1,4,2,3,3,3,8,5,4,1,2,5,5,2,0,0,1
4224,121,Deodorant B,0,5,0,3,5,3,3,1,3,1,2,1,1,5,3,4,3,5,4,4,5,3,1,4,4,5,1,3,5,0,0,0,,,0,0,,0,,,0,0,0,,,,,,0,0,4,3,3,1,7,9,3,4,1,3,8,2,1,0,0,6
4225,121,Deodorant B,0,5,3,2,2,3,1,2,5,4,5,5,2,5,5,1,3,5,1,5,1,4,3,5,4,4,3,5,3,-1,0,0,,,0,0,,0,,,0,1,0,,,,,,0,0,2,2,3,3,2,5,2,4,3,3,6,2,2,0,0,1
4226,121,Deodorant B,1,4,2,3,1,5,5,3,2,1,3,5,3,5,3,2,4,5,1,5,1,1,5,3,5,3,4,4,4,3,0,0,,,0,0,,0,,,0,0,0,,,,,,0,0,3,2,1,2,6,9,2,4,1,6,4,1,4,0,0,2
4227,121,Deodorant B,0,7,0,3,2,3,4,2,5,1,3,3,5,4,5,2,5,5,4,4,4,3,5,3,5,5,2,4,1,2,0,0,,,0,0,,0,,,0,0,0,,,,,,0,0,3,5,2,1,5,7,5,4,2,3,4,2,1,0,0,1
4228,121,Deodorant B,1,2,2,3,4,4,5,2,3,5,4,1,3,5,4,2,5,5,1,4,5,4,2,5,5,1,4,4,1,2,0,0,,,0,0,,0,,,0,0,1,,,,,,0,0,5,2,2,3,4,8,5,4,1,3,3,1,6,0,0,2
4229,121,Deodorant B,1,1,0,3,2,3,4,1,4,2,4,5,4,5,5,4,4,2,2,5,5,1,2,4,5,2,5,4,4,2,0,0,,,0,0,,0,,,0,0,0,,,,,,0,0,2,3,1,3,4,7,5,4,2,4,5,2,3,0,0,6
4230,121,Deodorant B,0,5,0,3,1,5,2,3,1,4,3,3,3,5,3,2,5,4,2,2,4,5,5,2,4,5,1,4,5,3,0,0,,,0,0,,0,,,0,0,0,,,,,,0,0,2,3,3,3,6,7,4,4,2,6,3,2,3,0,0,2
4231,121,Deodorant B,0,6,3,3,2,3,5,1,1,3,3,5,5,5,5,1,1,5,2,4,3,5,3,2,1,4,5,4,1,1,0,0,,,0,0,,1,,,0,0,0,,,,,,0,1,3,5,3,3,6,7,7,4,3,4,5,1,1,0,0,1
4232,121,Deodorant B,0,6,0,2,2,5,5,5,3,2,4,5,4,5,1,5,3,4,4,4,2,3,4,4,4,5,4,3,5,0,0,0,,,0,0,,0,,,0,0,0,,,,,,0,0,1,1,3,1,4,8,4,4,1,3,4,2,1,0,0,6
4233,121,Deodorant B,0,6,1,3,2,5,3,1,4,1,3,5,4,5,4,1,5,4,1,5,5,2,1,2,5,4,4,5,2,0,0,0,,,0,0,,0,,,0,0,0,,,,,,0,0,5,5,3,3,5,10,2,4,3,2,3,3,1,0,0,2
4234,121,Deodorant B,1,4,1,3,3,4,3,1,2,5,4,5,5,5,3,4,5,5,1,2,4,2,1,2,5,5,3,5,3,1,0,0,,,0,0,,0,,,0,0,0,,,,,,0,1,5,2,3,1,5,9,3,4,2,4,2,2,2,0,0,2
4235,121,Deodorant B,0,6,4,4,2,4,1,3,5,5,3,4,5,5,3,2,5,4,1,5,5,2,3,5,1,1,2,4,2,2,0,0,,,0,0,,0,,,0,0,0,,,,,,0,0,5,3,2,3,4,9,2,4,2,3,6,1,2,0,0,4
4236,121,Deodorant B,0,5,1,5,5,5,1,1,2,1,4,5,3,5,5,2,5,5,2,5,4,4,5,1,3,5,2,4,5,3,0,0,,,0,0,,0,,,0,0,0,,,,,,0,0,2,2,3,2,2,2,5,4,2,2,3,1,3,0,0,3
4237,121,Deodorant B,0,5,0,3,5,4,4,2,1,1,4,4,3,2,1,2,2,3,3,5,5,1,2,1,1,2,4,4,4,1,1,0,,,0,0,,0,,,1,0,0,,,,,,0,0,5,4,1,3,6,3,2,4,2,4,4,2,5,0,0,6
4238,121,Deodorant B,0,5,2,5,2,3,5,2,5,2,5,2,3,2,5,4,5,5,3,3,3,4,1,3,3,5,3,5,1,1,0,0,,,0,0,,0,,,0,0,0,,,,,,0,0,5,2,1,2,6,7,3,4,1,4,4,1,1,0,0,2
4239,121,Deodorant B,0,5,1,3,5,5,4,2,5,5,5,3,2,2,4,5,4,5,2,3,3,2,4,3,5,3,4,5,4,2,0,0,,,1,0,,0,,,0,0,0,,,,,,0,0,5,2,3,1,2,10,5,4,2,2,4,2,1,0,0,1
4240,121,Deodorant B,0,5,0,3,1,1,4,1,4,1,2,5,5,5,2,3,4,5,1,5,2,1,1,5,5,5,3,3,5,1,0,0,,,0,0,,0,,,0,0,0,,,,,,0,0,4,5,1,2,6,3,2,4,1,3,7,2,1,0,0,1
4241,121,Deodorant B,1,2,2,5,1,2,1,2,5,2,2,3,4,5,5,3,4,5,4,4,3,4,2,5,4,4,4,4,4,4,0,0,,,0,0,,0,,,0,0,0,,,,,,0,0,4,4,1,3,4,7,2,4,3,4,7,1,2,0,0,2
4242,121,Deodorant B,0,5,1,3,2,3,4,1,4,1,5,4,3,4,5,2,5,4,1,5,5,1,2,3,5,5,5,2,4,0,0,0,,,0,0,,0,,,0,0,0,,,,,,0,0,4,1,2,3,2,8,2,4,1,2,2,2,1,0,0,6
4243,121,Deodorant B,1,4,2,3,5,3,5,2,2,2,4,5,5,5,1,2,4,5,3,5,4,5,3,5,5,4,3,4,3,1,0,0,,,0,1,,0,,,0,0,0,,,,,,0,0,5,2,3,1,6,8,2,4,2,2,10,1,1,0,0,3
4244,121,Deodorant B,1,1,2,3,2,2,1,3,4,2,5,3,3,3,4,3,3,1,5,4,4,2,4,5,5,5,5,2,4,3,0,0,,,0,0,,0,,,0,0,0,,,,,,0,0,3,2,3,1,7,10,7,4,1,4,4,1,1,0,0,2
4245,121,Deodorant B,0,7,2,3,4,4,4,2,5,3,2,5,5,4,5,4,5,3,2,5,3,4,3,2,5,4,4,5,2,1,0,0,,,0,0,,0,,,0,0,0,,,,,,0,0,2,4,3,1,7,10,2,4,2,6,4,3,1,0,0,2
4246,121,Deodorant B,0,6,0,4,3,5,5,2,1,2,3,5,4,4,3,1,4,5,3,5,4,1,4,3,4,3,4,4,3,0,0,0,,,0,0,,0,,,0,0,0,,,,,,0,0,4,4,2,2,7,10,4,4,1,4,8,2,1,0,0,4
4247,121,Deodorant B,0,6,0,3,3,5,5,1,5,5,5,3,5,1,5,5,2,4,1,5,5,1,3,2,5,4,5,5,1,2,0,0,,,0,0,,0,,,0,0,0,,,,,,0,0,5,3,3,3,7,10,3,4,1,2,3,2,1,0,0,4
4248,121,Deodorant B,0,6,1,3,5,4,4,1,5,4,5,5,3,5,4,1,5,5,2,4,3,1,1,5,5,5,4,4,1,0,0,0,,,0,0,,0,,,0,0,0,,,,,,0,0,5,4,2,2,6,8,6,4,2,2,3,3,1,0,0,6
4249,121,Deodorant B,0,7,3,3,2,5,4,1,2,1,5,4,4,5,4,1,2,5,2,1,3,5,2,4,4,1,1,5,5,1,0,0,,,0,0,,0,,,0,0,0,,,,,,0,0,5,1,1,2,6,10,3,4,1,3,4,1,2,0,0,3
4250,121,Deodorant B,0,7,1,4,5,4,5,3,3,2,3,4,4,4,4,1,5,5,1,2,5,5,1,5,2,5,3,3,4,3,1,0,,,0,0,,0,,,0,0,1,,,,,,0,0,5,2,1,2,5,10,3,4,2,2,4,1,1,0,0,2
4251,121,Deodorant B,0,6,0,3,1,5,4,3,5,3,3,4,5,5,5,2,5,5,2,4,5,1,1,1,4,5,5,4,1,3,0,0,,,0,0,,0,,,0,0,0,,,,,,0,0,2,2,3,1,6,6,3,4,1,2,4,2,1,0,0,1
4252,121,Deodorant B,1,4,3,3,3,2,3,1,3,4,1,3,4,4,2,5,4,2,1,4,4,1,4,1,5,1,1,3,4,2,0,0,,,0,0,,0,,,0,0,0,,,,,,0,0,5,1,3,3,5,9,1,4,4,2,10,4,1,0,0,2
4253,121,Deodorant B,0,6,1,3,4,4,4,2,5,1,5,5,2,5,5,2,5,2,2,3,2,5,2,4,2,5,5,4,3,0,0,0,,,0,0,,0,,,0,0,0,,,,,,0,0,1,2,3,1,6,9,6,4,3,4,8,2,1,0,0,5
4254,121,Deodorant B,0,7,2,3,2,1,3,1,3,3,5,4,4,5,4,1,2,1,1,4,5,5,4,2,1,5,3,2,3,2,0,0,,,0,0,,0,,,0,0,0,,,,,,0,0,5,3,2,1,6,8,2,4,1,3,4,1,2,0,0,1
4255,121,Deodorant B,0,7,1,3,3,3,5,1,3,3,5,2,4,5,1,4,5,5,1,3,4,3,3,4,3,5,5,5,1,1,0,0,,,0,0,,0,,,0,0,0,,,,,,0,0,4,5,1,2,3,8,2,4,1,3,5,2,2,0,0,1
4256,121,Deodorant B,0,6,4,3,2,5,1,4,4,5,5,4,3,5,1,1,3,5,1,4,4,1,5,2,1,3,1,4,5,0,0,0,,,0,0,,0,,,0,0,0,,,,,,0,0,3,2,3,3,6,6,1,4,1,2,5,1,1,0,0,3
4257,121,Deodorant B,1,4,3,3,3,5,5,2,2,1,4,5,4,5,3,1,5,5,1,5,1,2,2,4,3,5,3,4,2,1,1,0,,,0,0,,0,,,0,0,0,,,,,,1,0,4,3,2,1,7,8,1,4,1,2,8,2,3,0,0,3
4258,121,Deodorant B,1,3,1,3,1,5,5,5,4,1,4,5,2,3,1,3,5,5,1,4,4,1,5,4,5,4,5,4,5,2,0,0,,,0,0,,0,,,0,0,0,,,,,,0,0,4,1,2,2,7,5,2,4,1,3,4,2,1,0,0,6
4259,121,Deodorant B,0,5,3,4,3,4,1,3,2,1,5,4,4,3,2,5,3,3,1,1,4,2,2,1,2,4,1,4,4,1,0,0,,,0,1,,0,,,0,0,0,,,,,,0,0,4,4,3,3,6,7,3,4,1,3,7,2,1,0,0,1
4260,121,Deodorant B,0,5,0,2,5,5,2,2,4,2,4,3,3,5,5,3,3,4,4,5,5,3,2,3,4,4,1,4,5,2,0,0,,,0,0,,1,,,0,0,0,,,,,,0,0,5,1,3,1,7,8,3,4,1,4,7,2,1,0,0,1
4261,121,Deodorant B,0,5,0,3,4,2,5,1,1,2,4,5,4,2,3,4,4,5,1,5,5,2,4,5,4,5,4,3,2,2,0,0,,,0,0,,1,,,0,0,0,,,,,,0,0,1,4,3,1,1,7,7,4,1,4,3,2,1,0,0,2
4262,121,Deodorant B,0,6,1,5,1,2,2,4,5,2,4,1,1,5,1,5,4,4,1,5,5,3,3,1,2,4,5,4,5,-1,0,0,,,0,0,,0,,,0,1,0,,,,,,0,0,4,1,3,2,4,8,5,4,1,4,5,1,2,0,0,3
4263,121,Deodorant B,1,4,1,3,1,5,3,1,4,2,5,3,5,5,1,1,3,3,1,5,5,1,2,1,3,5,4,2,5,6,0,1,,,1,0,,0,,,0,0,1,,,,,,0,0,5,2,2,3,4,10,2,4,1,4,3,2,1,0,0,5
4264,121,Deodorant B,0,5,1,3,1,2,2,2,3,3,4,2,5,5,4,4,4,5,3,3,3,5,3,3,5,1,1,5,2,4,0,0,,,0,0,,0,,,0,0,0,,,,,,0,0,5,2,3,3,4,3,5,4,3,3,10,2,1,0,0,3
4265,121,Deodorant B,0,7,1,3,3,3,2,5,4,2,3,5,5,4,4,1,3,5,2,5,4,4,1,5,5,5,5,3,1,2,0,0,,,0,0,,0,,,0,0,0,,,,,,0,0,5,4,3,3,4,7,3,4,2,4,6,1,1,0,0,3
4266,121,Deodorant B,0,5,0,3,5,4,1,1,5,1,5,4,5,5,4,2,3,3,5,3,4,2,5,3,3,5,3,4,4,1,0,0,,,0,0,,1,,,0,0,0,,,,,,0,0,4,2,3,2,2,8,7,4,1,4,3,2,4,0,0,2
4267,121,Deodorant B,1,1,0,3,3,5,5,1,4,3,3,2,5,3,1,1,3,4,3,5,5,1,4,2,3,2,5,4,5,-1,0,0,,,0,0,,0,,,0,0,0,,,,,,0,0,4,3,3,2,7,9,2,4,2,2,4,4,2,0,0,1
4268,121,Deodorant B,1,4,1,3,1,4,3,2,2,2,4,5,4,5,4,2,3,5,3,4,5,1,5,1,3,3,2,5,2,2,0,0,,,0,0,,0,,,0,0,0,,,,,,0,0,2,3,2,2,6,3,2,4,3,3,3,2,2,0,0,5
4269,121,Deodorant B,0,7,2,3,1,4,3,2,4,4,4,4,5,3,5,1,4,4,1,5,3,1,4,2,4,4,4,4,4,2,1,0,,,0,0,,0,,,0,0,0,,,,,,0,0,1,1,1,2,3,7,2,4,1,3,4,2,3,0,0,3
4270,121,Deodorant B,0,5,1,3,3,5,3,1,4,3,4,2,3,5,4,1,2,4,3,2,4,4,2,1,3,2,1,4,3,1,1,0,,,0,0,,0,,,0,1,1,,,,,,0,0,4,1,3,2,6,8,2,4,1,3,3,2,1,0,0,3
4271,121,Deodorant B,0,5,0,3,4,1,1,3,4,1,1,2,3,4,4,2,5,4,1,4,4,5,3,4,3,5,3,2,1,2,1,0,,,0,0,,0,,,0,0,0,,,,,,0,0,3,4,3,3,7,8,2,4,1,3,3,2,1,0,0,4
4272,121,Deodorant B,0,7,0,3,2,4,4,2,3,3,4,4,3,1,2,2,3,5,1,3,4,1,4,3,5,4,4,5,3,2,0,0,,,0,0,,0,,,0,0,0,,,,,,0,0,4,3,2,1,7,7,2,4,3,3,9,2,1,0,0,5
4273,121,Deodorant B,0,5,0,3,2,4,3,2,4,3,5,4,4,2,2,4,4,4,1,4,4,3,4,2,4,4,2,2,3,1,0,0,,,0,0,,0,,,0,0,0,,,,,,0,0,5,2,2,3,2,7,4,4,1,3,10,1,1,0,0,4
4274,121,Deodorant B,0,6,1,3,2,4,4,4,5,1,5,5,3,4,3,2,5,2,1,3,4,1,2,3,5,5,3,2,3,0,0,0,,,0,0,,0,,,0,0,0,,,,,,0,0,4,4,3,3,1,8,2,4,3,4,2,1,2,0,0,1
4275,121,Deodorant B,0,6,1,3,1,3,3,3,4,1,5,4,3,5,2,2,5,4,1,1,2,3,3,2,5,4,5,3,3,2,0,0,,,0,0,,0,,,0,0,0,,,,,,0,0,3,5,3,2,4,8,5,4,1,4,5,3,1,0,0,1
4276,121,Deodorant B,1,4,1,4,1,3,3,4,3,1,4,5,4,5,1,1,4,2,2,4,5,1,4,3,4,2,5,5,5,1,0,0,,,0,0,,0,,,0,0,0,,,,,,0,0,4,5,3,1,6,4,2,4,1,5,2,2,1,0,0,5
4277,121,Deodorant B,0,6,3,4,2,4,5,2,4,4,4,5,4,5,3,3,5,5,1,5,5,5,3,1,1,5,2,4,3,0,0,0,,,0,0,,0,,,0,0,0,,,,,,0,0,5,3,2,1,6,8,2,4,1,3,2,1,2,0,0,1
4278,121,Deodorant B,0,6,0,3,4,1,1,1,4,3,2,5,5,5,5,5,5,3,1,4,2,1,3,5,3,3,2,5,5,4,0,0,,,0,0,,0,,,0,0,0,,,,,,0,0,5,2,3,3,1,7,1,4,2,4,2,2,2,0,0,2
4279,121,Deodorant B,0,5,1,3,2,4,5,2,4,3,5,2,1,4,5,2,1,4,2,4,3,3,4,5,3,5,2,4,4,3,0,0,,,0,0,,0,,,0,0,0,,,,,,0,0,5,1,3,3,5,10,5,4,3,2,10,2,1,0.5,0,1
4280,121,Deodorant B,0,6,0,3,1,3,5,4,5,2,3,1,3,5,5,5,3,3,2,5,5,1,5,3,4,5,1,4,2,3,0,0,,,0,0,,0,,,0,0,0,,,,,,0,0,4,4,1,1,5,6,2,4,1,3,2,1,6,0,0,1
4281,121,Deodorant B,0,5,1,3,4,1,3,2,1,2,5,5,3,4,4,5,4,4,2,5,5,2,5,1,3,3,2,5,5,1,0,0,,,1,0,,0,,,0,1,0,,,,,,0,0,2,1,1,3,7,9,2,4,1,2,3,2,1,0,0,2
4282,121,Deodorant B,0,7,2,3,1,4,4,1,4,1,4,3,4,4,3,3,2,4,1,1,5,2,4,4,5,3,2,5,3,2,0,0,,,1,0,,0,,,0,0,0,,,,,,0,0,1,1,3,3,7,4,1,4,2,3,4,2,6,0.25,0,2
4283,121,Deodorant B,1,3,1,3,4,5,2,1,5,1,5,4,1,3,3,1,1,5,1,4,5,1,1,3,5,1,2,2,1,2,0,0,,,0,0,,0,,,0,0,0,,,,,,0,0,3,1,2,3,6,3,7,4,1,3,5,2,3,0,0,6
4284,121,Deodorant B,0,5,1,4,4,4,2,4,5,5,5,4,4,3,2,1,4,3,1,5,3,2,4,5,4,5,4,3,1,0,0,0,,,1,0,,0,,,0,0,0,,,,,,0,0,5,2,1,1,4,3,5,4,1,2,7,3,1,0,0,2
4285,121,Deodorant B,0,7,1,4,5,5,4,3,2,5,4,3,4,5,1,4,4,5,4,3,4,3,1,4,5,5,1,5,4,2,0,0,,,0,0,,1,,,0,0,0,,,,,,0,0,5,5,3,1,4,4,5,4,2,3,5,1,4,0,0,5
4286,121,Deodorant B,0,6,1,3,1,3,4,4,5,4,4,5,5,5,5,5,3,3,3,5,1,5,5,4,4,4,2,5,4,2,0,0,,,0,0,,0,,,0,0,0,,,,,,0,0,5,2,2,2,6,7,7,4,2,3,6,1,1,0,0,5
4287,121,Deodorant B,0,6,2,3,5,1,1,2,4,1,5,4,1,5,4,2,5,4,2,2,4,3,2,2,2,2,4,4,3,3,0,0,,,0,0,,0,,,0,0,0,,,,,,0,0,2,4,3,1,7,7,2,4,1,3,5,3,1,0,0,5
4288,121,Deodorant B,0,5,3,3,5,5,1,3,3,2,5,4,4,2,5,2,5,4,1,5,2,2,3,4,4,4,3,4,1,2,0,0,,,0,0,,0,,,0,1,0,,,,,,0,0,5,5,2,3,7,8,2,4,5,4,7,2,2,0,0,6
4289,121,Deodorant B,0,6,0,3,2,4,5,2,5,2,5,5,4,5,5,1,5,3,2,4,4,2,3,2,3,5,4,5,4,2,0,0,,,0,0,,0,,,0,1,0,,,,,,0,0,3,3,1,3,2,10,5,4,3,4,4,1,1,0,0,1
4290,121,Deodorant B,1,1,1,3,4,5,2,1,2,5,3,2,2,3,5,4,4,1,3,2,2,2,4,4,4,5,1,3,5,0,0,1,,,0,1,,0,,,0,0,0,,,,,,0,0,4,2,1,3,7,9,2,4,5,4,8,1,4,0,0,1
4291,121,Deodorant B,0,5,0,3,4,4,4,3,5,1,3,4,5,4,5,5,2,5,2,4,1,4,5,2,5,2,2,5,2,1,0,0,,,0,0,,0,,,0,0,0,,,,,,0,0,2,3,2,3,3,2,5,4,2,4,10,2,5,0,0,4
4292,121,Deodorant B,1,2,1,3,5,3,3,3,4,3,5,4,3,3,1,2,3,3,2,2,4,1,1,4,5,1,4,4,5,1,0,0,,,0,0,,0,,,0,0,0,,,,,,0,0,5,3,2,1,2,8,2,4,3,2,2,1,1,0,0,2
4293,121,Deodorant B,1,3,2,3,1,5,5,1,2,4,5,4,5,4,4,3,5,5,1,4,3,1,2,1,4,3,4,2,1,3,0,0,,,0,0,,1,,,0,0,0,,,,,,0,0,1,5,2,2,6,6,4,4,1,2,2,4,1,0,0,1
4294,121,Deodorant B,0,5,1,5,2,3,4,2,3,1,4,4,5,5,4,3,4,3,2,5,5,2,3,5,2,2,1,3,2,-1,0,0,,,0,0,,0,,,0,0,0,,,,,,0,0,5,1,3,2,6,5,2,4,1,3,2,1,1,0,0,3
4295,121,Deodorant B,1,2,2,3,5,3,2,4,4,2,2,1,5,5,4,4,3,5,2,5,4,3,3,4,2,5,1,4,1,5,0,0,,,0,0,,0,,,0,0,0,,,,,,0,0,4,4,2,3,1,10,2,4,1,5,4,2,1,0,0,6
4296,121,Deodorant B,0,6,1,3,3,4,4,2,3,2,5,2,5,5,4,5,4,4,2,5,5,2,1,4,1,4,5,5,5,1,0,0,,,0,0,,0,,,0,0,0,,,,,,0,0,4,3,3,3,5,8,2,4,2,3,2,1,2,0,0,5
4297,121,Deodorant B,0,6,2,3,2,3,4,1,5,1,2,4,1,4,4,2,5,4,3,4,5,5,2,1,5,3,1,5,4,1,0,0,,,0,0,,0,,,0,0,0,,,,,,0,0,4,1,3,3,6,10,7,4,1,2,5,1,1,0,0,1
4298,121,Deodorant B,0,5,1,4,1,5,1,1,2,2,5,5,5,5,3,5,4,3,1,3,5,5,4,5,4,4,4,4,4,4,1,0,,,0,0,,0,,,0,0,0,,,,,,0,0,1,2,3,3,7,7,5,4,1,2,6,2,1,0,0,3
4299,121,Deodorant B,0,5,0,4,2,1,4,3,5,4,5,4,2,3,4,5,3,5,2,5,3,1,2,2,2,4,4,4,1,0,0,0,,,0,0,,0,,,0,0,0,,,,,,0,0,4,2,2,1,4,10,3,4,4,4,4,1,2,0,0,1
