"","Product","Instant.Liking","q1_1.personal.opinion.of.this.Deodorant","q2_all.words","q3_1.strength.of.the.Deodorant","q4_1.artificial.chemical","q4_2.attractive","q4_3.bold","q4_4.boring","q4_5.casual","q4_6.cheap","q4_7.clean","q4_8.easy.to.wear","q4_9.elegant","q4_10.feminine","q4_11.for.someone.like.me","q4_12.heavy","q4_13.high.quality","q4_14.long.lasting","q4_15.masculine","q4_16.memorable","q4_17.natural","q4_18.old.fashioned","q4_19.ordinary","q4_20.overpowering","q4_21.sharp","q4_22.sophisticated","q4_23.upscale","q4_24.well.rounded","q5_1.Deodorant.is.addictive","q7","q8.1","q8.5","q8.6","q8.11","q8.13","q8.19","q9.how.likely.would.you.be.to.purchase.this.Deodorant","q10.prefer.this.Deodorant.or.your.usual.Deodorant","q11.time.of.day.would.this.Deodorant.be.appropriate","q12.which.occasions.would.this.Deodorant.be.appropriate","Q13_Liking.after.30.minutes","q14.Deodorant.overall.on.a.scale.from.1.to.10","ValSegb","s8.ethnic.background","s9.education","s10.income","s11.marital.status","s12.working.status","s13.2","s13a.b.most.often","s13b.bottles.of.Deodorant.do.you.currently.own","predicted"
"6","Deodorant B",0,5,1,5,5,5,2,1,4,5,5,2,4,4,3,2,4,5,2,3,4,2,2,3,1,5,5,4,1,3,0,0,0,0,0,0,5,4,2,2,6,7,7,1,4,5,2,2,0,0,2,0
"12","Deodorant B",0,5,1,5,4,4,4,2,2,2,4,2,4,5,3,5,4,5,2,3,4,5,4,5,5,5,3,4,2,2,0,0,0,0,0,0,3,5,3,1,2,5,5,3,3,6,1,2,0,0,5,0
"21","Deodorant B",0,7,2,3,5,3,5,1,5,2,5,4,3,4,1,2,4,5,1,5,1,2,5,1,4,4,4,4,3,0,0,0,0,0,0,0,1,5,1,3,4,6,2,1,3,5,1,1,0,0,5,0
"22","Deodorant B",0,6,0,3,1,5,4,2,2,1,3,5,4,5,3,5,1,5,2,5,3,3,4,5,1,2,4,4,2,2,0,0,0,0,0,0,2,2,3,1,6,7,3,1,4,9,1,1,0,0,4,0
"24","Deodorant B",0,6,0,2,2,3,3,2,4,2,4,4,2,4,4,1,3,5,2,5,4,1,3,4,3,1,3,3,4,2,0,0,0,0,0,0,1,2,1,3,5,10,3,3,2,4,5,1,0,0,6,0
"25","Deodorant B",0,5,0,3,4,5,4,1,5,1,5,4,4,2,1,4,4,4,2,5,1,1,3,2,4,5,3,4,3,3,0,0,0,0,0,0,5,1,3,2,5,9,6,2,3,9,2,2,0,0,6,0
"36","Deodorant B",0,6,3,3,4,3,3,2,2,2,5,5,5,5,4,3,4,4,1,4,3,2,4,1,2,4,5,2,1,0,0,0,0,0,1,0,5,5,2,1,7,7,7,1,4,5,2,1,0,0,3,0
"39","Deodorant B",0,6,0,3,2,5,5,2,5,2,4,5,4,5,3,5,4,2,1,4,5,3,2,4,4,4,4,5,3,0,0,0,0,0,0,0,4,3,3,3,5,9,3,1,2,8,2,1,0,0,2,0
"42","Deodorant B",0,5,3,3,4,5,5,2,5,5,2,2,4,5,1,5,1,3,1,4,4,4,5,2,1,5,4,5,1,1,0,0,0,0,0,0,4,4,2,3,6,5,6,5,3,4,3,1,0,0,5,0
"46","Deodorant B",1,4,1,4,4,4,4,2,5,4,2,5,2,3,3,1,5,5,1,2,5,3,1,1,3,2,2,4,1,2,0,0,0,0,0,0,4,2,1,3,5,8,2,1,4,6,2,1,0,0,6,1
"54","Deodorant B",1,4,1,5,2,5,4,1,2,5,2,3,4,3,3,5,1,5,3,5,4,2,1,5,3,2,4,5,1,1,0,0,0,0,0,0,4,2,3,1,1,7,6,1,2,3,3,2,0,0,2,1
"56","Deodorant B",0,6,1,3,5,4,5,2,2,1,5,2,1,5,4,1,1,5,1,4,4,2,4,5,2,3,4,5,5,0,0,0,0,0,0,0,3,3,3,2,4,6,2,1,5,10,2,3,0,0,3,0
"59","Deodorant B",0,5,2,3,1,4,5,1,4,1,3,5,3,5,5,3,5,4,1,4,2,1,2,2,4,1,4,4,1,2,0,0,0,0,0,0,4,4,3,3,3,7,2,1,4,3,2,1,0,0,2,0
"61","Deodorant B",1,4,0,3,1,5,3,4,5,1,4,5,2,4,3,1,3,5,1,2,4,2,1,1,2,3,5,1,1,2,0,0,0,0,0,0,1,1,2,2,7,5,3,1,4,5,1,5,0,0,2,0
"62","Deodorant B",0,6,2,3,1,4,2,1,3,1,4,3,5,1,4,3,3,4,4,2,3,4,3,2,5,4,1,3,1,1,0,0,0,0,0,0,5,5,2,1,7,1,2,2,3,5,2,5,0,0,4,0
"65","Deodorant B",0,7,0,3,2,4,3,1,2,2,3,4,4,5,5,4,5,3,3,4,3,1,5,2,4,4,5,4,4,-4,0,0,0,0,1,0,4,5,3,3,7,8,3,4,2,2,3,1,0,0,3,0
"76","Deodorant B",0,5,1,3,2,3,2,1,3,5,5,2,4,4,5,1,4,5,1,5,4,5,3,5,3,1,4,5,3,0,0,0,0,0,0,0,5,2,2,3,4,8,2,1,4,8,2,1,0,0,3,0
"77","Deodorant B",0,5,4,3,5,3,5,4,5,5,3,5,5,5,5,5,4,4,3,5,4,3,5,4,5,4,4,4,1,3,0,0,0,0,0,0,5,1,3,3,3,1,3,3,4,3,5,6,0,0,1,0
"84","Deodorant B",1,3,2,4,1,3,5,2,4,1,1,5,2,4,5,1,2,4,1,2,5,2,5,1,3,4,4,1,1,1,0,0,0,0,0,0,2,1,1,3,6,8,2,1,4,3,2,6,0,0,4,1
"86","Deodorant B",1,4,1,3,4,4,1,2,4,1,5,4,2,3,5,4,4,4,1,5,5,1,5,5,3,5,4,4,4,3,0,0,0,0,0,1,2,3,1,3,6,10,1,3,2,4,1,1,0,0,4,1
"87","Deodorant B",1,4,1,3,2,5,3,1,2,1,5,5,4,3,3,5,5,5,1,3,4,1,1,2,1,3,5,4,5,-1,0,0,0,0,0,0,4,4,3,3,6,9,3,1,3,2,1,1,0,0,2,1
"88","Deodorant B",0,5,1,3,2,4,4,2,4,2,5,5,1,5,5,4,3,4,5,5,5,1,4,5,4,3,5,4,5,3,0,0,0,0,0,0,5,3,3,3,6,7,2,2,3,2,2,6,0,0,4,0
"91","Deodorant B",0,7,1,4,1,5,4,3,4,5,5,5,3,5,4,1,3,5,1,1,5,1,4,5,2,4,3,1,3,2,0,0,0,0,0,0,4,3,1,3,6,7,1,1,3,3,1,2,0,0,1,0
"92","Deodorant B",0,6,4,3,2,4,5,1,5,5,2,5,5,5,4,1,4,5,5,5,2,5,1,5,2,3,4,4,4,2,0,0,0,0,0,0,3,1,2,2,1,8,5,1,3,10,2,2,0,0,5,0
"93","Deodorant B",1,4,0,3,4,2,4,5,3,2,5,3,4,4,4,5,3,3,1,3,2,3,3,1,4,2,3,2,3,4,1,0,0,0,0,0,5,5,3,3,7,7,7,1,3,6,2,2,0,0,3,1
"94","Deodorant B",0,7,1,3,4,3,1,4,5,4,5,5,4,1,3,1,4,1,1,5,4,1,4,5,3,4,5,4,1,-1,0,1,0,0,0,0,5,5,1,3,6,2,4,2,2,4,2,1,0,0,2,0
"95","Deodorant B",0,6,1,5,2,5,5,1,4,2,5,5,2,3,5,4,3,3,1,4,2,4,1,3,2,2,1,5,5,1,0,0,0,0,0,0,4,5,2,1,6,5,3,3,4,3,5,1,0,0,6,0
"101","Deodorant B",0,5,0,4,2,2,5,1,2,1,4,4,2,5,5,5,3,5,2,4,3,1,4,5,5,3,2,1,2,3,0,0,0,0,0,0,5,4,1,3,5,7,3,1,4,4,2,1,0,0,2,0
"103","Deodorant B",0,6,3,3,3,5,4,2,3,2,4,2,3,5,1,1,4,1,1,4,3,4,3,3,1,1,3,4,5,3,0,0,0,0,0,0,1,3,2,3,7,8,5,2,4,2,3,4,0,0,1,0
"104","Deodorant B",1,4,2,3,2,4,1,2,3,2,5,2,4,5,3,3,5,2,5,2,5,2,5,1,4,3,5,3,1,3,0,0,0,0,0,0,2,5,2,3,3,10,7,1,3,5,2,1,0,0,3,1
"105","Deodorant B",1,3,0,3,1,4,3,1,2,1,4,1,3,4,5,2,5,5,1,5,3,1,4,2,2,5,4,5,2,1,0,0,0,0,0,0,5,3,2,1,2,7,3,3,4,2,2,1,0,0,5,1
"111","Deodorant B",0,6,0,3,4,4,4,2,3,1,1,3,3,4,4,5,5,5,1,5,2,1,4,5,5,4,4,4,4,0,1,0,0,0,0,0,1,2,3,3,5,7,1,1,2,3,2,1,0,0,3,0
"112","Deodorant B",0,6,1,3,4,5,3,1,1,4,4,5,4,5,3,2,5,5,4,1,2,2,2,2,4,3,4,4,4,2,0,0,0,0,0,0,1,4,3,3,5,8,2,1,3,10,1,3,0,0,3,0
"115","Deodorant B",0,6,3,1,5,4,3,1,4,2,4,4,5,4,1,4,4,5,2,3,5,3,3,5,4,4,4,2,5,1,0,0,0,0,0,0,3,2,3,2,6,6,5,3,2,6,1,1,0,0,6,0
"116","Deodorant B",0,7,1,4,1,5,4,2,5,1,4,4,4,5,5,4,4,5,2,4,4,3,3,3,3,5,3,4,1,0,0,0,0,0,0,0,1,3,3,2,3,8,2,2,2,5,2,1,0,0,3,0
"118","Deodorant B",0,6,1,3,1,3,3,2,4,2,3,1,5,4,3,4,5,5,1,3,4,5,3,3,1,3,5,5,4,1,0,0,0,0,0,0,4,3,3,3,4,10,4,1,2,3,1,1,0,0,3,0
"120","Deodorant B",0,6,2,4,2,5,3,2,3,5,4,1,4,5,2,4,5,5,1,4,5,2,2,5,5,2,5,4,5,1,0,0,0,0,0,0,4,1,3,3,6,10,2,4,4,4,1,1,0,0,2,0
"126","Deodorant B",1,4,2,4,1,1,3,1,4,2,4,5,2,5,4,2,5,3,2,4,4,2,4,3,5,4,3,3,4,0,0,0,0,0,0,0,4,2,3,1,1,7,2,3,5,10,2,1,0,0,1,0
"130","Deodorant B",0,5,1,4,4,1,2,2,3,4,4,5,2,5,4,2,5,2,1,1,2,4,4,3,4,5,2,5,2,2,0,0,0,0,0,0,5,1,3,2,5,7,7,3,2,4,2,1,0,0,5,0
"133","Deodorant B",0,6,0,3,4,1,5,1,4,1,4,4,2,5,5,1,5,5,4,3,4,1,2,4,3,4,3,5,4,0,0,0,1,0,0,0,5,2,1,3,7,1,5,2,2,6,2,1,0,0,3,0
"134","Deodorant B",1,1,1,3,4,1,3,2,5,5,1,3,4,5,5,5,4,3,2,3,3,4,2,2,4,1,2,5,3,3,0,0,0,0,0,0,4,4,2,3,6,3,3,3,3,3,1,1,0,0,3,1
"136","Deodorant B",0,6,3,3,1,4,1,1,2,5,5,5,5,5,2,2,3,3,5,4,4,2,3,2,4,4,1,4,2,0,0,0,0,0,0,0,5,3,1,3,3,9,7,2,2,3,2,1,0.2,0,1,0
"141","Deodorant B",0,7,1,3,1,4,4,2,1,1,2,5,3,4,4,2,3,2,1,4,1,5,3,4,4,4,5,1,4,1,0,0,0,0,0,0,3,3,3,2,5,9,1,1,4,3,2,1,0,0,1,0
"147","Deodorant B",1,4,2,2,1,2,1,2,5,2,4,4,5,1,1,2,4,5,4,2,5,5,3,5,2,4,4,2,4,1,0,0,0,0,0,0,3,2,2,1,5,6,5,1,4,8,1,2,0,0,6,1
"150","Deodorant B",0,5,1,4,1,3,5,1,2,2,5,2,5,3,4,5,5,5,2,3,4,2,2,4,3,5,5,4,1,2,0,0,1,0,0,0,4,3,2,3,6,10,2,1,2,3,2,1,0,0,3,0
"153","Deodorant B",0,6,0,4,5,5,3,2,5,2,4,4,3,5,5,2,5,5,3,4,2,3,1,3,3,4,4,5,5,3,0,0,0,0,0,0,1,3,3,2,6,6,5,1,2,3,2,2,0,0,1,0
"157","Deodorant B",0,5,0,3,3,4,4,1,3,1,4,3,3,4,5,5,4,3,2,4,1,1,2,1,3,5,4,4,3,1,0,0,0,0,0,0,4,2,2,3,3,10,2,4,4,9,2,2,0,0,3,0
"163","Deodorant B",0,7,0,3,1,5,4,1,2,1,1,3,5,5,4,2,5,4,3,5,3,1,3,3,5,3,5,2,2,0,1,0,1,0,0,0,4,3,3,1,5,7,7,1,3,10,1,1,0,0,1,0
"167","Deodorant B",0,7,2,3,1,5,1,4,4,1,5,4,5,4,5,5,5,4,1,4,5,3,2,2,3,1,2,3,4,1,0,0,0,0,0,0,2,4,1,1,6,1,6,1,3,3,1,3,0,0,4,0
"168","Deodorant B",0,5,1,4,1,2,4,1,5,3,5,3,5,5,2,2,5,3,3,5,4,2,4,3,3,2,5,5,4,3,0,0,0,0,0,0,4,3,2,3,4,8,2,1,2,10,1,1,0,0,5,0
"171","Deodorant B",0,6,3,4,4,5,3,4,3,1,5,5,5,2,2,3,1,4,2,5,3,1,3,3,5,5,5,4,4,1,0,0,0,0,0,0,5,1,1,1,5,8,2,2,2,3,2,1,0,0,1,0
"174","Deodorant B",0,6,1,3,2,3,4,1,3,2,1,4,5,5,4,4,3,5,3,4,4,3,2,3,2,1,2,4,3,2,0,0,0,0,0,0,5,1,2,2,5,9,2,1,2,8,2,5,0,0,2,0
"177","Deodorant B",0,5,2,3,4,4,4,2,5,4,5,3,3,5,4,1,1,5,1,1,5,1,3,4,5,4,5,5,4,1,0,0,0,0,0,0,5,3,3,1,6,7,3,2,4,4,1,1,0,0,3,0
"184","Deodorant B",1,1,2,4,1,1,4,1,5,1,5,5,2,4,1,3,2,4,2,5,3,1,3,4,5,5,1,4,4,2,0,0,0,0,0,0,4,5,3,2,5,2,2,4,2,7,1,6,0,0,1,1
"185","Deodorant B",0,6,1,3,2,5,3,2,2,1,3,2,4,4,5,3,5,4,1,2,4,1,2,3,4,1,4,3,4,1,0,0,0,0,0,0,4,5,3,3,7,5,2,2,4,10,2,1,0,0,1,0
"189","Deodorant B",0,5,2,5,1,5,5,2,5,1,3,1,5,5,1,5,4,5,2,4,1,1,2,2,1,5,4,4,3,1,0,0,0,0,0,0,1,1,2,1,5,8,7,3,3,4,2,2,0,0,3,0
"199","Deodorant B",0,5,1,3,1,4,5,3,4,1,5,4,5,5,4,1,4,3,1,1,2,2,3,3,3,4,5,5,4,3,0,1,1,0,0,0,5,4,1,2,6,9,2,1,3,3,1,1,0,0,6,0
"204","Deodorant B",0,5,2,3,1,5,4,2,5,2,4,1,5,4,5,1,4,3,1,5,4,3,2,5,1,5,4,2,1,3,0,0,0,0,0,0,4,5,1,3,2,10,2,2,3,7,2,2,0,0,6,0
"205","Deodorant B",0,7,0,4,2,2,5,2,5,2,5,3,4,5,1,4,4,3,1,4,3,4,1,3,2,2,5,4,1,3,0,0,0,0,0,0,4,3,1,3,6,8,3,5,3,4,2,2,0,0,5,0
"208","Deodorant B",0,5,1,3,1,3,4,3,2,5,5,3,4,4,4,4,4,4,1,4,5,5,3,5,3,5,3,4,4,2,0,0,0,0,0,0,5,3,3,1,2,6,3,1,3,4,2,1,0,0,4,0
"209","Deodorant B",0,6,1,4,4,5,5,2,5,1,3,3,1,5,1,2,3,4,1,5,5,1,4,1,2,4,3,5,3,2,0,0,0,0,0,0,3,2,3,1,5,6,2,1,2,8,2,2,0,0,4,0
"212","Deodorant B",0,5,1,4,1,4,5,2,3,4,4,2,2,3,4,2,5,3,1,5,4,1,2,1,4,5,3,5,2,1,0,0,0,0,0,0,4,1,2,3,4,9,6,1,4,6,4,1,0.333333333,0,1,0
"218","Deodorant B",1,1,0,3,2,4,3,1,4,1,4,5,5,5,5,1,4,5,1,4,3,4,3,5,5,5,2,5,1,0,0,0,0,0,0,0,5,3,3,3,7,8,2,1,3,10,1,1,0,0,2,1
"219","Deodorant B",0,7,1,4,3,5,4,3,1,5,2,5,4,4,5,4,3,4,1,5,3,2,5,5,4,5,4,4,3,1,1,1,0,0,0,0,1,1,2,1,1,5,2,1,3,2,2,1,0,0,3,0
"221","Deodorant B",0,7,3,4,1,5,1,2,5,2,5,3,5,5,3,5,2,3,2,3,4,1,5,1,5,1,3,5,4,0,0,0,0,0,0,0,4,4,2,3,7,3,2,1,4,3,2,1,0,0,3,0
"229","Deodorant B",0,5,3,3,2,3,4,1,5,5,4,2,4,4,4,5,4,5,4,3,3,4,4,3,4,1,5,4,4,3,0,0,0,0,0,0,5,2,1,1,6,2,2,2,2,3,2,1,0,0,3,0
"237","Deodorant B",0,6,1,3,2,4,4,1,2,5,2,5,5,5,4,4,5,4,2,4,3,3,1,2,1,4,4,4,5,1,0,0,0,0,0,0,4,3,2,1,7,8,2,3,4,6,1,5,0,0,3,0
"238","Deodorant B",1,4,2,3,4,4,4,1,5,3,3,3,3,4,3,1,5,4,1,5,5,1,4,5,4,2,1,4,5,1,0,0,0,0,0,0,5,4,3,3,7,7,5,1,4,3,2,7,0,0,6,1
"242","Deodorant B",1,4,1,4,1,4,4,3,4,4,1,4,4,5,3,1,5,4,1,5,4,2,2,1,3,4,4,4,4,2,0,0,0,0,0,0,4,5,3,1,7,4,2,4,2,10,1,1,0,0,6,1
"246","Deodorant B",0,5,1,3,1,4,4,3,5,2,2,4,4,5,2,1,3,2,1,5,2,3,2,1,3,4,3,5,3,3,0,1,0,0,0,0,5,4,3,3,7,7,5,2,2,4,1,1,0,0,1,0
"248","Deodorant B",0,6,0,4,3,1,5,2,4,1,5,3,3,5,5,2,4,1,3,5,1,5,4,3,4,5,5,2,2,1,0,0,0,0,0,0,2,4,1,2,3,9,5,1,3,5,2,1,0,0,3,0
"256","Deodorant B",0,6,2,3,1,2,5,1,5,1,5,4,1,5,4,2,5,5,5,5,2,1,3,4,5,1,1,3,4,1,0,0,0,0,0,0,5,3,1,3,6,4,7,4,2,8,1,1,0,0,6,0
"257","Deodorant B",0,7,1,5,1,3,4,1,3,5,5,5,4,4,2,5,5,5,1,2,2,4,3,2,4,4,4,4,1,3,0,0,0,0,0,0,2,3,2,1,5,7,5,1,3,5,1,1,0,0,1,0
"258","Deodorant B",0,6,0,3,2,2,3,2,3,3,5,5,4,1,4,3,2,4,1,5,4,2,5,3,4,4,3,4,2,1,1,0,0,0,0,0,5,5,3,3,6,8,2,4,4,10,1,2,0,0,1,0
"266","Deodorant B",0,6,0,2,1,4,4,4,5,1,4,3,1,4,5,1,4,4,3,1,5,3,2,5,3,3,5,5,3,2,0,0,0,0,1,0,5,2,2,3,6,10,5,1,5,2,1,2,0,0,1,0
"267","Deodorant B",0,5,1,3,2,5,4,2,3,1,5,5,5,2,5,1,4,1,3,2,3,5,3,5,2,5,5,2,1,2,0,0,0,0,0,0,4,1,3,3,2,5,2,3,2,10,2,1,0,0,1,0
"268","Deodorant B",0,6,2,3,2,4,5,1,5,2,4,4,4,3,1,2,5,1,4,5,3,2,3,4,4,4,4,4,3,1,0,0,0,0,0,0,5,1,1,2,6,8,2,3,3,5,2,3,0,0,4,0
"270","Deodorant B",0,6,0,3,2,2,4,1,4,3,4,4,5,4,1,3,1,5,2,3,4,5,3,4,4,2,5,5,4,1,0,0,0,0,0,0,4,1,2,3,5,10,1,1,4,5,2,1,0,0,6,0
"271","Deodorant B",1,4,1,4,4,4,4,1,2,5,4,3,3,3,5,4,5,5,1,2,4,1,5,2,3,3,3,1,2,1,0,0,0,0,0,0,5,3,2,3,6,8,2,1,3,10,2,1,0,0,2,1
"272","Deodorant B",1,4,0,3,3,5,4,1,5,3,5,3,5,5,2,1,4,4,1,5,3,3,1,1,3,5,4,5,5,1,0,0,0,0,0,0,4,4,2,3,4,7,6,1,4,3,2,2,0,0,5,1
"274","Deodorant B",1,4,3,3,1,3,2,2,3,2,5,4,5,1,3,3,3,5,2,4,3,2,3,1,1,4,5,5,3,2,0,0,0,0,0,0,5,3,1,1,5,7,2,3,4,7,2,1,0,0,2,1
"275","Deodorant B",0,6,1,3,2,4,4,2,3,3,4,5,5,5,4,5,5,2,3,2,1,2,2,1,5,5,4,2,4,1,0,1,0,0,0,0,5,5,1,1,4,7,1,1,2,4,2,5,0,0,2,0
"278","Deodorant B",1,4,0,3,1,4,3,4,5,1,3,4,4,2,4,4,4,4,4,5,1,2,5,2,5,1,5,5,5,1,0,0,0,0,0,0,3,4,3,1,6,8,2,4,3,4,1,1,0,0,2,0
"282","Deodorant B",1,4,0,2,5,1,5,1,4,2,5,5,4,2,5,1,2,4,1,5,5,5,2,3,4,1,2,4,5,2,0,0,0,0,0,0,1,4,3,3,6,1,5,1,5,6,2,1,0,0,4,0
"283","Deodorant B",1,1,1,2,4,5,1,4,2,2,3,4,5,4,3,1,5,5,1,5,2,1,4,1,4,2,1,2,5,2,0,0,0,0,0,0,1,1,3,1,7,7,3,5,4,3,1,2,0,0,5,1
"293","Deodorant B",0,5,0,3,1,4,4,4,2,2,4,3,5,5,5,4,4,5,2,3,4,2,1,3,4,2,2,4,3,2,0,0,1,0,0,0,5,3,1,3,7,7,4,2,3,7,1,2,0,0,2,0
"294","Deodorant B",0,6,0,3,1,3,5,1,3,2,3,2,3,5,4,1,5,5,2,5,2,3,1,4,4,5,4,3,5,-1,0,0,0,0,0,0,3,3,3,2,5,6,5,1,4,3,1,1,0,0,4,0
"299","Deodorant B",0,6,3,4,5,1,2,1,2,4,4,3,4,5,5,3,4,5,2,5,5,3,5,3,1,3,3,3,4,0,0,0,0,0,0,0,4,3,2,3,5,4,2,2,3,5,2,1,0,0,1,0
"308","Deodorant B",0,6,0,3,2,5,4,2,5,5,3,5,3,5,5,2,3,5,1,3,5,1,4,4,1,3,1,4,4,4,0,0,0,0,0,0,1,1,3,3,5,8,5,1,4,4,2,1,0,0,2,0
"309","Deodorant B",0,6,0,2,3,4,4,3,5,1,3,4,5,5,5,4,5,5,3,4,4,1,3,2,1,1,3,5,4,0,0,0,0,0,0,0,4,5,3,2,5,10,2,2,4,6,1,1,0,0,4,0
"310","Deodorant B",1,1,1,3,1,4,4,2,3,1,5,4,3,4,5,1,5,3,1,3,5,3,5,2,4,4,4,4,4,3,0,0,0,0,0,0,1,2,2,2,1,5,4,3,3,2,1,1,0,0,2,1
"311","Deodorant B",0,6,1,4,1,4,1,2,5,5,4,4,5,4,3,2,2,5,1,4,5,4,4,4,4,1,3,2,3,1,0,0,0,0,0,0,5,5,2,2,6,5,2,1,2,10,1,1,0,0,3,0
"316","Deodorant B",1,1,2,4,4,4,5,1,2,5,4,4,4,5,3,2,4,4,5,3,4,4,3,2,5,2,4,4,2,0,0,0,0,0,0,0,5,4,2,1,2,6,3,2,4,2,2,1,0,0,3,1
"317","Deodorant B",0,7,2,3,4,2,5,3,5,2,5,2,3,4,1,2,4,3,1,3,3,2,3,3,1,3,2,2,5,0,0,0,0,0,0,0,5,1,3,2,6,9,7,1,4,6,2,2,0,0,3,0
"323","Deodorant B",0,6,2,4,4,4,1,2,5,3,3,2,2,2,1,2,4,4,2,4,4,5,4,4,4,5,3,2,5,0,0,0,0,0,0,0,2,2,3,1,6,2,2,1,3,5,2,7,0,0,3,0
"324","Deodorant B",1,1,1,3,1,5,3,1,1,5,4,5,5,3,4,1,1,3,1,2,5,5,2,2,5,5,4,4,2,3,0,1,0,0,0,0,3,4,3,2,6,10,3,1,4,10,2,1,0,0,4,1
"334","Deodorant B",1,4,0,5,4,4,2,2,4,4,3,2,5,5,5,4,4,4,1,4,3,1,4,2,4,5,4,1,4,1,0,0,0,0,1,0,1,2,2,3,4,4,3,2,4,6,2,1,0,0,5,0
"337","Deodorant B",0,5,1,4,4,4,2,3,3,2,3,5,2,4,3,4,4,3,1,5,5,1,3,1,1,3,3,5,4,2,0,0,0,0,0,0,5,4,1,3,7,9,2,1,6,2,3,1,0,0,3,0
"342","Deodorant B",0,5,2,4,1,2,3,3,4,1,4,5,4,2,5,5,3,3,3,3,3,5,3,4,4,4,5,4,4,1,0,0,0,0,0,0,5,2,3,2,7,5,2,1,2,7,1,2,0,0,1,0
"345","Deodorant B",0,6,1,5,1,3,3,4,3,4,4,4,5,3,1,5,3,5,1,5,3,5,3,1,4,3,4,4,5,0,0,0,0,0,0,0,4,3,1,2,6,2,2,1,2,5,1,6,0,0,3,0
"354","Deodorant B",1,4,2,3,3,4,3,1,4,1,2,2,4,1,5,3,3,5,1,3,4,5,4,3,4,3,4,5,3,1,0,0,0,0,0,0,5,3,3,3,4,6,3,4,2,6,1,2,0,0,5,0
"356","Deodorant B",0,5,0,3,5,4,4,1,1,1,5,3,5,5,3,1,3,5,1,1,4,4,1,5,4,4,2,4,1,1,0,0,0,0,0,0,2,3,1,1,6,7,3,1,3,4,1,1,0,0,2,0
"357","Deodorant B",0,6,0,3,1,4,4,2,5,5,3,2,5,5,3,1,5,4,4,2,3,1,1,2,2,4,2,3,3,3,0,0,0,0,0,0,1,3,1,2,1,8,2,3,3,4,1,1,0,0,6,0
"360","Deodorant B",0,6,2,4,1,5,5,2,4,1,4,5,5,5,2,4,4,5,1,5,4,2,4,3,4,1,5,3,4,4,0,0,0,0,0,0,4,1,3,2,4,1,7,1,2,7,1,1,0,0,3,0
"361","Deodorant B",0,7,3,3,1,2,4,2,4,1,2,5,3,5,5,5,4,2,1,5,4,3,5,3,5,4,5,4,5,2,0,0,0,0,0,0,4,5,2,3,3,9,2,2,3,4,1,1,0,0,1,0
"362","Deodorant B",0,7,0,4,5,3,2,2,5,1,5,5,2,4,5,5,2,4,1,5,1,1,2,4,2,3,4,4,4,1,0,0,1,0,0,0,5,2,1,3,7,10,2,5,3,3,2,2,0,0,1,0
"363","Deodorant B",1,4,2,4,3,4,2,2,5,1,4,3,4,4,1,2,4,5,3,2,1,3,3,3,5,5,2,4,4,1,1,1,0,0,0,0,5,5,3,1,3,10,3,3,2,2,1,1,0,0,2,1
"366","Deodorant B",0,5,0,3,1,4,3,4,5,4,3,3,4,2,5,3,5,4,1,5,1,2,3,1,4,5,5,3,5,0,0,0,0,0,0,0,5,3,3,2,7,5,2,1,2,2,1,6,0,0,4,0
"370","Deodorant B",0,5,0,3,2,5,5,2,3,2,1,4,5,5,4,3,5,5,3,4,2,2,3,3,1,5,3,5,2,1,0,0,0,0,0,0,4,5,3,1,7,8,5,2,6,6,2,2,0,0,1,0
"372","Deodorant B",1,2,0,3,2,4,4,2,4,4,4,4,5,1,3,2,2,5,1,4,5,3,2,3,3,2,5,5,5,2,0,0,0,0,0,0,4,1,2,1,2,9,7,1,3,4,1,5,0,0,2,1
"377","Deodorant B",0,7,0,3,4,3,3,1,3,1,3,4,4,5,1,4,4,4,2,3,4,1,5,4,1,2,2,5,5,0,0,0,0,0,0,0,1,2,3,2,1,1,7,1,4,3,1,1,0,0,5,0
"378","Deodorant B",0,6,2,3,3,2,4,1,3,2,3,4,2,5,5,1,3,5,1,3,3,4,4,5,4,1,3,5,3,1,0,0,0,0,0,0,4,2,3,2,6,10,2,5,2,3,1,1,0,0,1,0
"380","Deodorant B",0,5,1,3,1,5,4,5,4,1,5,5,5,1,5,4,3,3,1,5,3,1,2,3,5,5,4,4,5,1,0,0,0,0,0,0,3,5,1,3,5,2,2,3,2,6,2,2,0,0,1,0
"386","Deodorant B",1,4,0,3,1,4,5,1,5,2,3,4,5,5,5,1,4,5,2,4,2,3,3,4,3,5,4,4,3,2,0,0,0,0,0,0,4,1,3,3,7,7,2,2,4,3,3,2,0.166666667,0,3,0
"391","Deodorant B",1,1,0,3,3,5,4,3,4,2,5,5,2,5,5,4,4,5,1,5,2,1,1,4,5,3,2,5,4,0,0,0,0,0,0,0,4,5,2,2,1,9,1,3,2,4,2,2,0,0,2,1
"392","Deodorant B",0,7,0,4,1,5,4,5,2,2,1,5,2,5,5,4,5,4,3,4,2,1,2,4,1,5,3,4,3,1,0,0,0,0,0,0,5,5,1,3,1,7,2,2,4,3,2,6,0,0,2,0
"394","Deodorant B",1,4,0,3,1,5,4,1,4,2,4,3,5,2,4,4,4,3,1,5,4,5,2,1,2,1,1,1,4,0,0,0,0,0,0,0,2,3,2,1,5,5,7,4,2,2,1,2,0,0,3,1
"396","Deodorant B",0,6,1,3,5,4,3,2,3,2,4,4,5,4,2,5,3,5,5,5,4,1,2,1,3,4,5,1,4,-1,0,0,0,0,0,0,5,5,3,3,6,5,3,1,3,5,3,1,0,0,1,0
"400","Deodorant B",0,6,3,4,2,2,4,5,5,2,3,4,5,4,5,5,5,3,2,4,3,2,4,1,1,3,4,4,4,1,0,0,0,0,0,0,5,4,1,3,4,6,5,3,2,9,2,2,0,0,6,0
"401","Deodorant B",0,6,1,3,1,3,4,2,3,1,2,3,2,4,2,3,2,3,1,4,2,4,1,1,5,2,5,2,5,0,0,1,0,0,0,0,4,1,3,3,6,5,2,1,3,10,1,1,0,0,3,0
"402","Deodorant B",1,4,2,3,2,4,4,4,5,3,3,5,1,5,1,2,1,4,1,4,1,3,3,1,1,5,1,5,4,1,0,0,0,0,0,0,1,3,1,3,7,5,7,1,4,2,2,6,0,0,4,1
"403","Deodorant B",0,6,3,3,2,5,1,1,5,3,5,2,5,5,5,3,4,1,3,5,3,3,2,1,4,2,4,4,2,1,0,0,1,0,0,0,1,1,1,3,5,6,3,1,4,10,1,1,0,0,1,0
"406","Deodorant B",1,4,2,3,5,1,5,3,5,1,5,5,3,1,3,1,1,5,1,5,4,4,4,3,5,5,1,5,3,2,0,0,0,0,0,0,2,1,3,1,6,5,5,1,2,6,1,1,0,0,1,0
"407","Deodorant B",0,6,1,3,3,3,3,2,2,3,3,1,3,5,5,1,3,3,5,5,4,5,3,1,5,4,4,5,4,0,0,0,0,0,0,0,1,3,2,3,7,5,2,1,3,6,1,1,0,0,3,0
"413","Deodorant B",1,3,0,3,1,2,3,2,4,1,5,3,5,5,4,4,5,4,1,2,4,5,3,5,4,3,3,4,4,0,0,0,0,0,0,0,5,2,2,1,7,8,2,1,2,5,2,1,0,0,4,1
"415","Deodorant B",1,4,2,4,1,4,5,2,5,4,3,4,2,4,4,5,2,5,3,5,3,2,2,3,4,3,5,5,4,0,0,0,0,0,0,0,4,5,3,2,5,10,2,2,2,8,4,1,0,0,6,1
"419","Deodorant B",0,6,2,4,2,1,5,3,5,1,5,5,5,1,4,2,3,2,3,5,4,3,4,5,3,5,5,4,3,2,0,0,0,0,0,0,2,3,1,3,6,9,3,1,2,5,2,2,0,0,1,0
"421","Deodorant B",0,5,0,3,5,4,4,3,5,4,3,4,4,5,4,5,1,3,1,5,4,3,4,5,5,5,5,2,4,-2,0,0,0,0,0,0,4,2,3,3,7,7,2,1,4,4,2,1,0,0,1,0
"422","Deodorant B",1,4,0,4,5,3,5,1,1,1,5,2,5,5,4,4,3,3,1,3,5,1,2,1,3,5,5,4,2,1,0,0,1,0,0,0,5,5,2,2,3,6,2,1,2,3,2,2,0,0,2,1
"425","Deodorant B",0,5,0,3,5,3,3,1,3,1,2,1,1,5,3,4,3,5,4,4,5,3,1,4,4,5,1,3,5,0,0,0,0,0,0,0,4,3,3,1,7,9,3,1,3,8,2,1,0,0,6,0
"429","Deodorant B",1,2,2,3,4,4,5,2,3,5,4,1,3,5,4,2,5,5,1,4,5,4,2,5,5,1,4,4,1,2,0,0,0,0,1,0,5,2,2,3,4,8,5,1,3,3,1,6,0,0,2,1
"436","Deodorant B",0,6,4,4,2,4,1,3,5,5,3,4,5,5,3,2,5,4,1,5,5,2,3,5,1,1,2,4,2,2,0,0,0,0,0,0,5,3,2,3,4,9,2,2,3,6,1,2,0,0,4,0
"438","Deodorant B",0,5,0,3,5,4,4,2,1,1,4,4,3,2,1,2,2,3,3,5,5,1,2,1,1,2,4,4,4,1,1,0,0,1,0,0,5,4,1,3,6,3,2,2,4,4,2,5,0,0,6,0
"444","Deodorant B",1,4,2,3,5,3,5,2,2,2,4,5,5,5,1,2,4,5,3,5,4,5,3,5,5,4,3,4,3,1,0,0,1,0,0,0,5,2,3,1,6,8,2,2,2,10,1,1,0,0,3,1
"449","Deodorant B",0,6,1,3,5,4,4,1,5,4,5,5,3,5,4,1,5,5,2,4,3,1,1,5,5,5,4,4,1,0,0,0,0,0,0,0,5,4,2,2,6,8,6,2,2,3,3,1,0,0,6,0
"450","Deodorant B",0,7,3,3,2,5,4,1,2,1,5,4,4,5,4,1,2,5,2,1,3,5,2,4,4,1,1,5,5,1,0,0,0,0,0,0,5,1,1,2,6,10,3,1,3,4,1,2,0,0,3,0
"452","Deodorant B",0,6,0,3,1,5,4,3,5,3,3,4,5,5,5,2,5,5,2,4,5,1,1,1,4,5,5,4,1,3,0,0,0,0,0,0,2,2,3,1,6,6,3,1,2,4,2,1,0,0,1,0
"453","Deodorant B",1,4,3,3,3,2,3,1,3,4,1,3,4,4,2,5,4,2,1,4,4,1,4,1,5,1,1,3,4,2,0,0,0,0,0,0,5,1,3,3,5,9,1,4,2,10,4,1,0,0,2,1
"456","Deodorant B",0,7,1,3,3,3,5,1,3,3,5,2,4,5,1,4,5,5,1,3,4,3,3,4,3,5,5,5,1,1,0,0,0,0,0,0,4,5,1,2,3,8,2,1,3,5,2,2,0,0,1,0
"461","Deodorant B",0,5,0,2,5,5,2,2,4,2,4,3,3,5,5,3,3,4,4,5,5,3,2,3,4,4,1,4,5,2,0,0,0,0,0,0,5,1,3,1,7,8,3,1,4,7,2,1,0,0,1,0
"468","Deodorant B",1,1,0,3,3,5,5,1,4,3,3,2,5,3,1,1,3,4,3,5,5,1,4,2,3,2,5,4,5,-1,0,0,0,0,0,0,4,3,3,2,7,9,2,2,2,4,4,2,0,0,1,1
"470","Deodorant B",0,7,2,3,1,4,3,2,4,4,4,4,5,3,5,1,4,4,1,5,3,1,4,2,4,4,4,4,4,2,1,0,0,0,0,0,1,1,1,2,3,7,2,1,3,4,2,3,0,0,3,0
"474","Deodorant B",0,5,0,3,2,4,3,2,4,3,5,4,4,2,2,4,4,4,1,4,4,3,4,2,4,4,2,2,3,1,0,0,0,0,0,0,5,2,2,3,2,7,4,1,3,10,1,1,0,0,4,0
"476","Deodorant B",0,6,1,3,1,3,3,3,4,1,5,4,3,5,2,2,5,4,1,1,2,3,3,2,5,4,5,3,3,2,0,0,0,0,0,0,3,5,3,2,4,8,5,1,4,5,3,1,0,0,1,0
"477","Deodorant B",1,4,1,4,1,3,3,4,3,1,4,5,4,5,1,1,4,2,2,4,5,1,4,3,4,2,5,5,5,1,0,0,0,0,0,0,4,5,3,1,6,4,2,1,5,2,2,1,0,0,5,1
"481","Deodorant B",0,6,0,3,1,3,5,4,5,2,3,1,3,5,5,5,3,3,2,5,5,1,5,3,4,5,1,4,2,3,0,0,0,0,0,0,4,4,1,1,5,6,2,1,3,2,1,6,0,0,1,0
"484","Deodorant B",1,3,1,3,4,5,2,1,5,1,5,4,1,3,3,1,1,5,1,4,5,1,1,3,5,1,2,2,1,2,0,0,0,0,0,0,3,1,2,3,6,3,7,1,3,5,2,3,0,0,6,1
"489","Deodorant B",0,5,3,3,5,5,1,3,3,2,5,4,4,2,5,2,5,4,1,5,2,2,3,4,4,4,3,4,1,2,0,0,0,0,0,0,5,5,2,3,7,8,2,5,4,7,2,2,0,0,6,0
"491","Deodorant B",1,1,1,3,4,5,2,1,2,5,3,2,2,3,5,4,4,1,3,2,2,2,4,4,4,5,1,3,5,0,0,0,1,0,0,0,4,2,1,3,7,9,2,5,4,8,1,4,0,0,1,1
"499","Deodorant B",0,5,1,4,1,5,1,1,2,2,5,5,5,5,3,5,4,3,1,3,5,5,4,5,4,4,4,4,4,4,1,0,0,0,0,0,1,2,3,3,7,7,5,1,2,6,2,1,0,0,3,0
"505","Deodorant F",0,5,3,3,3,5,5,1,5,3,5,2,3,4,5,4,4,4,3,4,3,3,3,4,3,5,2,3,3,1,0,0,0,0,0,0,4,1,3,1,3,6,2,3,5,3,2,1,0,0,5,0
"510","Deodorant F",1,1,1,3,3,2,1,2,3,1,5,5,4,5,4,4,4,4,2,3,2,1,3,4,3,1,5,5,1,2,0,0,0,0,0,0,5,3,2,1,3,5,4,1,3,3,2,3,0,0,2,1
"514","Deodorant F",0,7,3,3,5,5,4,2,4,1,2,5,4,2,4,3,5,4,1,5,5,2,1,5,4,5,4,5,4,1,0,0,0,0,0,0,4,3,3,3,7,8,2,1,4,3,2,4,0,0,6,0
"516","Deodorant F",0,6,0,4,4,5,5,1,2,3,4,1,3,4,1,5,3,5,3,4,2,1,5,4,4,3,4,3,5,1,0,0,0,0,0,0,5,1,3,3,5,6,2,1,3,5,2,1,0,0,4,0
"519","Deodorant F",0,5,1,3,4,5,4,2,5,4,3,2,2,5,4,1,5,5,1,5,4,3,3,4,3,2,5,3,4,2,0,0,0,0,0,0,5,2,2,2,7,5,6,1,4,7,1,2,0,0,4,0
"522","Deodorant F",1,4,1,5,4,5,5,3,5,2,4,4,4,3,4,3,4,5,2,4,3,5,2,4,5,4,2,1,5,1,0,0,0,0,0,0,4,3,2,3,4,8,3,1,4,5,2,1,0.2,0,2,1
"523","Deodorant F",1,4,0,3,4,5,5,3,5,3,2,5,4,4,1,1,4,5,1,2,4,4,5,3,1,5,1,4,1,3,0,1,0,0,1,0,4,5,2,3,2,5,1,1,3,5,2,1,0,0,3,1
"524","Deodorant F",1,4,0,5,3,3,3,3,5,2,5,2,5,5,5,5,3,4,1,4,5,5,1,2,4,4,4,3,5,2,0,0,0,0,0,0,5,3,3,3,7,4,2,1,4,4,2,2,0,0,6,0
"525","Deodorant F",1,4,1,3,5,3,5,3,2,2,3,1,1,5,1,4,5,5,3,4,5,3,3,4,3,5,1,3,2,0,0,0,0,0,0,0,1,3,1,2,1,8,4,1,2,3,1,1,0,0,4,1
"531","Deodorant F",1,4,0,3,3,5,5,2,5,1,5,5,2,4,5,5,2,4,5,5,4,2,2,3,3,5,5,4,4,2,1,0,0,0,0,0,5,3,3,1,1,8,1,2,3,4,2,1,0,0,4,0
"546","Deodorant F",1,4,1,3,1,5,5,1,4,4,2,5,4,5,4,2,4,4,1,2,3,2,3,4,1,3,5,2,3,1,0,0,0,0,0,0,4,3,3,3,7,1,3,1,3,2,2,1,0,0,6,0
"547","Deodorant F",0,6,0,3,2,3,4,2,5,3,1,5,5,3,3,4,3,5,1,4,1,3,5,3,5,4,5,4,5,0,0,0,0,0,0,0,5,3,3,3,6,7,7,2,5,10,2,1,0,0,6,0
"550","Deodorant F",0,7,3,3,5,1,4,1,1,1,5,4,4,5,4,4,5,5,1,3,4,1,1,3,4,5,5,1,4,1,0,0,0,0,0,0,4,2,2,3,6,1,6,1,5,4,1,4,0,0,6,0
"560","Deodorant F",0,6,0,5,4,4,3,1,1,1,5,1,4,2,5,2,3,4,2,3,2,2,3,5,4,5,4,4,4,0,0,1,0,0,0,0,5,4,2,3,3,5,5,2,3,10,2,2,0,0,3,0
"561","Deodorant F",0,6,1,4,5,3,4,1,5,2,3,4,4,5,5,1,4,1,2,5,1,1,2,3,4,5,4,4,2,3,0,0,0,0,0,0,5,3,3,2,5,3,5,5,3,7,2,4,0,0,3,0
"563","Deodorant F",0,6,1,4,1,5,4,3,5,2,1,4,5,4,1,1,5,5,1,2,4,1,1,4,5,5,4,4,3,1,0,0,0,0,0,0,5,3,2,2,3,9,6,4,3,3,2,2,0,0,5,0
"567","Deodorant F",0,5,0,3,5,4,4,1,5,2,3,2,3,1,2,5,5,3,3,4,4,1,2,2,4,4,1,5,3,1,0,0,0,0,0,0,3,5,3,3,6,5,6,1,3,6,1,1,0,0,1,0
"572","Deodorant F",0,6,2,3,4,5,3,1,3,5,4,4,5,5,5,2,5,5,3,5,2,5,4,2,3,5,5,5,5,1,0,0,0,0,0,0,1,4,2,2,4,7,3,3,4,3,1,1,0,0,6,0
"573","Deodorant F",0,6,2,3,1,4,4,4,5,4,4,5,5,5,1,1,3,4,2,3,1,3,3,4,4,2,4,4,4,1,0,0,0,0,0,0,3,2,3,3,5,8,5,4,3,2,3,2,0,0,2,0
"575","Deodorant F",0,5,1,3,2,4,5,1,3,4,5,4,1,2,2,2,1,4,1,2,3,2,2,4,4,5,4,2,5,0,0,0,0,0,0,0,5,1,1,1,3,10,6,1,2,2,2,2,0,0,4,0
"576","Deodorant F",0,6,0,5,3,4,4,2,4,3,5,4,2,4,4,3,5,2,1,4,4,1,2,3,5,4,4,4,3,2,0,0,0,0,0,0,5,1,3,3,6,10,5,1,4,3,1,4,0,0,4,0
"579","Deodorant F",1,4,1,3,1,1,4,2,3,1,3,5,2,4,1,2,4,5,1,5,1,4,2,5,1,4,4,3,4,2,0,0,0,0,0,0,1,3,1,3,1,7,7,1,3,3,2,1,0,0,4,1
"587","Deodorant F",0,6,1,1,1,3,2,1,4,2,5,4,4,5,4,4,4,4,3,3,3,3,5,2,5,3,5,2,4,2,0,0,0,0,0,0,1,1,3,2,4,10,5,1,2,7,2,1,0,0,2,0
"595","Deodorant F",0,5,1,3,3,5,5,4,4,4,4,2,1,2,5,1,1,5,1,4,3,2,1,5,1,5,5,4,5,0,0,1,0,0,0,0,3,1,2,1,7,9,2,2,4,4,1,6,0,0,1,0
"599","Deodorant F",0,5,1,3,1,4,3,2,5,1,4,3,1,4,3,5,3,4,1,4,5,2,3,1,4,5,5,2,2,4,0,0,0,0,0,0,3,3,1,3,7,7,2,1,2,10,2,2,0,0,2,0
"601","Deodorant F",1,1,1,3,2,3,3,3,3,5,4,5,2,5,5,1,5,2,1,5,3,3,3,2,3,3,4,4,3,1,0,0,0,0,0,0,5,1,3,2,7,6,5,3,3,3,2,1,0,0,6,1
"606","Deodorant F",0,5,1,5,4,5,3,3,3,2,5,5,2,5,5,1,5,5,1,2,1,5,2,3,2,4,4,5,3,4,0,0,0,0,0,0,4,3,3,2,5,7,2,1,4,3,2,1,0,0,2,0
"608","Deodorant F",1,4,2,3,2,3,4,2,4,2,5,4,4,5,1,3,5,4,1,5,5,5,2,5,4,5,4,4,4,2,0,0,0,0,0,0,3,4,3,3,7,7,3,1,3,7,3,1,0,0,5,1
"612","Deodorant F",0,6,2,4,2,3,3,1,3,1,4,3,4,2,1,1,3,4,5,3,5,3,1,5,5,5,3,2,5,3,0,0,0,0,0,0,4,3,3,2,7,4,2,1,2,7,1,1,0,0,6,0
"613","Deodorant F",1,3,0,3,2,4,1,2,4,2,5,3,2,2,4,3,4,3,2,5,4,4,2,4,3,3,2,3,4,1,0,0,0,0,0,0,2,4,3,2,7,7,7,1,4,2,2,4,0,0,4,1
"616","Deodorant F",0,5,2,4,1,5,5,2,2,2,3,5,4,5,4,3,5,5,4,4,4,5,5,1,4,3,5,4,4,4,0,0,0,0,0,0,5,3,1,2,4,7,2,3,3,7,1,5,0,0,3,0
"620","Deodorant F",0,5,1,3,5,5,1,1,4,3,4,2,5,5,1,2,5,2,1,2,4,2,5,3,4,3,5,3,3,0,0,0,0,0,0,0,4,2,3,1,6,10,5,1,2,2,2,6,0,0,3,0
"624","Deodorant F",0,5,1,4,5,3,4,4,5,2,1,1,4,5,4,1,4,4,1,3,5,5,4,1,5,5,5,3,2,2,0,0,0,0,0,0,5,2,2,3,5,5,1,3,2,3,2,3,0,0,6,0
"626","Deodorant F",0,6,1,4,3,4,4,5,1,5,5,5,3,1,4,2,3,3,1,4,4,1,1,2,4,2,5,3,1,3,0,0,0,0,0,0,4,2,2,2,3,6,2,1,4,5,2,1,0,0,3,0
"628","Deodorant F",1,4,0,3,1,4,5,2,3,4,2,5,5,2,4,1,4,5,1,4,3,3,4,4,2,3,5,3,1,-1,0,0,0,0,0,0,2,2,2,3,7,8,3,1,3,2,1,2,0,0,2,0
"630","Deodorant F",0,5,2,3,2,5,4,2,4,1,3,4,1,3,5,2,1,5,2,3,5,1,3,5,4,5,5,3,3,1,0,0,0,0,0,0,4,5,3,1,6,10,2,3,2,9,2,2,0,0,2,0
"632","Deodorant F",0,6,2,3,1,2,5,2,1,2,5,5,3,4,5,3,2,3,1,5,2,3,3,2,3,5,4,4,5,0,0,0,0,0,0,0,1,3,2,3,2,5,2,1,3,3,1,6,0,0,2,0
"638","Deodorant F",1,2,1,3,2,5,4,2,2,3,2,3,3,5,4,3,3,5,3,5,5,1,3,3,2,4,5,3,3,2,0,0,1,0,0,0,5,5,3,3,5,10,2,1,2,9,2,1,0,0,1,1
"639","Deodorant F",0,6,1,2,4,5,5,2,4,2,5,5,4,5,5,5,2,5,4,4,1,2,5,1,4,2,2,5,4,1,0,0,0,0,0,0,5,5,3,3,7,8,2,1,3,7,1,1,0,0,1,0
"643","Deodorant F",0,5,0,3,1,5,1,4,2,1,3,4,2,5,3,2,4,5,2,5,5,1,4,2,5,1,3,5,4,1,0,0,0,0,0,0,2,1,3,3,1,10,1,3,4,4,2,1,0,0,1,0
"644","Deodorant F",0,6,1,2,1,1,5,1,4,2,4,4,5,5,1,3,5,4,3,4,5,1,3,1,1,4,5,5,3,1,0,0,0,0,0,0,5,3,3,1,7,4,2,2,3,7,2,1,0,0,4,0
"650","Deodorant F",0,5,2,4,3,5,3,1,4,3,1,4,2,2,4,1,3,2,5,4,5,4,5,4,2,4,3,4,4,2,0,0,0,0,0,0,5,4,3,1,3,6,2,1,3,3,1,1,0,0,4,0
"657","Deodorant F",1,1,0,2,1,4,4,2,4,3,5,5,3,5,2,2,5,4,1,3,4,2,5,3,1,5,3,3,4,2,0,0,0,0,0,0,4,1,1,1,4,10,2,3,4,6,1,6,0,0,6,1
"661","Deodorant F",1,1,2,5,4,3,3,3,4,4,4,5,4,4,4,5,4,3,1,4,5,5,1,5,2,5,3,4,1,1,0,0,0,0,0,0,4,1,3,2,7,10,2,1,3,3,2,1,0,0,3,1
"662","Deodorant F",1,3,2,3,1,5,5,5,5,1,3,4,3,3,4,1,3,5,1,4,4,3,1,5,4,3,3,2,5,1,0,0,0,0,0,0,5,1,1,2,5,5,4,5,4,2,2,4,0,0,2,1
"663","Deodorant F",0,5,1,3,3,1,4,1,3,1,2,3,4,4,4,2,4,3,1,2,4,2,3,2,4,4,3,3,5,-1,0,0,0,0,0,0,4,1,3,3,6,8,3,3,2,5,2,1,0,0,2,0
"664","Deodorant F",0,5,3,4,2,3,5,4,4,2,3,5,3,5,4,4,4,5,1,5,2,3,2,4,5,3,5,5,4,1,0,0,0,0,0,0,3,1,3,2,5,10,2,1,4,8,2,1,0,0,4,0
"667","Deodorant F",1,3,1,3,2,4,3,5,4,2,4,3,1,4,4,4,4,4,1,1,3,1,1,3,2,1,5,4,1,2,0,0,0,0,0,0,4,5,3,1,7,2,2,3,2,4,1,1,0,0,5,1
"668","Deodorant F",0,6,1,4,1,4,4,5,5,1,5,2,4,3,5,2,4,5,1,2,2,4,4,3,3,5,5,2,3,0,0,0,0,0,0,0,4,1,2,3,1,8,6,2,2,3,2,2,0,0,1,0
"669","Deodorant F",0,5,1,4,1,5,5,1,4,2,2,5,2,5,3,2,3,3,4,2,5,1,4,4,5,4,2,5,1,0,0,0,0,0,0,0,1,5,1,1,5,9,7,1,2,4,2,1,0,0,1,0
"671","Deodorant F",0,6,1,2,4,1,5,2,1,2,5,4,5,3,2,2,5,4,1,1,4,2,2,4,5,5,1,4,5,4,0,0,0,0,0,0,4,2,3,3,5,8,2,1,3,5,1,1,0,0,4,0
"674","Deodorant F",0,6,1,4,2,4,2,2,3,2,3,5,5,1,4,2,4,5,2,4,1,2,3,5,4,2,3,4,4,2,0,0,0,0,0,0,4,5,3,3,3,9,1,2,3,7,2,6,0,0,1,0
"675","Deodorant F",0,5,1,4,1,1,5,5,3,1,5,5,1,5,5,4,5,5,1,2,4,4,3,4,4,3,5,5,3,1,0,0,0,0,0,0,5,3,1,3,3,9,2,1,4,3,2,1,0,0,2,0
"676","Deodorant F",0,6,0,3,2,4,1,2,3,2,5,5,5,1,2,2,5,3,2,5,2,3,1,2,4,5,1,4,2,1,0,0,0,0,0,0,4,1,2,3,5,9,2,5,4,4,2,3,0,0,1,0
"677","Deodorant F",1,1,1,3,1,4,5,4,3,2,3,5,5,4,5,1,3,3,2,1,3,3,2,3,5,5,4,3,3,2,0,0,0,0,0,0,3,2,3,3,5,7,7,2,5,4,1,4,0,0,2,1
"678","Deodorant F",0,7,0,3,1,3,5,2,1,1,1,5,1,5,5,2,3,5,1,5,3,5,2,2,5,5,2,5,3,1,0,0,0,0,0,0,5,5,2,2,5,3,2,1,3,2,2,2,0,0,4,0
"680","Deodorant F",0,6,0,3,2,1,4,2,3,2,5,5,5,5,5,5,2,4,1,4,2,4,1,5,3,3,1,3,3,1,0,0,1,0,0,0,2,5,3,1,1,8,6,1,2,5,1,1,0,0,3,0
"681","Deodorant F",0,7,0,3,5,1,4,1,3,1,4,4,5,3,1,1,5,4,2,4,4,2,4,4,2,5,4,4,5,1,0,0,0,0,0,0,5,3,3,3,5,1,1,2,3,10,2,1,0,0,4,0
"687","Deodorant F",1,1,1,3,4,4,4,1,2,2,1,3,4,3,5,2,2,4,2,5,1,4,2,4,1,4,4,3,1,-1,0,0,0,0,0,0,3,3,2,1,7,9,4,2,3,7,3,1,0,0,3,1
"688","Deodorant F",0,5,2,3,5,5,5,1,3,1,4,5,4,5,4,4,4,3,1,5,5,5,2,2,2,5,4,5,3,1,0,0,0,0,0,0,2,4,1,3,6,9,1,3,3,8,1,6,0,0,3,0
"691","Deodorant F",0,5,0,3,5,1,3,4,4,1,5,4,4,4,3,3,5,5,1,4,3,1,2,3,2,3,1,4,4,2,0,0,0,0,0,0,2,3,1,3,6,1,2,1,2,2,2,1,0,0,2,0
"692","Deodorant F",0,5,2,5,2,5,3,1,2,1,3,5,2,4,3,1,2,3,1,3,5,2,1,1,5,4,5,4,5,2,0,0,0,0,0,0,1,1,3,1,3,8,2,1,4,9,1,1,0,0,2,0
"693","Deodorant F",0,6,0,3,2,5,3,1,3,2,4,2,2,5,3,2,4,3,3,5,5,1,2,3,1,2,3,5,1,1,0,0,0,0,0,0,1,4,1,3,7,6,2,1,2,8,2,3,0,0,1,0
"696","Deodorant F",0,5,1,3,2,4,4,1,3,4,4,3,4,4,4,2,3,5,1,1,4,2,2,5,5,5,5,2,3,4,0,0,0,0,0,0,4,1,3,1,1,1,6,1,2,6,2,2,0,0,1,0
"697","Deodorant F",0,5,0,3,3,2,4,1,4,5,5,4,1,5,5,1,3,5,4,5,3,1,5,1,3,5,5,3,4,1,0,0,0,0,0,0,5,1,2,2,3,8,2,1,4,4,2,1,0,0,4,0
"699","Deodorant F",1,1,2,4,2,3,5,2,4,1,5,5,2,5,5,3,4,2,4,1,3,2,4,3,2,3,2,5,5,3,0,0,0,0,0,0,5,3,3,2,7,9,6,1,3,9,1,1,0,0,5,1
"707","Deodorant F",1,4,0,2,4,5,3,5,4,2,1,4,3,5,5,2,4,2,1,5,4,4,2,5,5,3,4,2,5,1,0,0,0,0,0,0,4,1,1,3,5,5,7,2,3,9,2,1,0,0,6,1
"708","Deodorant F",0,7,1,3,5,3,3,2,5,3,4,3,5,5,4,1,5,5,1,5,3,3,5,1,3,4,4,5,5,3,0,0,0,0,0,0,5,1,3,3,7,1,5,1,5,3,2,1,0,0,6,0
"712","Deodorant F",1,4,2,2,2,4,5,1,5,4,2,5,3,4,1,1,4,5,1,4,4,2,4,5,1,5,5,3,3,1,0,0,0,0,0,0,2,4,1,1,3,3,2,2,2,8,1,1,0,0,4,1
"714","Deodorant F",1,3,2,3,2,4,3,1,5,1,5,4,5,4,1,2,3,4,2,3,5,1,2,3,1,4,4,3,2,1,0,0,0,0,0,0,4,4,3,3,5,9,7,1,3,4,5,1,0,0,3,1
"715","Deodorant F",1,1,1,4,1,5,5,2,3,3,2,5,2,5,5,3,4,1,1,2,4,5,1,1,4,3,4,5,3,2,0,0,0,0,0,0,4,3,1,1,1,7,3,1,3,5,2,3,0,0,4,1
"718","Deodorant F",0,6,0,4,2,4,3,2,3,2,4,4,3,4,1,2,4,5,5,4,2,1,5,4,1,1,3,5,3,1,0,0,0,0,0,0,1,3,3,3,5,2,2,1,3,5,1,1,0,0,3,0
"722","Deodorant F",0,5,2,2,2,4,4,4,2,3,5,4,4,1,5,4,4,5,4,1,2,1,2,5,2,5,2,3,2,1,0,0,0,0,0,0,4,4,1,3,6,9,6,1,3,4,2,1,0,0,2,0
"726","Deodorant F",0,6,2,4,1,3,5,1,3,3,5,4,3,5,1,3,3,3,2,5,4,1,1,5,3,1,2,5,1,1,0,0,0,0,0,0,4,1,2,1,6,6,5,1,2,7,2,1,0,0,6,0
"733","Deodorant F",1,3,1,5,2,5,4,3,4,4,5,5,3,5,5,2,5,5,5,4,4,4,2,3,4,5,3,2,4,2,0,1,0,0,0,0,1,2,3,3,7,1,2,1,2,9,2,2,0,0,1,1
"739","Deodorant F",1,4,1,3,1,3,4,2,5,2,4,5,1,5,4,5,4,5,1,4,2,5,3,1,4,4,2,3,5,-1,0,0,0,0,0,0,1,4,3,3,6,6,2,1,2,5,1,2,0,0,2,0
"740","Deodorant F",0,5,1,3,1,5,1,3,5,5,2,4,3,5,1,4,4,4,1,4,4,2,3,4,5,3,5,5,3,1,0,0,0,0,0,0,4,2,1,3,4,5,1,1,4,6,3,1,0,0,4,0
"741","Deodorant F",0,5,0,3,1,3,5,2,2,2,5,4,3,5,4,3,3,5,1,4,4,2,1,4,2,5,3,4,4,0,0,0,0,0,0,0,1,5,3,2,7,7,2,3,3,2,1,1,0,0,1,0
"743","Deodorant F",0,7,0,3,2,3,4,2,4,2,5,5,1,5,2,4,3,4,2,4,4,2,2,1,1,4,1,1,2,2,0,0,0,0,0,0,3,2,2,1,5,8,2,3,2,10,2,1,0,0,1,0
"744","Deodorant F",0,5,2,3,5,5,2,1,5,2,5,5,5,5,1,5,4,5,2,2,3,4,3,1,5,4,5,5,4,2,0,0,0,0,0,0,4,5,3,3,7,10,3,1,2,10,2,1,0,0,2,0
"756","Deodorant F",0,6,0,3,1,5,2,1,3,2,3,4,4,5,5,5,3,5,2,2,3,3,3,2,3,3,2,5,4,2,0,0,0,0,0,0,4,4,3,1,6,4,6,1,2,10,2,1,0,0,2,0
"757","Deodorant F",0,6,1,4,2,4,1,2,2,1,2,2,4,4,4,5,4,5,4,4,4,5,3,4,4,3,5,5,2,4,0,1,1,0,0,0,4,2,3,1,7,9,5,2,4,10,2,1,0,0,4,0
"761","Deodorant F",0,5,2,4,1,5,5,1,4,2,4,5,4,4,5,3,4,4,1,4,3,2,2,3,3,3,4,4,4,2,0,0,0,0,0,0,5,3,3,1,7,8,2,1,2,3,2,1,0,0,1,0
"762","Deodorant F",1,4,1,3,5,4,2,2,5,1,4,5,3,4,4,1,5,3,1,4,3,3,2,1,5,5,2,5,5,3,0,0,0,0,0,0,2,1,3,3,4,6,7,1,3,4,4,2,0,0,6,0
"767","Deodorant F",0,6,1,3,1,5,5,4,4,1,5,3,3,4,5,1,4,5,3,4,3,5,5,5,1,2,5,4,4,3,0,0,0,0,0,0,3,1,2,1,5,9,3,1,4,7,3,1,0,0,3,0
"771","Deodorant F",1,3,2,3,1,3,3,2,2,4,3,4,4,4,3,3,4,3,2,4,1,1,3,1,5,5,1,2,5,3,0,0,0,0,0,0,1,5,2,1,7,8,2,1,3,6,2,4,0,0,1,1
"772","Deodorant F",0,5,2,3,2,2,2,1,5,5,2,5,5,4,2,1,4,4,1,5,1,3,4,3,3,5,2,5,4,2,0,0,0,0,0,0,5,3,3,3,6,8,2,1,5,3,1,4,0,0,6,0
"779","Deodorant F",0,7,2,3,1,1,4,1,5,4,4,5,4,3,2,3,3,5,2,2,5,2,5,5,3,2,4,5,4,2,0,0,0,0,0,0,5,5,3,3,5,7,2,1,3,8,2,1,0,0,3,0
"780","Deodorant F",0,5,2,3,1,4,5,1,4,2,5,3,3,5,4,5,3,5,1,5,4,1,4,5,4,1,4,5,5,1,0,0,0,0,0,0,5,1,1,1,5,7,5,1,2,4,1,1,0,0,2,0
"781","Deodorant F",0,6,1,4,2,5,1,1,5,5,2,5,3,5,5,3,4,5,3,4,4,1,1,1,2,2,3,3,3,1,0,0,0,0,0,0,5,2,3,3,6,8,3,1,3,5,1,3,0,0,1,0
"785","Deodorant F",1,3,1,4,2,3,4,1,5,5,3,5,1,4,5,5,5,4,2,5,3,1,4,2,3,3,5,5,5,1,1,0,0,0,0,0,5,2,3,1,4,8,4,1,3,4,1,1,0,0,3,1
"788","Deodorant F",0,5,1,4,1,1,4,2,2,4,3,5,3,5,5,3,4,5,2,4,5,2,2,4,5,5,5,4,1,2,0,0,0,0,0,0,1,5,2,2,6,8,2,1,4,2,2,1,0,0,2,0
"794","Deodorant F",1,4,1,5,5,4,3,1,5,2,5,5,5,4,4,4,3,4,1,5,4,3,5,5,2,5,5,4,4,0,0,0,0,0,0,0,5,5,3,3,2,8,4,1,2,3,2,2,0,0,4,1
"797","Deodorant F",0,5,0,3,1,4,4,3,3,3,5,5,2,5,5,4,4,5,2,5,5,4,3,4,4,5,3,3,1,1,0,0,0,0,0,0,1,1,3,3,2,5,2,1,4,6,1,2,0,0,2,0
"800","Deodorant F",0,6,0,5,1,4,4,2,3,3,4,2,4,3,5,3,1,5,1,3,3,3,1,1,3,3,5,5,1,1,0,0,0,0,0,0,5,2,2,3,5,10,7,1,2,9,3,2,0,0,2,0
"801","Deodorant F",0,6,0,3,2,2,3,1,5,1,2,5,1,5,5,2,4,1,5,4,3,1,1,5,2,2,2,4,3,1,0,0,0,0,0,0,5,1,3,2,4,2,2,1,4,4,1,2,0,0,3,0
"806","Deodorant F",0,5,1,3,1,5,2,2,4,3,3,5,3,4,5,3,4,4,4,3,3,2,3,3,4,4,4,5,1,0,0,0,0,0,0,0,4,4,3,2,4,7,3,1,2,5,2,1,0,0,5,0
"808","Deodorant F",0,5,3,3,5,5,4,5,4,5,4,4,3,3,4,4,5,3,2,2,5,5,1,1,4,5,5,3,2,1,0,0,0,0,0,0,4,4,3,3,3,6,4,2,4,5,2,1,0,0,2,0
"809","Deodorant F",0,7,0,5,5,3,1,2,1,2,3,3,2,5,4,3,5,5,3,4,3,3,2,4,2,5,3,4,2,2,0,0,0,0,0,0,5,1,3,1,6,10,2,1,4,2,1,1,0,0,3,0
"813","Deodorant F",1,4,2,4,1,2,5,3,5,5,3,4,5,5,5,1,1,5,5,5,3,1,4,4,4,2,4,4,5,1,0,0,0,0,0,0,4,2,3,2,4,7,1,2,4,4,1,2,0,0,4,0
"815","Deodorant F",1,4,0,4,5,2,5,4,5,1,5,3,4,5,5,2,5,4,4,2,3,2,4,4,3,5,2,5,5,1,0,0,0,0,0,0,2,1,2,3,6,7,2,1,3,2,1,1,0,0,2,0
"822","Deodorant F",1,2,1,3,4,5,4,1,4,5,5,5,5,5,4,2,4,5,2,1,2,3,3,1,4,2,3,4,1,3,0,0,0,0,0,0,3,1,2,2,3,1,3,1,3,2,2,4,0,0,3,1
"829","Deodorant F",0,6,0,4,3,5,1,5,1,1,5,5,5,4,5,5,2,1,1,5,5,5,4,4,1,2,2,4,2,0,0,0,0,0,0,0,5,3,2,2,5,2,2,1,4,5,1,3,0,0,2,0
"833","Deodorant F",0,7,2,3,1,5,4,1,5,2,5,3,4,4,5,1,3,1,1,2,3,1,2,3,4,5,5,4,5,1,0,0,0,0,0,0,4,3,3,1,5,6,2,2,2,3,1,1,0,0,6,0
"834","Deodorant F",0,6,1,4,1,3,4,2,3,1,3,5,4,4,4,5,4,4,1,4,3,1,5,5,3,5,5,1,5,1,0,0,0,0,0,0,1,4,1,1,5,2,3,2,3,9,1,3,0,0,2,0
"838","Deodorant F",0,5,1,4,2,5,4,4,4,5,4,5,4,5,4,4,1,3,4,4,1,4,3,3,4,5,3,5,4,1,0,0,0,0,0,0,1,3,1,3,7,4,2,1,2,5,1,3,0,0,1,0
"839","Deodorant F",0,6,1,3,2,4,2,5,2,1,1,4,5,5,1,3,3,3,4,2,4,1,4,1,3,4,5,2,1,4,0,0,1,0,0,0,3,4,1,3,6,1,6,3,4,10,1,6,0,0,1,0
"845","Deodorant F",0,5,0,1,2,5,3,1,2,1,5,5,1,3,5,4,4,3,2,4,5,3,4,2,4,5,4,5,4,0,0,0,0,0,0,0,5,4,3,1,7,8,2,1,2,7,2,2,0,0,5,0
"847","Deodorant F",0,6,1,5,2,4,4,2,5,2,5,4,3,5,2,5,4,4,1,5,2,4,1,5,3,4,5,3,5,3,0,0,0,0,0,0,2,3,1,3,5,7,7,1,2,3,1,1,0,0,6,0
"850","Deodorant F",0,6,0,5,2,5,3,5,4,1,2,5,4,2,4,2,2,4,1,4,4,3,3,1,5,4,4,4,2,3,0,0,0,0,0,0,4,4,3,2,7,1,2,3,5,4,2,5,0,0,2,0
"852","Deodorant F",0,5,0,4,3,5,1,1,2,2,3,5,4,5,5,4,3,3,2,4,3,1,2,1,1,5,3,5,3,2,0,0,0,0,0,0,5,4,3,1,7,8,1,1,2,4,2,1,0,0,3,0
"855","Deodorant F",1,1,0,3,5,4,3,5,3,2,5,3,5,4,4,1,2,4,2,4,2,1,2,2,2,5,2,3,5,5,0,0,0,0,0,0,4,4,3,3,3,10,2,2,4,4,3,3,0,0,1,1
"859","Deodorant F",0,6,2,3,1,5,2,2,2,2,3,4,3,5,5,5,4,5,2,5,4,2,1,4,1,3,4,2,4,1,0,0,0,0,0,0,3,3,1,3,6,2,3,2,4,9,2,1,0,0,1,0
"863","Deodorant F",0,6,1,3,2,5,4,1,4,2,5,3,4,3,5,2,5,5,2,2,2,2,4,4,2,4,4,5,3,3,0,0,0,0,0,0,3,3,3,3,2,9,4,1,4,2,2,1,0,0,1,0
"870","Deodorant F",0,6,1,3,2,5,4,3,2,2,3,5,1,5,1,4,2,3,2,1,3,4,2,3,2,3,5,4,3,2,0,0,0,0,0,0,2,5,3,3,6,7,2,4,4,4,2,1,0,0,5,0
"873","Deodorant F",0,7,0,4,5,1,5,2,5,1,5,5,3,5,3,1,4,5,2,1,5,3,4,1,1,3,2,1,1,1,0,0,0,0,0,0,4,4,3,2,6,8,3,1,3,5,1,1,0,0,2,0
"875","Deodorant F",1,1,3,4,5,3,4,3,5,1,5,5,1,5,4,5,4,4,2,5,2,5,5,1,4,5,1,4,3,2,0,0,0,0,0,0,4,5,3,3,4,7,2,5,4,2,1,2,0,0,2,1
"879","Deodorant F",0,7,1,4,1,3,4,2,2,3,5,2,1,1,5,2,3,5,2,2,3,3,5,2,5,5,5,3,4,0,0,0,0,0,0,0,4,2,2,3,7,8,7,1,2,2,2,1,0,0,1,0
"880","Deodorant F",0,6,2,3,5,4,4,3,3,2,5,5,3,5,5,4,3,2,1,5,3,2,3,2,5,5,4,5,4,1,0,0,0,0,0,0,5,2,3,1,7,7,2,1,3,2,1,1,0,0,3,0
"885","Deodorant F",1,3,1,3,5,3,3,1,3,1,4,3,4,3,4,2,1,4,5,5,4,2,2,5,3,4,4,4,4,1,0,0,0,0,0,0,1,5,3,3,7,8,2,1,3,3,2,3,0,0,4,1
"887","Deodorant F",0,6,1,3,1,1,4,1,4,1,5,4,4,4,3,3,5,5,2,4,4,1,3,3,3,4,3,5,5,4,0,0,0,0,0,0,4,1,3,3,3,3,3,1,2,4,1,1,0,0,1,0
"888","Deodorant F",0,6,0,3,3,2,4,4,1,1,5,1,4,4,4,1,3,5,1,5,5,3,5,1,4,1,5,3,4,1,0,0,0,0,0,0,4,1,3,3,7,8,7,1,4,5,1,3,0,0,1,0
"891","Deodorant F",0,6,1,4,2,1,4,1,4,1,3,4,5,5,4,5,3,3,3,4,3,1,4,3,5,4,4,5,3,4,0,0,0,0,1,0,5,1,2,2,1,5,2,1,4,6,2,2,0,0,6,0
"893","Deodorant F",1,4,0,3,3,4,5,2,4,2,5,3,5,5,4,4,3,3,3,3,5,2,1,4,4,2,4,5,4,1,0,0,0,0,0,0,2,1,3,2,4,9,2,1,5,3,2,1,0,0,4,0
"896","Deodorant F",0,5,2,5,4,4,5,2,4,2,3,2,3,1,5,5,2,3,3,5,3,2,2,1,5,3,4,4,3,0,0,0,0,0,0,0,5,3,1,2,5,7,2,2,3,2,1,1,0,0,2,0
"900","Deodorant F",0,7,1,2,1,5,1,4,5,4,5,5,5,4,3,2,3,3,2,3,4,5,3,3,3,4,4,5,2,6,0,0,0,0,1,0,3,1,2,3,5,8,5,1,2,6,2,1,0,0,3,0
"903","Deodorant F",0,6,1,4,1,4,5,2,1,3,5,4,3,3,4,5,3,5,1,5,2,2,1,5,5,5,3,2,4,3,0,0,0,0,0,0,5,5,2,3,6,3,5,1,2,8,3,3,0,0,4,0
"906","Deodorant F",0,6,2,3,2,4,5,2,5,1,5,3,3,5,2,1,4,4,1,5,4,4,4,5,3,3,3,4,3,1,0,0,0,0,0,0,1,3,1,3,1,8,7,3,4,2,3,1,0,0,6,0
"915","Deodorant F",0,5,1,4,5,5,3,4,2,4,5,3,4,3,3,1,4,5,2,4,1,4,3,2,4,2,4,4,4,4,0,0,0,0,0,0,5,3,3,1,1,8,4,1,4,10,1,6,0,0,3,0
"917","Deodorant F",1,4,1,3,2,2,2,1,4,1,4,5,1,5,2,2,3,5,3,3,4,2,2,4,3,5,3,3,4,1,0,0,0,0,0,0,5,4,3,3,5,5,5,1,2,5,2,1,0,0,5,1
"922","Deodorant F",0,6,4,3,1,5,4,1,3,4,5,1,5,4,3,5,5,4,2,4,4,2,1,1,4,5,4,4,5,2,0,0,1,0,1,0,4,4,3,1,1,8,2,2,3,6,1,2,0,0,4,0
"923","Deodorant F",0,6,0,3,2,2,5,5,4,2,5,4,2,5,1,3,3,5,2,4,4,3,3,2,4,4,4,2,5,1,0,0,0,0,0,0,4,1,3,1,3,3,2,3,3,7,1,1,0,0,3,0
"925","Deodorant F",1,4,4,3,2,2,1,2,4,3,5,3,3,5,4,2,5,5,2,3,5,4,4,1,2,3,1,4,2,1,0,0,0,0,0,0,3,1,3,2,5,10,4,1,3,6,2,4,0,0,3,0
"928","Deodorant F",1,4,2,3,3,1,4,3,2,1,2,4,5,5,3,5,5,3,1,4,2,3,5,5,3,3,5,1,3,1,0,1,0,0,0,0,3,4,2,1,5,9,3,1,2,5,2,1,0,0,2,1
"929","Deodorant F",0,6,1,4,1,3,3,5,5,4,4,5,3,5,2,4,2,4,5,4,2,1,3,5,5,5,2,4,1,0,0,1,0,0,0,0,3,2,2,3,6,7,2,1,3,2,2,1,0,0,2,0
"934","Deodorant F",0,5,0,4,3,5,4,5,4,3,3,1,5,5,5,5,3,4,1,2,2,1,2,2,4,3,1,5,2,0,0,0,0,0,0,0,4,1,3,3,6,8,3,1,4,3,2,1,0,0,1,0
"935","Deodorant F",1,4,1,3,1,4,3,3,5,3,1,4,5,2,5,4,4,4,3,4,4,2,2,4,1,3,5,5,4,1,0,1,0,0,0,0,4,1,2,2,6,9,7,1,2,2,2,1,0,0,2,0
"940","Deodorant F",0,7,3,3,5,3,4,1,4,4,2,3,5,5,4,5,3,5,1,3,5,5,2,3,3,5,5,2,1,2,0,1,0,0,0,0,4,1,1,3,6,7,2,1,2,6,1,6,0,0,6,0
"943","Deodorant F",0,6,2,3,1,5,3,2,2,2,4,4,3,1,1,1,3,3,1,2,2,5,2,4,4,2,3,3,4,3,0,0,0,0,0,0,5,5,3,3,6,8,2,1,3,4,2,2,0,0,2,0
"946","Deodorant F",0,5,2,3,2,1,4,1,1,2,1,3,4,5,5,4,4,5,1,5,4,3,4,5,4,3,5,3,4,2,0,0,0,0,0,0,5,2,2,1,4,9,2,2,3,6,2,1,0,0,3,0
"948","Deodorant F",0,5,0,4,3,5,3,3,3,1,4,5,5,2,4,4,4,4,1,5,3,2,4,4,3,5,5,1,5,0,0,0,0,0,0,0,2,5,2,3,5,10,6,2,3,4,1,1,0,0,1,0
"956","Deodorant F",0,6,0,3,1,4,5,3,2,4,5,3,3,5,4,2,3,4,1,4,5,5,5,5,1,3,1,5,4,2,0,0,0,0,0,0,5,4,2,3,7,8,2,1,3,2,2,1,0,0,3,0
"967","Deodorant F",0,6,1,3,2,5,1,2,2,3,5,4,3,4,3,1,5,4,2,5,1,4,2,3,5,3,2,5,4,2,0,0,0,0,0,0,5,4,2,1,7,6,1,4,2,10,1,2,0,0,6,0
"972","Deodorant F",0,7,3,3,2,5,4,1,4,3,4,5,4,4,3,3,5,5,1,4,4,3,4,3,3,4,2,4,3,2,0,0,0,0,0,0,4,3,1,2,5,7,7,1,3,3,2,1,0,0,1,0
"977","Deodorant F",0,6,1,3,4,3,1,1,5,5,1,2,4,4,4,3,3,5,3,3,3,1,1,2,5,4,4,3,4,2,0,0,0,0,0,0,2,1,3,3,6,4,2,1,2,10,2,1,0,0,1,0
"982","Deodorant F",0,7,1,3,3,1,5,1,2,1,3,4,4,1,5,5,2,5,2,5,3,1,1,5,3,1,4,4,4,1,0,0,0,0,0,0,2,4,3,3,6,8,7,2,3,2,2,1,0,0,1,0
"984","Deodorant F",0,6,2,4,1,4,5,2,2,4,2,5,4,4,4,5,3,4,1,5,4,2,4,3,2,5,3,1,4,1,0,0,0,0,0,0,4,1,3,3,5,6,2,2,5,4,2,2,0,0,3,0
"989","Deodorant F",0,6,2,3,4,5,5,4,5,5,3,3,5,5,2,1,5,5,1,5,4,1,4,1,3,5,1,4,1,2,0,0,0,0,0,0,1,2,1,2,7,5,2,1,5,9,2,1,0,0,2,0
"996","Deodorant F",0,6,1,4,3,4,2,5,5,5,4,1,5,4,4,2,4,3,2,4,4,3,3,3,2,4,3,3,4,2,0,0,0,0,0,0,3,5,3,1,5,10,1,1,4,5,1,1,0,0,3,0
"1000","Deodorant F",0,6,1,3,3,5,5,1,4,5,4,5,5,4,4,5,4,3,1,3,4,2,5,5,2,3,5,5,2,2,0,0,0,0,0,0,4,4,1,1,6,7,5,1,3,3,2,6,0,0,1,0
"1006","Deodorant G",1,4,0,4,4,4,4,5,5,1,4,5,2,5,3,4,2,5,2,2,4,2,3,1,2,5,4,3,3,0,0,1,0,0,0,0,5,3,3,1,3,7,2,1,4,4,2,1,0,0,6,1
"1008","Deodorant G",1,4,0,4,2,5,5,2,5,4,5,1,3,5,2,1,2,4,1,3,5,3,1,2,1,3,4,5,1,6,0,0,0,0,0,0,2,1,2,3,6,10,1,1,2,3,1,6,0,0,5,0
"1011","Deodorant G",0,7,2,3,4,2,4,1,4,1,1,4,4,4,4,2,4,3,1,4,5,1,5,1,2,3,3,5,5,-1,0,0,0,0,0,0,4,3,3,1,5,8,2,1,3,2,1,1,0,0,3,0
"1014","Deodorant G",0,6,2,4,1,1,3,2,5,2,5,5,4,2,4,4,5,5,3,5,2,3,3,4,4,3,4,1,3,0,0,0,0,0,0,0,2,1,3,3,6,6,2,1,4,4,4,2,0,0,5,0
"1015","Deodorant G",0,5,1,3,1,5,5,1,4,1,4,2,4,2,1,5,3,3,1,5,2,1,3,5,2,1,4,5,3,1,0,0,1,0,0,0,5,3,3,2,7,9,5,1,2,4,1,1,0,0,3,0
"1016","Deodorant G",0,6,1,4,2,3,4,2,3,4,5,4,3,5,3,2,2,5,1,2,1,4,1,5,4,5,5,5,3,1,0,0,0,0,0,0,5,1,3,1,7,10,7,1,2,6,1,1,0,0,2,0
"1020","Deodorant G",0,5,1,4,3,4,4,1,4,1,5,5,3,2,3,3,4,5,1,3,5,5,3,5,4,5,4,5,5,2,0,0,0,0,0,0,5,1,3,3,6,6,2,3,4,6,1,2,0,0,3,0
"1021","Deodorant G",0,5,1,3,1,5,2,3,5,4,4,3,5,5,5,1,4,5,3,3,3,2,5,1,4,4,3,3,3,3,0,0,0,0,0,0,5,1,3,2,6,10,3,2,4,4,1,2,0,0,1,0
"1029","Deodorant G",0,5,0,3,2,3,5,1,3,4,2,3,5,5,1,3,4,5,3,1,5,3,2,1,2,4,3,3,1,1,0,0,0,0,0,0,1,4,3,2,6,10,2,1,2,4,1,1,0,0,1,0
"1030","Deodorant G",1,4,2,4,4,5,4,2,1,3,5,1,1,4,4,4,3,5,2,5,5,3,1,3,2,5,3,5,4,2,1,0,0,0,0,1,5,3,1,1,5,9,6,1,3,3,1,1,0,0,1,1
"1031","Deodorant G",1,4,1,4,4,4,5,2,5,2,4,2,4,5,4,5,5,1,1,2,3,3,2,2,5,1,2,3,3,1,0,0,0,0,0,0,4,5,2,1,4,7,4,2,2,7,2,2,0,1,3,1
"1033","Deodorant G",1,2,2,3,1,3,1,2,3,5,5,4,3,5,2,3,4,1,2,5,5,2,3,1,4,3,4,3,4,3,0,0,0,0,0,0,5,4,2,2,6,8,7,1,2,3,2,2,0,0,4,1
"1037","Deodorant G",0,5,1,3,3,3,5,3,4,2,4,5,4,5,5,2,3,3,2,1,1,2,5,2,5,5,4,5,3,0,0,0,0,0,0,0,5,1,3,3,1,7,2,5,3,10,1,3,0,0,6,0
"1045","Deodorant G",1,4,0,3,1,5,5,1,2,2,2,4,5,4,1,2,4,5,2,3,3,2,1,5,4,1,3,5,3,1,0,0,0,0,0,0,4,3,1,1,5,3,2,1,2,4,1,6,0,0,6,1
"1050","Deodorant G",0,6,2,3,5,4,2,2,5,4,5,2,4,3,5,1,4,5,5,1,4,1,2,5,2,5,3,4,3,1,1,0,0,0,0,0,4,3,3,3,4,2,2,1,4,3,1,2,0,0,3,0
"1052","Deodorant G",1,4,1,3,2,5,4,1,5,1,4,2,3,5,5,4,4,4,1,4,5,3,1,2,1,4,3,4,4,2,0,0,0,0,0,0,5,5,3,2,6,1,2,1,3,9,2,1,0,0,3,1
"1054","Deodorant G",1,2,2,3,1,4,4,1,3,3,4,4,4,4,4,3,1,5,2,5,5,3,2,2,5,2,4,2,1,0,0,0,0,0,0,0,2,5,3,2,5,10,2,1,2,4,2,1,0,0,1,1
"1063","Deodorant G",0,6,2,3,5,3,5,2,5,2,3,4,5,3,1,4,5,2,2,5,2,3,1,2,3,5,5,5,5,1,0,0,0,0,0,0,4,3,3,1,5,6,4,1,2,5,2,1,0,0,4,0
"1064","Deodorant G",1,3,0,3,2,4,3,2,5,4,4,1,3,4,1,5,4,4,2,3,4,4,4,5,3,3,1,5,3,1,0,0,0,0,0,0,1,5,3,3,6,7,2,1,3,3,2,6,0,0,2,1
"1068","Deodorant G",1,1,0,3,4,5,5,1,1,1,3,5,5,4,4,1,4,5,1,4,1,3,5,5,3,2,1,5,5,0,0,0,0,0,0,0,3,5,2,1,6,9,2,2,2,8,2,1,0,0,1,1
"1073","Deodorant G",1,2,0,3,5,5,3,3,1,1,3,2,5,1,5,5,3,4,1,5,2,2,2,1,3,5,1,4,3,0,0,0,0,0,0,0,5,3,3,3,6,6,2,1,2,7,2,6,0,0,2,1
"1078","Deodorant G",0,5,2,3,2,3,4,4,3,2,2,5,3,5,5,3,5,4,2,4,2,5,5,5,4,5,4,4,4,4,0,0,0,0,0,0,4,3,2,3,5,3,2,2,4,10,2,2,0,0,3,0
"1080","Deodorant G",0,6,1,4,1,1,5,1,1,2,4,5,5,5,4,3,4,4,5,5,5,1,5,3,4,5,5,4,3,0,0,0,0,0,0,0,5,1,3,2,5,10,2,1,2,7,2,1,0,0,6,0
"1081","Deodorant G",1,2,2,3,1,5,1,1,3,3,4,1,2,5,3,1,2,5,1,3,4,4,3,3,5,5,4,5,5,2,0,0,0,0,0,0,5,2,3,3,7,3,7,1,3,3,1,1,0,1,2,1
"1085","Deodorant G",0,5,0,3,2,1,1,1,4,2,3,5,5,3,4,5,5,5,4,5,1,1,2,2,4,3,4,5,4,4,0,0,0,0,0,0,2,2,3,2,6,7,2,1,3,4,1,1,0,0,6,0
"1089","Deodorant G",0,6,1,3,2,5,3,1,1,3,5,5,4,5,3,5,3,1,1,4,5,2,3,5,5,4,3,4,4,1,0,0,0,0,0,0,4,5,1,1,7,8,2,3,3,7,1,2,0,0,2,0
"1090","Deodorant G",0,5,1,1,1,3,5,5,5,2,2,1,4,4,5,2,4,4,2,5,2,2,3,4,3,1,5,3,3,4,0,0,1,0,0,0,5,5,2,3,6,2,7,3,3,5,2,1,0,0,1,0
"1093","Deodorant G",0,5,0,4,1,5,1,2,1,2,4,2,4,4,5,2,2,5,1,4,3,5,5,5,5,1,4,3,4,0,0,0,0,0,0,0,4,5,3,3,6,7,2,1,4,10,2,1,0,0,4,0
"1095","Deodorant G",0,5,0,3,2,5,5,2,3,1,3,5,5,5,5,3,4,4,2,4,1,1,3,3,5,5,5,3,2,2,0,0,0,0,0,0,1,4,3,3,5,1,2,1,2,10,2,1,0,1,4,0
"1106","Deodorant G",0,5,1,3,1,1,3,2,5,1,4,5,3,4,3,5,5,4,1,5,4,3,3,5,2,5,2,5,5,4,1,0,0,0,0,0,3,2,3,1,7,6,2,1,4,3,1,1,0,0,3,0
"1107","Deodorant G",0,6,2,2,1,4,1,1,1,1,3,3,4,5,1,2,4,4,3,4,5,4,2,5,1,4,1,3,4,2,0,0,0,0,0,0,2,1,3,3,6,7,3,1,3,8,1,2,0,0,2,0
"1113","Deodorant G",0,6,0,3,4,3,1,5,2,1,5,3,3,5,1,1,4,5,2,4,3,5,2,2,3,3,5,5,4,1,0,1,0,0,0,0,3,3,2,1,3,10,7,1,3,5,2,1,0,0,3,0
"1118","Deodorant G",0,6,1,3,2,1,1,1,5,1,2,1,5,3,5,3,3,4,2,5,5,1,3,3,4,5,3,1,2,2,1,0,0,0,0,0,2,3,3,3,6,7,2,1,3,3,1,1,0,0,4,0
"1120","Deodorant G",0,7,1,3,1,3,4,1,4,1,1,1,5,5,3,1,4,5,1,1,4,2,3,1,2,4,4,5,4,0,0,0,0,0,0,0,3,1,3,1,2,9,2,1,3,6,1,1,0,0,3,0
"1132","Deodorant G",0,6,1,4,1,5,3,1,3,4,5,4,4,1,4,4,3,3,3,3,5,1,4,2,3,4,3,5,4,3,0,0,0,0,0,0,5,1,3,2,6,9,2,1,4,3,2,3,0,0,4,0
"1133","Deodorant G",0,6,2,3,2,4,5,5,5,3,4,4,3,4,2,1,5,2,1,4,3,1,4,2,3,4,2,4,5,2,0,0,0,0,0,0,5,1,1,1,1,8,2,3,4,4,2,1,0,0,3,0
"1134","Deodorant G",1,4,1,3,2,3,3,2,2,3,4,4,3,2,4,4,1,4,4,5,2,5,2,1,4,2,5,5,5,3,0,0,0,0,0,0,5,4,2,2,1,10,2,5,2,7,1,3,0,0,2,1
"1136","Deodorant G",0,6,1,3,2,4,3,3,5,3,5,5,1,5,3,1,3,2,1,5,1,4,2,5,4,5,4,4,4,1,0,0,0,0,0,0,3,3,1,2,1,8,5,2,4,3,2,1,0,0,2,0
"1145","Deodorant G",0,6,3,3,1,5,5,4,3,1,3,5,4,5,5,2,4,5,1,1,5,3,5,2,2,3,2,4,4,1,0,0,0,0,0,0,5,1,3,2,5,10,7,1,3,7,2,1,0,0,3,0
"1148","Deodorant G",0,5,1,3,4,5,4,2,5,4,3,4,5,4,4,1,4,5,3,5,3,2,4,1,2,3,3,1,1,2,0,0,1,0,0,0,4,2,3,3,4,8,3,1,4,4,4,6,0,0,1,0
"1150","Deodorant G",0,6,2,5,4,3,1,1,3,3,5,1,5,5,1,2,1,4,1,4,5,1,3,3,4,4,5,1,4,2,0,0,0,0,0,0,4,4,3,1,7,10,2,3,3,2,1,4,0,0,1,0
"1153","Deodorant G",0,6,0,3,4,4,2,1,3,2,5,5,3,5,4,1,4,3,1,2,3,4,5,3,5,3,5,5,1,0,0,0,0,0,0,0,5,1,1,2,5,7,1,2,3,3,1,1,0,0,6,0
"1154","Deodorant G",0,5,0,3,3,3,3,2,2,3,2,3,5,5,3,1,5,5,4,4,4,2,3,4,4,5,5,4,5,1,0,0,0,0,0,0,3,1,3,2,7,10,5,4,3,7,2,1,0,0,3,0
"1158","Deodorant G",0,6,0,3,3,1,1,3,1,2,4,3,5,5,5,3,5,4,2,5,4,4,4,1,4,3,5,4,1,2,0,0,0,0,0,0,5,4,2,3,5,7,3,3,5,10,2,3,0,0,2,0
"1160","Deodorant G",0,6,1,3,3,1,5,3,3,1,5,5,5,5,3,5,3,4,1,2,5,1,5,5,4,5,3,5,4,-1,0,0,0,0,0,0,1,2,3,1,6,8,2,1,4,6,2,2,0,0,5,0
"1163","Deodorant G",1,4,2,3,3,2,4,1,5,2,4,1,1,5,3,3,5,4,2,5,5,3,4,3,1,3,3,4,5,2,0,0,0,0,0,0,5,5,3,2,1,2,2,1,2,8,1,5,0,0,1,1
"1164","Deodorant G",0,5,2,3,5,5,3,2,1,3,5,5,4,5,1,4,4,5,2,5,5,5,3,5,4,3,2,2,4,2,1,0,0,0,0,0,4,2,1,3,6,8,2,1,4,3,1,1,0,0,1,0
"1166","Deodorant G",0,6,2,5,1,5,3,2,4,5,5,5,5,5,4,4,4,4,5,4,5,4,1,2,3,5,5,4,3,3,0,0,0,0,0,0,2,1,3,3,3,8,3,1,5,5,2,2,0,0,5,0
"1171","Deodorant G",0,7,1,3,4,5,4,1,2,4,4,5,3,5,2,5,4,1,2,5,3,4,1,4,4,2,2,3,5,2,0,0,0,0,0,0,1,2,2,3,6,10,5,1,3,4,2,1,0,0,1,0
"1174","Deodorant G",0,7,1,3,3,1,4,2,5,3,4,4,3,5,3,1,2,3,4,4,5,2,2,1,2,4,5,5,3,4,0,0,0,0,0,0,4,1,3,3,4,5,1,2,4,4,2,1,0,0,1,0
"1178","Deodorant G",0,6,2,3,3,3,5,4,2,1,5,4,4,4,4,1,3,2,4,4,5,5,4,1,4,5,1,4,4,1,0,0,0,1,0,0,2,4,2,1,2,8,3,2,3,2,3,3,0,0,1,0
"1186","Deodorant G",0,5,2,3,4,3,4,3,3,1,5,5,5,5,3,3,5,4,1,4,3,1,5,1,5,5,3,4,2,2,0,1,0,0,0,0,4,4,3,1,6,1,2,4,4,2,1,1,0,0,1,0
"1188","Deodorant G",0,6,2,5,1,4,5,2,4,3,4,5,4,5,5,1,2,5,1,3,5,2,4,5,3,4,4,3,4,1,0,0,0,0,1,0,3,1,3,2,6,8,7,5,5,4,1,1,0,0,3,0
"1189","Deodorant G",1,4,2,3,2,4,3,2,2,1,2,3,1,4,2,2,5,3,2,4,5,1,4,2,2,2,5,3,4,0,0,0,0,0,0,0,4,3,1,3,4,8,7,3,3,4,1,1,0,0,2,1
"1190","Deodorant G",0,6,2,3,1,1,4,5,2,2,5,5,2,5,4,1,5,5,2,5,1,2,4,1,2,2,3,1,3,1,0,0,0,0,0,0,5,1,2,1,7,8,5,1,2,9,2,1,0.5,0,3,0
"1191","Deodorant G",0,5,2,3,4,1,4,2,4,2,3,3,5,4,3,1,4,4,1,3,5,3,1,4,3,5,5,4,3,3,0,0,0,0,0,0,1,4,1,1,5,8,3,2,2,3,1,4,0,0,2,0
"1193","Deodorant G",0,6,0,3,5,4,3,3,5,1,2,2,5,5,1,2,4,4,1,5,5,1,5,4,3,4,5,5,4,1,0,0,0,0,0,0,1,4,1,3,7,9,7,3,3,3,1,2,0,0,4,0
"1195","Deodorant G",0,6,1,4,1,5,3,4,5,1,5,1,5,3,1,4,5,5,4,5,3,2,3,5,5,3,5,4,2,1,0,0,0,0,0,0,3,2,1,2,4,6,2,1,2,3,2,4,0,0,3,0
"1196","Deodorant G",0,5,0,3,2,4,1,2,5,4,5,5,4,4,5,2,2,5,2,5,4,5,2,5,2,1,5,5,3,2,0,0,0,0,0,0,5,5,2,1,6,10,2,1,3,4,3,1,0,0,6,0
"1197","Deodorant G",0,6,0,3,4,1,1,1,4,2,5,2,4,1,3,3,4,3,4,3,4,4,1,2,4,4,5,4,4,1,0,0,0,0,0,0,3,1,3,1,5,4,2,1,3,4,2,1,0,0,4,0
"1203","Deodorant G",0,5,2,4,2,2,3,1,1,4,3,4,1,4,3,3,5,4,5,4,1,5,2,1,1,2,4,2,3,1,0,0,0,0,0,0,4,3,3,1,1,2,2,2,4,5,1,1,0,0,3,0
"1210","Deodorant G",0,5,1,5,2,4,5,1,4,2,3,1,3,5,2,5,5,5,3,4,4,1,5,2,2,3,5,4,2,1,0,0,0,0,0,0,5,1,1,2,7,8,2,1,3,5,1,1,0,0,3,0
"1213","Deodorant G",0,6,1,2,1,2,5,1,3,1,4,2,5,5,4,3,5,5,1,3,3,1,4,2,4,4,5,5,3,1,0,0,1,0,0,0,5,4,2,2,2,2,5,1,2,3,2,1,0,0,4,0
"1214","Deodorant G",1,3,1,4,4,2,2,2,5,1,4,5,2,3,4,4,3,2,1,3,4,1,5,1,5,5,2,3,4,2,0,0,0,0,0,0,4,4,3,3,2,7,2,1,4,9,1,1,0,0,3,1
"1223","Deodorant G",0,5,1,3,1,5,4,5,4,3,3,5,5,4,4,4,3,3,1,3,4,3,2,3,4,2,4,4,5,1,0,0,0,0,0,0,4,2,1,3,6,10,7,1,4,3,1,1,0,0,2,0
"1225","Deodorant G",0,6,0,4,5,1,1,2,5,2,5,5,5,4,3,4,4,2,2,3,1,1,3,4,5,3,3,5,4,1,0,0,0,0,0,0,2,1,3,3,4,5,1,1,3,10,3,7,0,0,3,0
"1226","Deodorant G",0,5,2,3,3,3,3,5,4,2,3,4,3,5,3,3,1,3,2,4,4,4,2,5,4,3,4,5,4,3,0,0,0,0,0,0,5,3,3,3,6,8,1,3,4,5,2,1,0,0,3,0
"1227","Deodorant G",0,5,0,3,3,3,5,3,2,1,4,5,3,5,4,1,3,4,5,5,3,2,4,2,3,4,1,4,2,2,0,0,0,0,0,0,4,2,1,2,5,9,7,3,2,4,2,1,0,0,2,0
"1236","Deodorant G",0,5,1,5,1,4,4,2,5,3,4,5,4,4,4,2,2,4,1,5,3,2,1,3,4,5,5,5,3,0,0,0,0,0,0,0,3,3,2,2,3,6,5,1,2,2,5,1,0,0,5,0
"1239","Deodorant G",1,3,0,3,2,4,2,1,5,2,4,5,2,5,2,4,4,5,3,5,1,4,3,2,4,4,5,3,4,2,0,0,0,0,0,0,5,2,3,1,7,9,7,4,4,9,2,1,0,0,6,1
"1243","Deodorant G",0,6,1,3,4,5,1,5,5,3,2,5,2,5,4,1,3,4,1,5,5,5,2,2,3,4,3,4,3,1,0,1,0,0,0,0,1,4,2,2,7,10,3,2,2,2,2,1,0,0,2,0
"1244","Deodorant G",0,7,1,3,3,5,5,2,4,4,4,1,1,2,4,2,5,4,2,5,1,2,1,4,2,5,4,1,2,1,0,1,0,0,0,0,4,4,3,1,3,9,5,2,2,3,1,1,0,0,2,0
"1247","Deodorant G",0,6,2,3,5,4,3,1,5,1,4,4,4,2,5,1,5,5,1,3,3,4,3,2,5,3,4,4,2,2,0,0,0,0,0,0,3,5,2,1,3,9,5,1,2,4,2,2,0,0,1,0
"1250","Deodorant G",0,5,1,2,4,1,1,5,2,5,5,1,1,5,3,4,4,4,2,5,1,2,5,2,1,4,4,5,5,3,0,0,0,0,0,0,4,4,2,3,6,10,2,1,4,3,2,1,0,0,3,0
"1251","Deodorant G",0,6,3,3,1,2,4,1,4,1,4,4,3,1,3,1,4,2,1,5,4,3,2,1,4,3,5,2,2,1,0,0,0,0,0,0,1,5,2,3,3,1,2,2,3,10,2,2,0,0,2,0
"1253","Deodorant G",0,6,1,5,1,3,5,4,5,1,1,5,1,4,3,2,1,5,1,4,4,1,3,4,5,4,4,5,1,2,0,0,0,0,0,0,5,2,3,3,6,2,2,1,4,5,1,5,0,0,3,0
"1254","Deodorant G",0,7,1,3,2,5,4,1,5,1,3,5,4,5,2,1,4,4,1,4,4,2,2,3,3,5,3,4,2,2,0,0,0,0,0,0,4,3,1,3,6,7,5,1,5,9,1,2,0,0,2,0
"1255","Deodorant G",1,3,1,3,4,3,4,5,2,3,4,5,2,5,1,1,5,4,1,5,3,1,4,2,4,1,1,3,3,2,0,0,0,0,1,0,5,3,1,3,6,1,2,1,2,3,1,2,0,0,1,1
"1258","Deodorant G",0,6,1,3,1,5,4,3,5,3,5,4,5,5,5,5,3,4,2,4,5,5,2,5,4,5,1,3,4,1,0,0,0,0,0,0,5,4,1,3,4,7,2,2,3,4,3,2,0,0,3,0
"1260","Deodorant G",0,5,1,3,2,3,3,2,4,2,3,4,3,3,5,2,1,5,1,3,3,2,3,3,5,5,4,3,3,0,0,1,0,0,0,0,2,1,1,3,5,6,4,1,2,9,4,1,0,0,4,0
"1261","Deodorant G",1,2,1,3,5,4,1,1,2,5,5,3,3,5,4,2,4,5,2,5,5,2,4,3,4,5,3,4,5,-1,0,0,0,0,0,0,5,5,3,3,6,8,7,3,3,3,1,1,0,0,3,1
"1262","Deodorant G",1,2,2,3,1,3,4,1,5,1,5,4,5,2,5,3,5,5,5,4,3,5,3,3,5,4,5,5,4,5,0,0,0,0,0,0,4,5,3,3,6,6,5,1,3,4,1,1,0,0,3,1
"1264","Deodorant G",0,5,1,3,2,4,4,1,4,2,5,3,1,2,4,4,5,4,2,4,3,2,5,3,3,1,1,5,4,0,0,0,0,0,0,0,5,2,1,2,7,4,7,3,2,3,2,2,0,0,1,0
"1281","Deodorant G",0,6,1,3,1,3,5,2,3,2,3,5,3,4,3,1,5,4,2,3,2,1,3,2,4,2,3,4,4,0,0,1,0,0,0,0,4,1,3,3,7,8,7,2,4,2,3,1,0,0,5,0
"1282","Deodorant G",1,4,2,5,3,4,5,1,3,1,4,4,1,5,4,3,3,4,3,1,5,3,4,1,5,4,5,4,4,1,0,1,1,0,1,0,3,2,2,1,4,9,7,2,3,4,2,1,0,0,4,1
"1290","Deodorant G",0,6,1,3,3,4,3,3,4,3,1,5,5,3,5,3,4,5,3,5,5,1,1,4,2,5,4,4,2,1,0,0,0,0,0,0,3,2,2,3,1,6,2,1,4,3,2,2,0,0,2,0
"1291","Deodorant G",0,5,0,3,2,5,2,4,3,3,5,3,2,5,1,5,4,4,5,2,5,5,2,1,4,3,1,5,1,3,0,0,0,0,0,0,2,3,3,1,6,10,2,1,3,4,1,1,0,0,3,0
"1299","Deodorant G",1,4,1,3,5,4,5,1,4,1,5,1,2,4,3,1,3,5,4,5,4,5,1,4,1,2,5,3,3,1,0,1,0,0,0,0,2,1,3,3,6,7,2,1,3,4,2,1,0,0,2,0
"1302","Deodorant G",0,6,1,4,5,2,4,4,1,2,3,5,5,3,4,2,2,5,1,4,4,2,3,1,3,5,3,4,4,3,0,0,0,0,0,0,1,5,3,1,1,6,2,1,4,3,2,1,0,0,3,0
"1303","Deodorant G",0,5,1,3,2,4,2,3,4,3,5,5,4,4,4,1,3,4,2,3,4,1,4,3,4,5,3,4,5,0,0,0,0,0,0,0,5,3,2,2,6,9,5,1,4,3,2,1,0,0,3,0
"1308","Deodorant G",1,1,1,5,2,5,1,2,5,1,4,1,4,4,1,5,5,2,2,5,5,2,3,1,1,3,4,4,5,0,0,0,0,0,0,0,1,4,1,2,5,9,1,1,4,5,1,1,0,0,5,1
"1314","Deodorant G",0,6,2,3,1,2,4,1,3,2,5,4,4,5,5,5,3,4,1,5,4,2,1,5,1,5,1,3,5,0,1,0,0,0,0,0,1,1,2,1,4,8,7,3,2,6,1,1,0,0,6,0
"1317","Deodorant G",1,4,3,3,1,4,1,1,4,1,4,4,2,5,2,2,4,3,4,3,4,5,5,5,4,5,4,5,2,-1,0,0,0,0,0,0,4,4,3,3,6,10,2,1,4,2,2,1,0,0,1,1
"1320","Deodorant G",1,2,0,4,2,4,3,2,5,1,2,5,5,4,2,5,2,4,1,3,4,3,2,2,5,3,2,1,4,1,0,0,0,0,1,0,1,2,3,3,7,7,3,1,2,4,1,5,0,0,2,1
"1321","Deodorant G",1,1,2,3,1,5,4,4,3,2,4,5,3,3,4,5,5,3,3,5,2,4,4,1,5,4,1,3,1,-1,0,1,0,0,0,0,2,4,3,2,6,8,2,1,3,6,1,4,0,0,1,1
"1322","Deodorant G",0,7,1,5,2,5,4,2,3,2,5,5,1,5,3,4,4,5,5,4,3,1,5,4,4,5,2,4,1,1,0,0,0,0,0,0,4,2,2,2,2,6,2,1,2,4,2,1,0,0,2,0
"1323","Deodorant G",0,6,0,5,2,5,4,5,4,2,4,1,5,5,1,1,5,5,2,4,1,1,1,1,3,4,5,5,2,4,0,0,0,0,0,0,4,3,1,1,6,5,7,1,5,4,1,1,0,0,2,0
"1324","Deodorant G",0,7,2,3,2,4,2,1,4,1,4,5,5,5,1,5,3,3,1,4,3,1,1,1,2,3,4,4,1,0,0,0,0,0,0,0,5,1,2,3,2,7,5,1,5,5,2,1,0,0,3,0
"1325","Deodorant G",0,7,2,4,2,5,5,1,5,2,3,5,3,5,4,3,3,4,2,5,1,1,4,1,2,4,4,4,3,-1,0,0,0,0,0,0,5,1,2,3,5,7,2,2,2,6,2,1,0,0,4,0
"1326","Deodorant G",0,6,1,5,1,5,5,2,3,3,5,5,1,5,1,1,2,5,1,2,4,5,3,4,5,3,4,2,1,-1,0,0,0,0,0,0,4,4,2,1,7,9,7,1,3,3,2,4,0,0,5,0
"1327","Deodorant G",0,5,0,3,4,5,4,2,5,1,5,5,4,5,3,1,3,4,1,2,4,2,3,4,4,3,4,4,4,2,0,0,0,0,0,0,5,2,2,3,4,7,3,1,2,3,2,1,0,0,6,0
"1328","Deodorant G",0,7,3,5,3,4,2,1,5,1,3,4,4,1,3,1,3,1,2,2,5,1,1,2,1,3,2,5,4,1,0,1,0,0,0,0,1,4,3,2,4,1,2,2,2,5,2,1,0,0,3,0
"1330","Deodorant G",1,3,1,5,3,2,1,2,4,2,4,4,4,2,2,5,3,4,2,4,4,4,3,2,2,3,4,3,4,0,0,0,0,0,0,0,1,3,1,1,4,6,5,1,4,3,1,2,0,0,1,1
"1333","Deodorant G",0,5,0,3,3,4,5,2,4,2,5,3,4,5,4,5,2,5,2,3,4,1,5,2,4,1,4,5,3,2,0,1,0,0,0,0,4,4,3,3,6,8,1,3,4,3,2,2,0,0,4,0
"1334","Deodorant G",0,5,3,3,2,3,5,2,2,2,5,4,5,5,5,5,5,1,3,4,3,2,5,3,4,4,3,4,4,0,0,0,0,0,0,0,4,4,1,2,7,1,2,1,3,3,1,1,0,0,2,0
"1337","Deodorant G",0,6,2,4,1,1,5,1,1,4,4,4,4,5,5,4,4,3,1,5,1,1,3,2,4,3,3,5,3,3,0,0,0,0,0,0,5,2,3,1,4,8,2,1,4,10,3,1,0,0,3,0
"1342","Deodorant G",0,5,0,3,2,5,4,2,4,1,5,3,4,4,4,2,5,5,1,1,4,1,1,2,5,4,3,5,4,1,0,0,0,0,0,0,4,2,2,3,5,7,5,3,5,4,2,2,0,0,1,0
"1346","Deodorant G",0,6,0,2,2,5,2,1,1,3,1,1,3,3,5,1,4,5,1,4,4,1,1,3,5,5,4,2,3,-2,1,1,0,0,0,0,2,2,3,2,6,9,2,1,3,10,3,3,0,0,4,0
"1347","Deodorant G",0,7,0,3,1,5,5,3,2,2,5,5,4,5,5,1,5,5,1,5,2,3,2,4,5,1,5,4,2,3,0,0,0,0,0,0,4,1,2,3,3,9,7,2,3,5,1,1,0,0,1,0
"1348","Deodorant G",1,4,2,3,5,5,5,2,3,3,3,5,5,4,5,5,5,4,1,4,4,1,1,5,2,1,2,3,3,2,0,0,0,0,1,0,5,1,3,3,7,8,4,2,4,3,1,6,0,0,2,0
"1349","Deodorant G",1,1,1,3,1,4,5,2,4,1,1,5,2,4,5,1,5,4,2,5,5,3,1,2,5,2,1,5,4,2,0,0,0,0,0,0,4,2,3,2,5,6,2,1,3,7,2,1,0,0,1,1
"1354","Deodorant G",0,6,1,3,4,5,1,1,3,5,4,5,5,1,4,3,5,5,2,2,4,1,5,4,2,2,4,5,3,1,0,0,0,0,0,0,5,3,3,1,6,1,6,1,5,3,2,4,0,0,1,0
"1364","Deodorant G",0,6,0,3,1,3,1,5,3,1,3,3,3,2,1,2,5,4,1,5,2,2,4,1,4,1,5,4,3,2,0,0,0,0,0,0,4,1,1,2,7,10,2,1,2,2,1,1,0,0,4,0
"1367","Deodorant G",0,5,0,3,2,4,1,1,4,1,5,5,2,5,4,3,5,5,1,5,5,1,3,2,3,3,1,3,3,3,0,0,0,0,0,0,1,2,2,1,2,5,3,1,4,3,2,2,0,0,1,0
"1375","Deodorant G",0,5,1,3,2,3,5,4,5,2,2,5,1,5,5,5,4,5,1,2,2,5,5,2,3,4,2,5,3,2,0,0,0,0,1,0,1,1,3,3,6,6,7,2,2,6,2,2,0,0,3,0
"1377","Deodorant G",1,4,0,5,2,4,4,3,4,1,4,2,1,4,5,4,4,4,1,4,1,2,1,2,4,3,5,3,4,0,0,0,0,0,0,0,1,1,2,3,5,8,3,1,4,4,2,1,0,0,1,0
"1381","Deodorant G",0,6,1,4,4,1,3,2,3,1,5,5,1,4,3,1,4,5,3,4,1,1,2,4,1,4,4,4,5,1,0,0,0,0,0,0,4,4,2,3,5,8,5,1,3,10,2,1,0,0,1,0
"1382","Deodorant G",0,6,1,3,2,5,4,3,4,1,2,5,2,4,5,4,5,4,2,4,3,2,3,4,1,5,1,5,5,2,0,0,0,0,0,0,5,3,3,3,1,9,7,3,3,7,2,1,0,0,2,0
"1383","Deodorant G",0,6,0,3,1,5,4,2,3,2,5,1,5,1,4,4,3,4,1,5,3,1,5,1,5,5,4,5,3,2,0,0,0,0,0,0,5,1,3,2,3,5,4,1,3,5,2,3,0,0,5,0
"1385","Deodorant G",0,5,0,3,4,4,2,4,4,1,5,5,5,4,5,4,4,4,1,2,4,3,2,2,2,5,5,5,2,3,0,0,0,0,0,0,4,2,2,3,5,10,5,1,2,3,2,3,0,0,1,0
"1392","Deodorant G",1,4,3,4,3,1,4,1,2,1,5,4,5,5,1,4,4,1,1,4,3,1,5,2,3,5,4,4,3,0,0,0,0,0,0,0,4,3,2,3,6,10,2,1,3,2,2,1,0,0,2,1
"1393","Deodorant G",1,4,2,3,5,5,4,2,1,4,5,5,2,5,5,2,1,3,2,1,5,3,4,4,2,5,3,3,4,0,0,0,0,0,0,0,1,1,1,2,6,9,2,1,3,5,2,1,0,0,1,1
"1394","Deodorant G",1,4,0,4,2,4,2,5,5,2,4,5,5,5,4,3,2,5,1,2,5,5,2,3,2,5,3,3,4,0,0,0,0,0,0,0,4,4,3,1,4,2,2,1,4,4,1,1,0,0,1,0
"1397","Deodorant G",1,4,0,3,2,2,3,3,4,3,5,4,3,5,5,5,4,5,1,5,2,3,1,2,3,5,5,3,3,1,0,1,0,0,0,0,5,3,1,3,6,10,3,1,2,6,1,2,0,0,4,1
"1399","Deodorant G",0,5,2,3,3,4,3,3,3,2,2,2,4,5,3,5,4,3,4,3,2,2,2,4,3,2,5,4,4,0,0,0,0,0,0,0,5,3,3,3,3,6,2,1,4,10,1,1,0,0,3,0
"1400","Deodorant G",0,7,1,3,3,2,5,3,2,2,5,5,3,5,5,3,1,4,5,4,5,2,2,4,5,1,5,5,4,0,0,0,0,0,0,0,3,2,1,3,3,2,2,4,2,3,2,5,0,0,1,0
"1408","Deodorant G",1,4,3,3,1,3,3,1,4,1,5,5,1,5,5,5,5,3,2,5,1,3,2,4,5,2,5,5,1,0,0,0,0,0,0,0,5,3,3,2,6,6,1,1,2,3,2,1,0,0,6,0
"1410","Deodorant G",0,6,1,4,2,4,5,1,3,4,1,5,1,1,4,2,4,5,1,4,3,3,1,4,1,3,5,4,1,0,0,0,0,0,0,0,5,1,3,3,3,8,2,1,4,4,2,1,0,0,6,0
"1412","Deodorant G",0,6,1,3,2,4,5,1,2,2,5,2,3,5,3,3,4,4,4,2,5,1,1,5,3,4,5,2,2,2,0,0,0,0,0,0,3,4,3,2,4,8,6,2,3,4,2,2,0,0,6,0
"1414","Deodorant G",0,5,3,3,2,4,5,2,3,2,4,2,4,4,3,3,5,3,2,4,4,4,4,2,3,4,5,3,4,1,0,0,0,0,0,0,5,5,2,1,7,9,2,2,2,10,1,1,0,0,6,0
"1417","Deodorant G",0,6,1,3,3,4,4,3,5,3,5,5,2,1,1,3,4,5,2,5,4,1,4,3,1,3,3,4,5,1,1,0,0,0,0,0,3,5,1,3,7,10,7,2,2,3,5,3,0,0,1,0
"1426","Deodorant G",0,5,3,3,1,5,1,2,4,1,4,4,4,4,5,4,4,5,2,4,4,2,1,5,3,4,3,2,2,2,0,0,0,0,0,0,4,2,2,1,4,10,7,1,3,6,1,2,0,0,3,0
"1428","Deodorant G",0,5,2,3,2,4,4,2,2,3,5,1,3,4,5,1,4,4,1,4,4,3,3,1,3,5,4,5,1,4,0,0,0,0,0,0,4,4,2,3,7,6,2,4,4,3,1,1,0,0,2,0
"1429","Deodorant G",0,5,0,3,1,4,4,1,3,2,4,1,3,5,4,5,5,3,4,2,4,1,1,1,5,3,4,4,1,2,0,0,0,0,0,0,5,2,3,3,6,6,3,1,2,3,1,2,0,0,2,0
"1432","Deodorant G",0,5,2,5,5,3,3,3,5,1,5,5,2,5,3,4,2,2,2,4,2,4,5,5,3,2,4,5,4,1,0,0,0,0,0,0,5,1,3,3,6,10,2,2,3,4,1,3,0,0,2,0
"1438","Deodorant G",1,1,3,3,3,4,5,1,5,3,4,1,5,3,5,1,5,3,2,5,4,2,2,4,5,5,5,5,3,1,0,0,1,0,0,0,3,4,2,3,6,10,3,2,3,4,5,6,0,0,3,1
"1439","Deodorant G",0,5,2,3,3,4,5,4,5,1,3,5,4,2,3,2,5,5,1,4,1,5,5,4,4,1,3,5,3,0,0,0,0,0,0,0,3,5,3,3,6,5,2,1,4,6,1,5,0,0,2,0
"1447","Deodorant G",0,6,0,5,3,3,4,1,3,5,3,1,5,5,4,3,4,5,3,4,4,1,2,4,2,5,2,4,4,3,0,0,0,0,0,0,5,3,2,3,5,5,4,1,3,5,2,1,0,0,2,0
"1451","Deodorant G",0,7,2,3,1,4,1,2,4,2,2,5,3,4,4,3,5,4,4,5,4,3,2,3,5,4,3,2,1,2,0,0,0,0,0,0,5,4,3,2,5,4,1,4,3,9,1,2,0,0,3,0
"1454","Deodorant G",0,6,0,5,1,3,3,3,5,3,5,5,1,4,4,1,5,5,1,2,5,3,2,3,2,1,2,3,3,1,1,0,0,0,0,0,4,1,3,3,7,7,2,1,4,4,1,1,0,0,2,0
"1455","Deodorant G",1,4,1,3,5,5,4,2,3,2,5,2,4,4,4,2,4,4,4,5,1,1,2,3,5,5,2,5,4,2,0,0,0,1,0,0,5,5,2,2,1,6,7,1,3,4,1,1,0,0,2,1
"1459","Deodorant G",0,5,2,3,1,4,3,3,5,2,4,5,5,5,4,4,1,4,2,4,2,5,1,4,4,5,2,1,4,0,0,0,0,0,0,0,4,2,3,3,5,7,2,3,4,5,2,1,0,0,4,0
"1463","Deodorant G",0,5,2,3,1,4,4,1,2,2,2,4,2,2,5,2,5,3,1,4,1,1,4,1,1,1,5,3,3,1,0,1,0,0,1,0,3,3,3,2,6,7,2,4,4,5,2,2,0,0,1,0
"1468","Deodorant G",1,2,1,1,2,4,3,1,4,1,4,5,4,4,3,5,5,3,3,2,5,3,4,4,1,4,3,5,3,-1,0,0,0,0,0,0,5,5,3,3,7,8,2,1,3,4,1,1,0,0,2,1
"1471","Deodorant G",0,5,0,4,1,4,4,4,2,2,4,4,2,4,5,2,3,5,4,3,5,2,5,4,4,4,5,4,3,1,0,0,0,0,0,0,3,5,3,1,5,8,2,1,2,4,3,1,0,0,1,0
"1473","Deodorant G",0,7,2,3,1,2,5,2,5,1,1,5,4,3,1,5,1,2,1,3,5,1,1,2,3,1,5,1,2,3,0,0,0,0,0,0,2,3,3,3,6,10,2,2,3,5,2,2,0,0,5,0
"1476","Deodorant G",0,7,0,4,1,3,1,1,3,1,5,4,4,4,5,5,5,5,2,5,3,4,3,5,1,2,4,4,4,0,0,0,0,0,0,0,5,1,3,1,4,8,5,2,2,5,2,6,0,0,1,0
"1477","Deodorant G",0,7,1,4,4,3,4,4,2,2,3,1,3,4,3,4,3,2,2,3,4,1,1,2,1,2,3,4,3,-1,0,0,0,0,0,0,1,5,2,2,5,6,5,4,4,10,2,1,0,0,4,0
"1479","Deodorant G",0,6,1,4,2,5,1,1,3,1,4,5,5,4,4,2,4,5,4,4,3,2,1,3,4,5,4,4,4,2,1,0,0,0,0,0,2,1,3,3,5,6,7,1,3,4,2,1,0,0,1,0
"1481","Deodorant G",0,7,1,3,1,5,2,1,2,2,3,4,3,5,5,4,4,5,2,5,1,4,2,5,2,2,5,4,5,0,0,0,0,0,0,0,5,3,1,3,5,10,2,2,4,8,2,5,0,0,2,0
"1483","Deodorant G",0,6,0,5,5,4,4,1,4,1,5,5,3,4,5,2,1,4,4,5,3,5,3,2,4,3,3,5,1,3,0,0,1,0,0,0,5,3,2,1,5,4,2,4,5,4,1,5,0,0,2,0
"1487","Deodorant G",1,1,0,4,3,5,5,3,1,2,5,5,5,4,1,1,2,3,1,3,3,1,1,4,2,4,1,5,2,1,0,0,0,0,0,0,2,4,2,1,6,7,4,1,2,4,3,1,0,0,2,1
"1491","Deodorant G",0,5,1,5,1,4,5,1,1,1,4,5,4,3,4,3,5,3,1,2,4,2,5,2,2,5,5,2,5,0,0,0,0,0,0,0,5,1,1,1,6,9,7,1,6,6,2,2,0,0,2,0
"1492","Deodorant G",0,5,2,3,2,5,3,2,5,2,5,1,4,5,1,5,4,4,3,5,4,5,3,5,5,3,3,3,4,2,0,0,0,0,0,0,4,3,2,2,7,7,4,1,3,4,2,2,0,0,4,0
"1495","Deodorant G",0,6,1,3,3,5,5,5,1,2,5,5,4,4,4,5,2,4,1,4,2,5,2,4,4,1,4,2,5,1,0,0,0,0,0,0,4,5,3,1,6,10,2,1,3,5,2,1,0,0,1,0
"1499","Deodorant G",0,7,1,3,2,5,5,4,2,1,5,5,4,5,4,1,4,4,4,3,4,3,5,3,1,5,5,3,4,0,0,0,0,0,0,0,5,1,2,3,5,9,2,1,3,3,2,1,0,0,1,0
"1500","Deodorant G",0,5,0,5,1,4,2,2,3,3,4,3,5,4,4,1,5,4,5,4,5,3,3,1,3,3,3,4,3,2,0,0,0,0,0,0,2,2,3,1,7,9,4,1,2,3,1,2,0,0,3,0
"1501","Deodorant H",0,5,2,2,4,2,1,2,3,5,3,3,2,5,3,4,4,1,1,5,3,2,3,4,5,5,5,5,4,3,0,0,0,0,0,0,4,5,3,1,5,6,2,1,3,5,3,5,0.5,0,2,0
"1503","Deodorant H",0,7,1,3,2,5,3,2,4,5,3,5,4,3,2,1,3,5,2,4,2,1,1,4,3,2,4,4,5,3,0,0,1,0,0,0,5,2,3,3,7,8,5,1,4,6,1,3,0,0,1,0
"1506","Deodorant H",0,6,2,3,3,4,4,3,5,3,5,5,4,5,1,3,2,4,5,5,4,4,3,5,4,2,5,3,1,0,0,0,0,0,0,0,1,5,2,3,7,10,5,1,3,2,2,2,0,0,3,0
"1514","Deodorant H",0,6,0,4,2,4,4,1,4,1,5,5,5,5,3,2,2,2,3,2,4,1,4,5,4,5,4,3,4,1,0,0,0,0,0,0,2,3,3,2,6,7,7,4,4,6,1,1,0.5,0,6,0
"1519","Deodorant H",1,3,1,3,5,5,4,3,4,1,5,1,3,5,3,5,3,5,1,4,2,1,5,2,3,1,4,4,4,4,0,0,0,0,0,0,5,3,3,2,7,8,2,2,5,4,2,1,0,0,2,1
"1520","Deodorant H",0,6,0,3,3,1,2,2,2,1,4,5,5,5,5,1,5,5,4,4,1,3,3,5,2,5,1,4,5,2,0,0,0,0,0,0,1,3,3,2,7,6,5,1,3,2,2,1,0,0,5,0
"1521","Deodorant H",0,6,2,3,1,3,4,5,5,1,4,5,4,4,2,1,4,4,5,2,1,5,5,1,4,4,3,3,4,1,0,0,0,0,0,0,3,3,2,3,7,6,7,1,3,5,5,1,0,0,4,0
"1524","Deodorant H",0,6,0,3,1,3,3,4,3,1,1,5,3,4,5,1,4,5,2,1,4,4,2,1,1,2,2,2,5,0,0,0,0,0,0,0,4,1,1,3,6,9,2,1,2,3,1,1,0.333333333,0,3,0
"1530","Deodorant H",0,6,0,3,3,5,5,5,5,1,2,5,4,4,5,3,5,4,1,2,2,3,4,5,5,1,2,4,3,1,0,1,0,0,0,0,5,1,3,1,5,7,3,1,3,3,1,1,0,1,3,0
"1531","Deodorant H",0,6,4,3,2,3,3,2,5,2,4,3,3,3,5,4,5,5,1,4,5,1,3,3,1,4,5,2,2,1,0,0,0,0,0,0,5,2,3,1,7,9,6,3,3,6,1,1,0,0,2,0
"1536","Deodorant H",0,7,1,3,2,5,1,2,4,1,2,2,5,2,3,5,5,4,1,5,5,3,2,3,5,4,1,5,1,1,0,0,0,0,0,0,3,1,3,3,3,10,2,1,5,3,1,1,0,0,2,0
"1545","Deodorant H",0,6,2,3,1,4,4,2,4,1,5,3,1,1,5,4,4,5,1,3,3,1,1,2,5,5,2,4,3,2,0,0,0,0,0,0,3,3,3,2,6,10,2,3,5,10,1,2,0,0,2,0
"1546","Deodorant H",0,7,0,3,1,5,3,3,5,3,5,4,4,5,5,2,4,5,2,5,1,1,2,2,2,5,2,5,2,1,0,0,0,0,0,0,4,3,1,3,7,8,4,1,2,3,1,4,0.5,0,3,0
"1547","Deodorant H",0,5,0,3,2,3,4,4,4,1,5,4,4,5,3,2,3,5,5,4,3,2,4,1,2,4,3,4,1,1,0,0,0,0,0,0,4,1,3,1,4,10,1,2,2,4,2,6,0,0,3,0
"1549","Deodorant H",0,6,1,4,2,2,5,1,5,4,4,2,4,3,3,3,5,5,1,5,4,2,2,1,3,5,4,2,4,0,0,0,0,0,0,0,3,1,1,3,3,7,2,1,3,2,1,2,0.25,0,2,0
"1550","Deodorant H",1,4,2,3,2,4,3,3,4,1,3,1,4,3,5,5,5,5,5,5,4,3,2,1,4,4,3,5,1,1,0,0,0,0,0,0,2,1,2,2,7,2,2,2,4,2,1,1,0,0,3,0
"1551","Deodorant H",1,4,1,3,2,2,3,2,3,4,5,3,4,4,3,5,1,5,1,3,4,3,3,5,3,1,3,4,5,2,0,0,0,1,0,0,5,3,3,1,3,7,2,3,5,3,1,2,0.333333333,0,3,1
"1553","Deodorant H",0,7,1,4,3,4,5,1,3,3,5,5,2,3,4,1,1,5,3,5,5,2,2,4,4,5,2,3,1,1,0,1,0,0,0,0,4,1,3,3,6,10,2,1,3,5,1,2,0,0,3,0
"1556","Deodorant H",0,5,0,3,1,2,5,2,3,3,4,5,2,4,3,5,3,4,2,4,4,4,3,2,3,3,1,4,4,2,0,0,0,0,0,0,1,4,3,3,7,6,1,1,4,3,2,1,0,0,2,0
"1560","Deodorant H",0,5,0,5,2,1,3,4,3,2,4,3,2,5,3,1,1,4,3,2,2,4,5,4,4,4,4,4,4,0,0,0,0,0,0,0,5,4,3,3,4,6,1,1,4,4,2,1,0.5,0,5,0
"1561","Deodorant H",1,4,0,5,5,5,2,2,4,3,4,5,4,5,5,3,5,4,5,5,4,3,2,5,4,5,2,3,4,0,0,0,0,0,0,0,3,1,3,3,5,8,2,1,4,5,1,3,0.333333333,0,3,0
"1575","Deodorant H",1,4,1,4,4,3,1,1,4,2,4,1,2,5,3,1,4,4,2,1,4,4,3,1,2,4,5,5,4,0,0,0,0,0,0,0,4,1,3,3,3,5,3,1,3,3,1,1,0,1,3,0
"1576","Deodorant H",1,2,1,5,3,5,5,2,3,1,3,4,3,5,2,1,4,4,2,1,4,3,5,2,1,5,4,3,3,2,0,0,0,0,1,0,5,5,2,3,7,8,7,2,5,2,1,1,0,0,4,1
"1581","Deodorant H",0,6,1,3,2,5,3,2,4,5,1,4,4,1,1,1,4,3,5,4,2,1,3,5,3,3,1,4,4,1,0,1,0,0,0,0,5,1,3,1,6,3,5,1,3,3,1,1,0,0,2,0
"1585","Deodorant H",0,6,2,3,1,5,5,3,2,4,5,5,4,5,1,2,3,4,1,4,3,2,2,1,1,4,4,5,4,0,0,0,1,0,0,0,5,1,2,3,6,10,5,1,3,4,1,3,0,0,2,0
"1586","Deodorant H",0,5,1,3,2,3,4,1,3,4,5,4,2,4,3,5,1,2,3,5,1,4,5,5,1,3,5,4,2,4,0,0,0,0,0,0,5,1,2,3,2,9,4,1,3,3,2,1,0,0,1,0
"1587","Deodorant H",0,6,0,3,2,2,5,1,4,4,1,5,4,5,4,2,4,1,1,3,4,5,3,3,3,3,4,5,5,1,0,0,0,0,0,0,3,4,3,3,1,6,1,1,2,5,1,1,0,0,2,0
"1588","Deodorant H",0,5,1,4,2,5,3,2,1,1,4,3,2,5,5,1,4,5,2,3,4,2,4,1,1,4,3,3,2,0,0,0,0,0,0,0,3,1,2,1,5,9,7,1,3,5,2,1,0.166666667,0,6,0
"1590","Deodorant H",0,6,0,4,2,5,2,1,5,2,5,5,2,3,1,4,5,5,3,3,3,5,2,3,4,4,4,5,4,3,0,0,0,0,0,0,5,2,3,1,5,10,3,1,5,8,3,1,0,1,2,0
"1597","Deodorant H",1,4,2,3,2,4,5,2,2,1,4,4,2,3,1,2,5,4,1,4,4,1,5,4,4,5,2,4,5,3,0,0,0,0,0,0,3,1,2,2,5,8,2,1,6,7,1,2,0,0,5,1
"1600","Deodorant H",0,5,1,3,1,2,4,3,2,2,5,5,4,5,4,2,3,4,1,2,4,3,5,1,4,4,1,4,3,2,0,0,0,0,0,0,4,5,1,3,6,7,2,1,3,2,2,1,0,0,4,0
"1603","Deodorant H",0,5,0,3,1,1,2,1,4,2,5,4,5,5,5,1,5,2,3,3,2,3,5,3,5,4,3,2,4,0,0,0,0,0,0,0,4,5,1,1,3,8,7,3,3,4,1,1,0,1,2,0
"1614","Deodorant H",0,5,0,3,4,3,4,1,2,2,5,5,4,4,3,5,4,3,1,4,2,2,1,4,2,4,3,4,5,-1,0,0,0,0,0,0,1,2,3,3,6,8,5,4,2,6,2,5,0,0,2,0
"1622","Deodorant H",1,4,0,5,2,5,4,2,3,2,5,1,4,4,2,1,5,5,2,3,5,1,3,3,3,4,1,4,5,0,0,0,0,1,0,0,4,5,1,3,5,4,2,3,3,9,2,1,0,0,2,1
"1623","Deodorant H",0,5,2,3,2,4,5,2,3,5,2,5,3,3,2,2,4,3,2,5,4,3,5,1,4,2,1,4,1,1,0,0,0,0,0,0,4,2,3,3,6,7,3,1,4,4,1,4,0,0,1,0
"1625","Deodorant H",0,7,3,4,1,4,4,3,4,2,3,5,4,4,2,4,5,4,3,2,1,1,5,2,3,2,4,4,1,2,0,0,0,0,0,0,5,4,2,3,7,5,7,4,4,4,2,6,0,0,1,0
"1627","Deodorant H",0,6,1,3,4,3,2,2,5,4,5,5,4,4,4,5,3,5,3,4,1,1,1,2,5,2,4,1,4,1,0,0,0,0,0,0,4,3,3,2,6,6,5,2,4,7,2,1,0,0,4,0
"1631","Deodorant H",0,6,1,3,4,4,4,2,3,3,5,5,4,5,3,2,3,5,1,4,3,1,3,3,4,3,3,3,1,2,0,0,0,0,0,0,5,5,3,3,5,8,7,2,3,6,2,1,0,0,2,0
"1633","Deodorant H",0,5,1,3,1,5,4,3,3,3,4,4,5,2,3,5,5,5,1,4,2,3,2,2,5,4,2,5,2,0,0,1,0,0,0,0,1,4,3,2,5,10,1,1,2,3,1,1,0,0,1,0
"1636","Deodorant H",0,7,1,4,4,3,4,1,5,1,5,1,4,4,5,5,5,4,1,4,5,3,5,1,4,5,2,4,1,1,0,0,0,0,0,0,3,5,3,3,7,8,5,1,4,4,2,1,0.166666667,0,2,0
"1639","Deodorant H",0,7,1,3,3,1,2,2,4,1,5,5,4,5,5,3,4,4,1,5,2,3,3,5,4,4,4,4,1,1,0,0,0,0,0,0,1,3,2,2,6,3,5,3,4,10,1,2,0,0,4,0
"1647","Deodorant H",0,6,0,4,2,3,2,2,4,1,1,2,5,4,4,1,3,3,3,4,5,2,1,1,4,5,3,1,3,4,0,0,0,0,0,0,4,2,2,3,4,9,2,1,3,4,3,3,0,0,3,0
"1648","Deodorant H",0,7,2,3,2,4,4,1,5,2,5,2,4,5,5,4,5,1,2,3,4,4,1,5,4,5,4,4,1,3,0,0,0,0,1,0,5,5,3,1,6,3,2,1,4,5,2,1,0,0,1,0
"1649","Deodorant H",1,1,1,3,1,1,3,1,3,4,4,3,4,4,1,5,4,4,1,5,5,3,1,1,4,2,3,4,5,3,0,0,0,0,0,0,4,4,1,2,7,7,7,1,4,6,2,1,0.25,0,3,1
"1658","Deodorant H",0,5,1,2,1,3,2,3,5,5,3,4,5,4,3,5,5,3,1,5,3,1,4,3,1,5,4,5,1,2,0,0,0,0,0,0,5,2,1,3,6,8,6,4,4,9,1,1,0.5,0,1,0
"1663","Deodorant H",0,7,2,3,2,5,4,4,3,1,4,5,5,5,5,4,3,3,2,4,1,1,1,3,1,3,4,1,3,2,0,0,0,0,0,0,5,1,2,1,6,3,3,1,4,5,2,1,0,0,4,0
"1664","Deodorant H",0,5,0,3,1,4,4,3,5,1,4,4,5,5,1,1,4,4,1,3,1,4,3,5,5,5,4,4,4,3,1,0,0,0,1,0,5,2,1,3,6,6,2,1,4,3,2,1,0.333333333,0,4,0
"1673","Deodorant H",0,5,3,3,1,5,1,5,2,1,4,5,5,5,3,1,3,5,5,5,4,1,4,2,3,4,4,4,5,0,0,0,0,0,0,0,5,4,2,3,7,8,7,1,3,4,1,1,0,1,2,0
"1675","Deodorant H",0,6,2,3,2,5,4,1,5,1,4,5,5,5,1,4,5,5,2,5,5,1,3,4,5,3,2,4,2,1,0,0,0,0,0,0,5,4,2,3,1,8,7,2,3,7,1,1,0,0,4,0
"1676","Deodorant H",0,5,2,5,1,3,5,1,4,1,5,4,3,3,4,1,1,1,2,5,5,2,4,1,2,3,4,3,3,1,0,0,0,0,0,0,2,5,3,3,2,9,2,4,3,10,1,1,0,0,2,0
"1680","Deodorant H",0,5,0,4,2,4,3,4,5,1,5,3,4,1,3,1,3,4,1,1,4,2,5,2,4,4,5,3,4,2,0,0,0,0,0,0,2,1,1,1,5,8,2,1,3,10,2,1,0.333333333,0,2,0
"1683","Deodorant H",0,5,3,3,2,3,5,2,5,2,5,4,4,5,4,4,5,4,2,5,1,3,2,3,4,4,5,5,2,0,0,0,0,0,0,0,2,2,2,3,6,4,4,1,2,4,2,3,0,0,6,0
"1685","Deodorant H",1,4,0,3,2,5,3,1,2,1,5,5,5,5,3,5,3,5,1,4,5,3,2,4,1,5,1,4,5,1,0,0,0,0,0,0,4,4,3,2,5,7,6,1,3,3,1,1,0,0,2,1
"1686","Deodorant H",1,4,2,5,1,4,3,2,5,4,5,3,5,4,3,3,5,4,1,5,5,5,1,2,3,5,3,4,3,-2,0,0,0,0,0,0,1,1,2,3,5,8,2,2,2,2,1,1,0.2,0,2,0
"1693","Deodorant H",0,6,2,3,1,1,4,2,2,1,4,2,2,4,3,5,5,4,1,4,4,2,3,3,3,3,3,1,4,3,0,0,0,0,0,0,2,5,3,3,4,8,2,1,3,4,2,2,0,0,6,0
"1697","Deodorant H",0,5,1,5,4,4,2,3,4,1,3,3,3,5,2,3,3,4,2,3,1,2,3,5,4,5,5,4,3,3,0,0,0,0,0,0,1,4,2,3,7,8,2,1,3,6,1,2,0,0,2,0
"1703","Deodorant H",1,2,0,4,2,5,3,3,3,3,3,5,2,5,5,3,5,2,1,5,3,1,1,4,4,5,3,4,3,0,0,0,0,0,0,0,5,1,3,3,3,8,5,1,4,2,1,4,0,0,1,1
"1708","Deodorant H",0,5,0,3,4,5,4,5,5,2,4,2,2,5,5,1,4,4,2,2,1,2,3,1,4,5,4,3,4,4,0,0,0,0,0,0,4,4,3,1,5,5,5,3,4,6,1,1,0.5,0,6,0
"1716","Deodorant H",0,6,4,3,2,4,3,1,4,2,1,3,5,5,5,3,5,3,2,4,2,5,4,2,5,5,3,3,4,3,0,0,0,0,0,0,4,2,2,3,1,3,7,5,4,5,1,1,0,1,2,0
"1718","Deodorant H",0,6,3,3,1,4,4,2,3,2,1,1,5,3,5,1,5,2,4,5,3,3,3,4,4,5,5,4,4,1,0,0,0,0,0,0,5,5,3,3,6,1,7,3,3,8,1,1,0.125,0,4,0
"1720","Deodorant H",0,6,0,3,5,4,3,3,5,1,4,3,3,5,1,1,3,4,2,4,4,4,4,2,2,3,3,4,4,2,0,0,0,0,0,0,5,3,2,1,7,3,2,4,4,2,1,2,0,0,2,0
"1722","Deodorant H",0,6,1,2,2,5,1,2,3,2,5,5,3,5,5,2,5,3,3,3,5,1,1,1,1,5,3,5,5,1,1,0,0,0,0,0,5,4,3,3,6,7,5,4,2,3,2,1,0.2,1,1,0
"1724","Deodorant H",1,4,0,4,3,5,4,3,4,4,1,5,5,1,5,4,3,4,1,4,2,2,5,2,1,4,3,3,5,1,0,0,0,0,0,0,4,3,3,1,6,10,2,3,2,4,2,1,0.333333333,0,2,0
"1731","Deodorant H",0,6,1,3,4,4,4,3,4,5,2,3,4,1,3,2,5,5,5,2,3,3,3,2,2,4,3,2,5,3,0,0,0,0,0,0,5,1,3,1,5,9,2,1,4,4,2,2,0.5,1,1,0
"1737","Deodorant H",0,7,2,5,2,4,4,3,4,2,5,2,5,4,2,2,5,5,1,5,3,2,3,2,5,5,2,5,2,0,0,0,0,0,0,0,3,4,2,2,6,3,7,1,3,6,2,1,0.333333333,0,2,0
"1741","Deodorant H",0,6,1,4,2,4,4,2,4,4,5,4,4,4,5,4,3,5,1,1,5,3,4,4,1,5,4,3,3,0,0,0,1,0,0,0,4,4,3,3,4,6,7,1,5,10,2,6,0,1,2,0
"1746","Deodorant H",0,5,1,3,2,5,5,3,5,1,1,4,4,3,5,5,2,3,1,5,4,2,2,4,4,5,5,4,3,1,0,0,0,0,0,0,4,5,3,3,6,8,4,1,3,2,1,1,0,0,3,0
"1749","Deodorant H",0,6,1,3,3,4,3,2,3,1,3,5,5,5,5,4,3,2,1,3,3,4,1,1,4,5,5,3,4,2,0,0,0,0,0,0,4,2,1,1,7,5,7,1,2,8,1,1,0.5,0,1,0
"1752","Deodorant H",0,6,2,3,2,4,3,1,5,2,4,4,1,5,4,1,3,3,1,4,5,1,5,2,1,4,4,3,5,0,0,0,0,0,0,0,1,2,3,2,1,6,7,3,2,4,2,2,0,0,6,0
"1753","Deodorant H",0,5,2,3,1,5,1,1,3,3,5,1,3,4,3,1,2,4,2,3,4,5,2,2,3,4,2,4,5,4,0,1,0,0,0,0,5,3,3,3,4,3,2,1,4,3,1,4,0,0,5,0
"1755","Deodorant H",0,7,1,4,1,1,3,2,2,4,1,5,1,2,5,2,1,4,2,4,3,2,5,2,5,4,1,1,4,1,0,0,0,0,0,0,4,1,3,3,7,2,2,1,6,3,2,1,0,0,1,0
"1760","Deodorant H",0,6,2,4,1,2,1,5,5,1,4,5,2,5,5,2,5,5,4,4,1,3,3,2,3,5,3,2,2,1,0,0,0,0,0,0,1,4,3,3,3,8,2,1,5,6,1,2,0,0,4,0
"1761","Deodorant H",0,6,1,5,3,5,4,4,5,2,4,3,5,4,5,1,3,5,1,5,1,1,4,2,5,4,4,5,4,0,0,0,0,0,0,0,5,4,2,3,6,8,6,3,5,3,2,1,0,0,3,0
"1762","Deodorant H",0,6,1,3,4,2,5,2,2,4,4,1,2,4,5,5,5,4,3,5,3,4,3,5,1,5,3,4,5,0,0,0,0,0,0,0,4,1,2,1,7,7,5,3,5,3,1,1,0.333333333,0,2,0
"1764","Deodorant H",0,6,2,3,2,3,3,2,3,1,4,4,5,5,4,5,1,3,1,3,4,3,5,2,5,5,1,1,4,0,0,0,0,0,0,0,5,1,3,1,6,9,1,2,4,4,2,1,0,0,3,0
"1767","Deodorant H",0,7,1,4,1,4,4,1,5,2,2,5,4,5,4,1,2,4,4,1,5,2,1,1,1,2,5,1,2,1,0,0,0,0,0,0,2,2,1,1,6,9,3,2,4,7,2,1,0.5,0,3,0
"1770","Deodorant H",1,1,0,3,5,3,5,5,2,4,5,5,4,5,5,3,4,4,1,4,2,4,3,3,2,5,3,3,4,-1,0,0,0,0,0,0,1,3,3,1,7,7,3,3,4,3,2,1,0,1,1,1
"1771","Deodorant H",1,1,0,3,3,5,3,5,5,3,3,4,5,4,3,3,5,2,1,4,1,5,4,1,4,3,3,4,5,1,0,0,0,0,0,0,3,1,3,3,7,1,7,2,4,7,1,1,0.333333333,0,6,1
"1772","Deodorant H",0,7,0,3,1,3,1,1,3,1,1,4,4,5,1,4,2,5,1,3,5,1,1,2,2,3,5,4,3,2,0,0,0,0,1,0,1,2,2,3,6,8,5,3,6,4,2,2,0.5,0,5,0
"1777","Deodorant H",0,5,2,5,1,3,1,4,3,1,3,4,5,4,4,2,4,5,2,5,4,4,5,3,5,3,2,3,4,5,0,0,0,0,0,0,5,1,3,3,5,3,3,1,4,4,1,1,0,0,3,0
"1781","Deodorant H",0,7,2,3,1,3,2,3,4,2,5,4,1,5,3,5,4,5,1,3,5,1,2,1,4,5,1,3,5,-1,0,0,0,0,0,0,4,2,3,2,4,2,5,1,3,2,2,1,0,0,2,0
"1783","Deodorant H",1,4,1,4,1,4,3,4,1,1,5,1,3,5,4,4,5,5,1,2,5,3,1,1,5,4,5,1,1,2,0,0,0,0,0,0,5,1,3,1,6,9,2,5,3,7,2,6,0,0,2,1
"1785","Deodorant H",1,1,3,3,4,4,5,1,5,4,4,5,3,4,4,3,4,5,1,4,1,5,2,3,2,1,3,5,5,0,0,0,0,0,0,0,4,2,1,3,6,9,2,1,4,6,1,4,0,0,1,1
"1786","Deodorant H",1,4,1,3,2,3,5,1,4,1,4,5,4,1,3,1,1,2,3,3,1,2,5,4,4,5,5,4,2,0,0,0,0,0,0,0,4,2,2,1,6,9,2,1,2,7,2,1,0.5,0,1,1
"1789","Deodorant H",0,7,1,3,4,4,5,5,5,3,4,4,3,2,1,2,5,2,1,5,3,5,5,2,4,3,5,4,4,0,0,0,0,0,0,0,2,1,2,3,6,8,5,4,4,4,2,1,0,0,1,0
"1790","Deodorant H",0,7,3,3,1,4,4,4,3,1,3,5,2,4,4,2,1,4,2,5,4,1,4,3,5,3,3,2,3,1,0,0,0,0,1,0,1,2,1,1,6,7,3,1,4,3,1,2,0.25,0,6,0
"1792","Deodorant H",0,5,1,3,1,5,5,2,3,1,2,3,5,4,3,3,5,5,1,3,5,1,2,1,3,3,2,2,1,-1,1,0,0,0,0,0,2,2,3,3,7,4,7,5,4,2,3,2,0,1,6,0
"1793","Deodorant H",0,5,1,4,2,3,5,1,2,2,4,2,4,4,1,2,2,4,3,3,3,5,2,4,5,3,5,3,4,0,0,0,0,0,0,0,3,4,3,3,5,10,7,1,4,3,2,1,0.5,0,3,0
"1794","Deodorant H",0,7,2,3,3,4,4,1,3,3,5,3,5,4,3,5,2,4,3,1,4,2,4,5,4,4,5,4,4,2,0,0,0,0,0,0,4,2,2,2,4,9,7,1,3,3,2,1,0,0,6,0
"1796","Deodorant H",0,6,1,3,2,5,3,1,2,2,3,4,5,5,1,2,5,4,2,4,4,1,2,3,5,5,5,3,5,1,0,0,0,0,0,0,4,4,3,2,6,7,3,3,3,4,2,2,0,0,1,0
"1797","Deodorant H",1,2,1,3,5,5,4,2,2,2,5,4,4,5,5,1,4,5,3,4,1,5,3,1,4,4,5,1,2,3,0,0,0,0,0,0,4,3,3,2,6,9,2,1,4,5,2,1,0.142857143,0,4,1
"1806","Deodorant H",0,5,1,4,4,3,4,3,5,5,4,3,3,4,3,4,5,4,2,4,5,1,1,3,4,5,5,3,3,1,0,0,0,0,0,0,5,1,1,1,5,3,6,1,3,7,1,5,0,0,1,0
"1807","Deodorant H",0,6,1,3,5,3,2,2,5,2,2,3,5,1,2,5,4,4,5,5,4,1,5,1,4,5,4,3,4,2,0,0,0,0,0,0,1,1,3,3,4,8,7,1,2,2,2,1,0,1,1,0
"1809","Deodorant H",0,6,2,3,1,4,2,1,1,4,5,4,4,4,5,5,3,3,3,5,3,2,4,1,2,4,5,4,5,2,0,0,0,0,0,0,3,3,3,1,6,7,2,1,3,6,1,2,0,0,2,0
"1811","Deodorant H",1,4,2,3,1,4,5,2,4,1,3,1,1,4,3,5,5,5,1,5,5,1,5,4,3,5,2,3,2,0,0,0,0,0,0,1,4,4,3,3,2,7,5,3,4,2,2,5,0.25,0,3,1
"1814","Deodorant H",0,7,0,3,4,5,5,1,5,1,1,1,3,5,4,4,5,4,5,5,2,4,3,2,1,3,5,3,2,2,0,0,0,0,0,0,2,3,3,1,5,5,5,1,4,2,2,1,0.333333333,0,4,0
"1827","Deodorant H",0,5,1,3,3,5,5,1,3,2,5,4,4,2,3,1,5,5,1,3,2,2,1,1,3,5,1,5,4,1,0,0,0,0,0,0,4,1,1,2,6,4,2,1,4,2,1,2,0,0,6,0
"1829","Deodorant H",1,3,2,3,3,4,5,1,5,5,3,4,4,4,5,1,4,5,2,5,5,2,4,4,2,2,4,5,3,1,0,0,0,0,1,0,3,1,3,3,7,7,5,1,3,6,1,1,0.25,0,4,1
"1831","Deodorant H",1,4,3,3,4,3,5,2,1,4,5,5,4,1,4,2,5,3,1,1,4,1,3,3,3,5,2,1,2,1,0,0,0,0,0,0,4,5,3,1,4,8,3,1,4,3,1,2,0,1,2,1
"1833","Deodorant H",0,7,1,4,5,4,1,2,4,5,5,5,4,5,1,4,4,5,2,4,2,1,5,3,5,3,3,4,5,2,0,0,0,0,0,0,4,2,2,3,4,9,2,1,6,8,2,2,0,0,2,0
"1836","Deodorant H",1,1,2,4,4,4,3,1,5,5,5,5,4,3,3,5,4,5,5,2,3,4,2,5,4,3,3,2,3,1,0,0,0,0,0,0,1,5,3,2,7,8,2,1,3,3,1,1,0,0,1,1
"1838","Deodorant H",1,4,1,3,4,5,5,2,1,1,5,4,1,3,5,4,1,4,1,2,1,2,3,3,5,4,5,5,5,0,0,0,0,0,0,0,5,1,3,1,6,10,2,1,3,4,2,2,0,0,2,1
"1839","Deodorant H",1,4,1,3,3,3,2,1,3,1,5,5,2,4,1,1,5,5,1,5,5,2,1,5,4,4,5,4,3,2,0,0,0,0,0,0,5,3,1,3,7,6,2,3,4,3,4,1,0,1,3,1
"1842","Deodorant H",1,4,0,3,1,4,4,2,4,1,4,5,5,1,3,4,5,2,3,5,5,5,3,2,2,5,3,5,4,0,0,0,0,0,0,0,5,1,3,2,7,7,2,2,3,2,1,3,0,1,3,0
"1843","Deodorant H",0,7,0,3,2,4,4,5,3,2,5,1,5,4,5,3,3,5,1,4,1,4,3,5,3,4,5,3,4,1,0,0,0,0,0,0,4,2,3,3,7,8,7,1,2,4,1,1,0.5,0,3,0
"1844","Deodorant H",0,6,1,5,4,5,4,1,1,5,4,3,4,2,5,3,4,5,1,4,2,5,3,4,5,5,3,5,3,1,0,0,0,0,0,0,3,3,2,1,7,8,2,1,4,5,2,4,0,0,6,0
"1845","Deodorant H",1,4,1,3,2,3,5,5,2,1,1,3,1,5,1,2,3,3,2,3,3,4,2,3,5,3,3,5,3,3,0,0,0,0,0,0,1,5,1,1,5,9,2,1,2,4,1,3,0,0,1,1
"1846","Deodorant H",1,4,0,4,1,5,4,2,4,1,4,4,5,1,2,4,1,5,2,4,1,1,1,4,1,4,3,3,1,0,1,0,0,0,0,0,2,2,1,3,7,6,3,1,2,3,2,1,0,0,3,1
"1848","Deodorant H",0,5,3,4,3,5,5,1,4,2,2,5,3,5,5,1,5,5,4,4,5,1,2,1,3,5,3,5,2,4,0,0,0,0,0,0,1,3,1,2,5,6,7,2,2,3,1,1,0.166666667,0,3,0
"1851","Deodorant H",0,6,1,3,2,4,5,1,4,3,4,4,4,5,5,3,4,4,1,1,4,5,3,1,2,5,2,5,4,1,0,0,0,0,0,0,4,3,3,3,2,9,3,2,2,5,2,1,0,0,6,0
"1864","Deodorant H",0,6,3,4,1,2,4,3,5,3,4,4,5,5,5,3,4,5,3,4,2,3,3,2,5,5,5,3,5,2,1,0,0,0,0,0,4,1,3,1,5,4,3,3,3,5,2,3,0,0,4,0
"1865","Deodorant H",0,6,0,4,2,2,4,5,3,2,4,5,4,5,5,2,5,2,1,5,4,1,2,4,1,4,3,2,3,2,0,0,0,0,0,0,1,5,3,3,5,8,4,1,3,10,2,2,0.2,1,2,0
"1867","Deodorant H",0,5,0,5,3,3,2,2,3,5,5,3,2,4,2,3,4,5,1,5,5,5,3,3,3,5,4,2,3,2,0,0,0,0,0,0,4,3,1,3,6,2,2,1,2,8,1,1,0,0,4,0
"1871","Deodorant H",0,6,1,3,4,3,2,3,4,1,5,5,1,4,3,2,4,2,2,5,2,1,3,4,5,2,4,2,5,1,0,0,0,0,0,0,5,2,3,1,3,4,7,5,3,3,5,3,0,0,5,0
"1876","Deodorant H",1,1,1,3,4,4,2,2,2,2,5,5,4,5,4,4,2,5,4,4,4,1,2,2,4,1,5,4,4,2,0,0,0,0,0,0,1,4,1,1,4,10,2,1,3,8,3,1,0,0,6,1
"1885","Deodorant H",0,6,3,3,2,4,4,2,5,1,5,4,3,4,5,1,4,5,1,4,4,2,2,5,2,3,3,4,4,1,1,0,0,0,0,0,5,1,3,1,7,6,4,1,3,8,2,1,0,0,6,0
"1886","Deodorant H",0,5,3,3,5,4,5,1,2,2,2,3,2,4,3,1,2,4,2,4,5,1,5,3,3,3,4,4,3,1,0,0,0,0,0,0,5,5,3,3,4,5,3,2,2,2,2,1,0.2,0,1,0
"1895","Deodorant H",0,6,0,3,1,3,3,1,3,4,2,2,4,5,3,3,3,4,4,5,3,5,4,1,3,2,1,3,5,0,0,0,0,0,0,0,3,2,3,1,7,5,3,1,4,2,2,1,0,0,6,0
"1896","Deodorant H",0,7,2,3,5,5,3,3,5,1,5,4,5,3,4,2,1,5,1,3,4,1,4,1,2,4,3,3,2,1,1,0,0,0,0,0,5,5,3,3,4,9,7,1,3,5,2,1,0,0,5,0
"1898","Deodorant H",1,1,0,3,3,4,2,2,3,5,5,4,4,5,5,1,4,5,2,3,4,4,4,4,3,5,5,4,4,0,0,0,0,0,0,0,5,1,3,2,7,8,2,2,5,4,2,1,0,1,2,1
"1900","Deodorant H",1,4,2,3,5,4,5,1,1,2,4,5,2,5,4,1,4,3,5,3,3,2,2,5,5,4,3,2,5,2,0,0,0,0,0,0,5,3,2,1,6,5,7,3,3,5,1,2,0,0,3,1
"1902","Deodorant H",0,6,1,4,2,4,4,4,3,1,5,4,4,3,1,2,4,5,2,5,3,2,5,4,4,2,4,3,1,-1,0,0,0,0,0,0,5,3,3,2,4,3,7,1,5,4,1,4,0.333333333,0,1,0
"1904","Deodorant H",1,3,1,4,2,3,5,5,4,4,5,3,3,3,4,1,5,4,5,4,3,1,2,1,4,5,2,4,3,0,0,0,0,0,0,0,2,3,2,3,6,5,4,2,4,8,4,1,0.5,1,6,1
"1907","Deodorant H",0,5,1,3,3,5,3,2,1,2,5,1,5,3,5,3,4,5,4,1,3,5,3,2,2,4,2,4,4,2,0,0,0,0,0,0,4,5,3,3,1,6,2,1,2,8,2,1,0,0,3,0
"1908","Deodorant H",0,5,1,3,1,3,3,1,5,2,3,4,4,5,5,3,5,4,4,4,2,1,2,2,3,2,3,4,1,2,0,0,0,0,0,0,4,5,2,3,1,3,2,1,6,5,2,3,0,1,2,0
"1910","Deodorant H",1,4,2,4,2,5,2,5,5,1,3,5,5,3,1,2,5,4,2,4,3,3,3,4,1,5,4,5,2,0,0,0,0,0,0,0,4,5,2,2,6,1,2,1,3,7,1,1,0.5,0,1,1
"1915","Deodorant H",0,5,1,3,1,4,4,3,5,5,3,5,5,4,5,3,4,2,1,1,5,1,3,2,5,4,5,2,1,0,0,0,0,0,0,0,5,3,3,3,7,8,2,2,3,4,2,2,0,0,6,0
"1922","Deodorant H",0,5,0,3,2,5,2,5,5,4,4,5,5,5,3,1,5,4,1,4,5,2,3,3,5,1,5,4,4,2,0,0,0,0,0,0,3,3,1,2,1,8,2,1,5,3,2,3,0.333333333,1,3,0
"1931","Deodorant H",0,7,1,3,2,5,5,1,4,4,3,3,3,3,4,1,1,5,1,4,4,2,2,4,5,5,3,5,5,-1,1,0,0,0,0,0,5,2,3,2,1,3,4,1,2,10,2,1,0,0,4,0
"1933","Deodorant H",0,7,0,3,2,5,2,1,4,1,5,4,4,5,4,5,4,4,1,4,1,2,4,5,2,4,4,4,4,-1,0,0,0,0,0,0,1,1,3,3,6,3,7,1,4,4,1,2,0,1,2,0
"1936","Deodorant H",0,5,0,3,5,5,2,3,4,2,5,5,3,4,4,1,4,3,2,4,5,1,3,1,2,3,3,3,1,0,0,0,0,0,0,0,5,2,1,3,5,9,2,1,4,3,1,1,0,0,2,0
"1943","Deodorant H",1,4,0,3,4,2,4,3,5,1,4,1,3,5,4,1,3,2,1,5,4,4,3,2,2,5,5,5,4,1,0,0,0,0,0,0,1,3,3,3,5,5,2,1,4,6,1,1,0,0,2,0
"1948","Deodorant H",0,5,2,3,1,4,4,5,4,2,5,3,5,3,4,1,3,3,1,5,3,4,5,4,5,4,4,4,5,-1,0,0,1,0,0,0,4,5,1,3,1,10,3,1,3,2,1,4,0,0,6,0
"1954","Deodorant H",1,4,0,3,1,5,4,4,1,2,4,4,2,2,1,1,5,5,2,4,5,1,2,2,3,5,5,5,2,1,0,0,0,0,0,0,5,2,3,3,7,7,5,1,4,3,2,4,0.333333333,1,1,1
"1959","Deodorant H",0,6,0,4,2,5,4,5,3,2,2,4,3,4,5,1,4,5,2,5,4,5,3,5,2,2,5,3,5,1,0,0,0,0,0,0,5,1,3,3,7,5,6,1,2,4,2,1,0,0,3,0
"1960","Deodorant H",1,3,1,4,4,3,4,1,3,3,5,2,5,4,4,5,4,4,2,4,3,2,2,5,1,2,2,4,5,0,1,0,0,0,0,0,4,1,2,2,5,1,2,4,3,3,1,2,0,0,2,1
"1962","Deodorant H",0,5,0,5,5,4,4,5,2,1,3,2,4,5,5,1,4,5,2,4,3,1,2,4,4,5,3,5,4,2,0,0,1,0,0,0,2,2,3,3,6,6,1,1,3,3,1,1,0,0,4,0
"1964","Deodorant H",0,5,1,3,2,5,4,1,2,2,2,3,3,3,5,3,5,5,2,2,5,1,2,3,4,5,5,4,4,4,0,0,0,0,0,0,3,4,2,1,5,9,2,1,4,5,2,1,0,1,1,0
"1972","Deodorant H",0,5,1,3,5,3,4,1,5,5,4,4,4,5,5,4,3,5,4,4,4,3,2,2,4,3,5,3,4,1,0,0,0,0,0,0,4,5,3,1,7,10,2,1,3,3,1,1,0,0,2,0
"1975","Deodorant H",0,7,1,1,5,4,5,5,3,5,1,4,3,5,1,1,2,5,4,5,4,5,5,4,5,5,3,5,1,-1,0,0,0,0,0,0,1,3,3,2,7,7,5,1,4,10,3,1,0,0,2,0
"1979","Deodorant H",0,5,0,3,2,4,4,4,4,5,4,4,5,1,4,2,4,5,2,4,4,2,3,4,5,3,3,3,5,1,0,0,0,0,0,0,2,4,3,2,1,8,1,1,4,6,1,2,0,0,3,0
"1981","Deodorant H",0,6,0,4,1,4,4,1,3,3,3,4,4,5,3,1,5,5,2,4,3,1,1,3,5,5,5,4,4,1,0,0,0,0,0,0,5,1,3,1,5,10,2,1,2,2,1,1,0,1,4,0
"1986","Deodorant H",0,6,1,3,1,4,4,4,2,4,5,5,5,4,3,5,3,3,1,2,2,1,5,3,4,2,4,4,4,0,0,0,0,0,0,0,5,5,1,1,5,9,3,2,3,3,1,2,0,0,2,0
"1992","Deodorant H",1,4,2,3,2,5,3,3,5,2,5,3,2,2,4,1,5,4,1,4,3,2,3,3,3,5,2,5,4,0,0,0,0,0,0,0,4,5,3,1,5,7,2,3,4,3,2,2,0,0,3,1
"1997","Deodorant H",0,7,1,3,3,4,4,3,4,1,5,5,5,5,4,1,4,5,1,5,5,2,2,1,2,4,3,2,4,3,0,0,0,0,0,0,5,4,2,3,5,10,5,1,2,3,1,1,0,1,2,0
"1998","Deodorant H",0,5,1,3,5,3,4,3,4,2,3,1,5,5,3,4,4,4,1,5,4,1,3,4,4,3,4,3,4,2,0,0,0,0,0,0,5,1,2,1,4,5,3,2,3,4,1,1,1,0,1,0
"2003","Deodorant J",0,6,0,3,1,3,5,1,4,1,4,3,3,2,3,1,4,5,1,5,4,3,3,3,5,2,3,4,4,1,0,0,0,0,0,0,1,4,3,3,6,8,6,2,6,3,1,1,0,0,3,0
"2009","Deodorant J",0,6,1,3,5,4,3,1,5,5,5,4,4,5,5,2,4,5,1,4,5,1,5,3,3,4,3,4,4,2,0,0,0,0,0,0,5,3,3,3,5,7,4,4,2,3,2,1,0,0,2,0
"2014","Deodorant J",1,3,1,4,3,2,4,2,5,3,4,5,4,4,5,3,4,5,3,4,2,1,3,3,2,4,1,4,2,0,1,0,0,0,0,0,4,4,1,1,6,7,2,1,3,3,1,1,0,0,6,1
"2023","Deodorant J",0,6,2,3,2,5,5,2,3,2,4,5,4,5,5,5,3,4,1,4,2,2,4,4,5,4,4,3,3,2,0,0,0,0,0,0,4,4,3,3,1,9,2,2,4,3,3,5,0,0,4,0
"2024","Deodorant J",1,2,1,5,2,1,1,3,5,1,2,5,3,4,5,1,3,5,1,2,3,2,5,5,5,5,1,3,3,1,0,0,0,0,0,0,4,2,3,2,6,7,6,2,4,3,1,1,0,0,1,1
"2027","Deodorant J",0,6,2,3,3,3,5,2,4,3,4,3,5,5,4,1,5,5,2,4,2,1,2,2,1,4,3,3,5,3,0,0,0,0,0,0,5,3,3,2,7,8,2,3,4,2,2,1,0.25,0,2,0
"2036","Deodorant J",0,5,1,4,2,5,4,3,5,1,5,4,3,4,4,5,3,4,1,3,4,2,4,2,4,5,4,3,5,3,0,1,0,0,0,0,5,5,3,3,5,5,2,3,5,2,2,6,0,0,5,0
"2045","Deodorant J",0,6,0,3,2,1,5,2,4,4,1,5,4,3,1,1,4,5,1,5,1,5,3,5,3,2,4,3,5,1,0,0,0,0,0,0,4,5,1,1,5,10,6,1,3,5,2,1,0.25,0,2,0
"2048","Deodorant J",0,6,0,5,3,3,5,2,3,1,5,2,5,1,2,2,5,5,2,1,3,4,3,4,4,5,2,4,3,0,0,0,0,0,0,0,1,1,1,3,6,6,7,1,3,2,2,2,0,0,6,0
"2053","Deodorant J",0,7,1,3,1,3,3,2,4,2,2,5,5,5,3,1,2,5,1,4,5,3,2,2,1,3,5,1,1,4,0,0,0,0,0,0,5,4,3,2,5,3,2,1,3,3,1,1,0,0,4,0
"2068","Deodorant J",0,5,0,1,5,4,5,2,5,2,4,5,4,5,4,2,4,1,2,3,3,5,3,2,4,3,3,4,4,1,0,0,0,0,0,0,5,5,3,3,1,6,2,1,4,2,1,1,0,0,2,0
"2074","Deodorant J",0,6,1,3,5,4,4,3,5,5,4,5,5,4,5,5,5,3,1,5,4,3,1,5,1,4,1,4,3,0,0,0,0,0,0,0,3,5,3,3,6,7,6,3,5,5,2,1,0.2,0,6,0
"2076","Deodorant J",1,4,1,4,1,4,2,3,3,1,1,4,1,5,3,2,4,5,3,3,2,4,5,1,2,3,4,3,1,1,0,0,0,0,0,0,4,5,1,1,6,4,2,1,4,4,1,4,0,0,2,1
"2082","Deodorant J",0,6,0,3,3,4,3,3,1,3,2,5,2,5,5,3,3,4,3,4,4,3,4,5,1,5,4,2,5,0,1,0,0,0,0,0,4,1,3,1,2,8,2,1,3,4,2,3,0,0,1,0
"2086","Deodorant J",0,6,1,3,1,3,2,1,1,2,5,2,4,1,5,2,1,4,1,4,2,3,3,1,3,4,1,1,2,0,0,0,0,0,0,0,4,5,1,3,1,10,3,1,2,5,2,2,0,0,5,0
"2089","Deodorant J",0,5,1,5,2,4,3,2,4,4,5,4,1,3,4,4,1,4,1,2,5,5,4,5,4,4,3,5,4,2,0,0,0,0,0,0,3,3,3,3,6,8,2,1,3,2,2,1,0,0,1,0
"2092","Deodorant J",0,6,1,3,4,5,1,2,5,1,5,4,3,4,5,3,4,5,2,5,3,3,5,1,3,3,1,5,5,1,0,0,0,0,0,0,5,4,2,3,7,8,1,2,4,3,2,5,0,0,2,0
"2093","Deodorant J",0,5,1,3,2,4,4,2,2,4,5,1,5,4,4,4,5,4,1,4,5,2,5,3,1,4,3,4,3,0,0,0,1,0,0,0,5,1,3,3,4,5,2,3,5,5,1,1,0,0,2,0
"2095","Deodorant J",0,6,1,3,1,2,1,2,2,1,5,3,5,5,3,4,4,5,1,1,5,2,5,5,3,4,5,4,3,2,0,0,0,0,0,0,4,2,3,1,3,5,2,3,2,6,3,3,0,0,1,0
"2097","Deodorant J",1,1,2,3,2,4,3,4,4,1,5,5,3,4,4,5,4,5,2,2,4,3,4,5,2,5,5,2,4,1,0,0,1,0,0,0,5,3,1,3,6,5,2,3,4,7,2,2,0,0,1,1
"2100","Deodorant J",1,2,1,3,2,4,3,4,5,1,5,3,3,5,4,1,3,5,5,3,4,3,3,4,4,5,1,4,3,3,0,0,0,0,0,0,5,3,3,3,3,8,6,1,4,5,2,1,0,0,5,1
"2101","Deodorant J",1,1,1,3,1,3,4,2,3,1,4,3,4,4,3,1,5,5,5,3,4,3,3,2,3,5,5,2,5,5,0,0,0,0,0,0,4,1,2,1,2,3,2,2,2,5,3,1,0,0,4,1
"2114","Deodorant J",0,5,1,4,1,5,3,4,2,2,5,5,5,4,5,2,5,5,1,3,2,1,2,4,3,5,4,4,5,2,0,0,0,0,0,0,3,1,3,1,6,7,2,1,2,5,2,1,0,0,2,0
"2116","Deodorant J",0,6,1,3,5,1,5,1,3,1,4,3,3,5,1,3,5,4,1,4,2,2,2,4,1,4,3,4,3,3,0,1,0,0,0,0,5,2,3,3,5,10,4,4,3,4,1,1,0,0,3,0
"2119","Deodorant J",1,2,2,3,2,5,4,4,1,2,5,4,3,2,5,3,4,2,4,4,1,5,4,2,3,3,3,4,5,0,0,0,0,0,0,0,4,3,3,2,6,10,3,1,3,10,1,6,0,0,2,1
"2120","Deodorant J",1,3,1,3,4,4,5,1,1,1,5,5,5,4,1,1,4,5,2,4,4,2,3,4,4,3,5,4,3,2,0,0,0,0,0,0,3,3,2,3,5,10,3,1,3,3,3,1,0,0,3,1
"2121","Deodorant J",0,6,2,5,2,4,2,2,5,1,2,5,4,5,5,5,4,4,1,4,5,2,5,5,5,5,5,4,5,2,0,0,0,0,0,0,2,3,2,2,6,10,2,3,3,4,2,2,0,0,3,0
"2125","Deodorant J",1,1,0,3,1,4,3,2,2,2,5,4,5,4,4,4,4,4,2,3,3,1,2,1,3,1,3,5,5,1,0,0,0,0,0,0,4,2,1,1,7,7,2,2,4,3,2,6,0,0,2,1
"2126","Deodorant J",0,6,3,4,5,4,5,2,3,3,2,1,3,5,5,1,5,5,1,5,3,5,1,3,5,5,1,4,3,2,0,0,0,0,0,0,5,1,3,3,5,4,2,1,2,8,1,2,0,0,1,0
"2127","Deodorant J",0,6,0,3,4,4,1,2,5,2,4,5,5,1,5,2,1,4,4,4,4,1,3,5,4,1,4,4,4,2,0,0,0,0,0,0,4,5,3,3,5,6,7,1,3,3,2,2,0,0,1,0
"2133","Deodorant J",0,6,0,3,4,4,4,3,4,1,4,5,5,5,2,1,2,4,1,4,3,2,3,4,4,4,4,1,2,2,0,0,0,0,0,0,5,4,2,3,7,9,3,2,2,8,2,7,0,0,5,0
"2142","Deodorant J",0,6,1,3,1,4,4,4,4,1,4,1,4,3,4,4,3,4,5,3,3,1,4,4,3,2,4,4,1,5,0,0,0,1,0,0,5,2,1,1,3,8,5,1,3,3,1,1,0,0,1,0
"2143","Deodorant J",1,3,1,3,2,4,5,2,4,2,4,5,2,1,3,3,5,5,1,3,5,5,2,5,3,4,3,3,1,0,0,0,0,0,0,0,4,3,3,3,1,5,2,1,4,5,2,1,0,1,1,1
"2145","Deodorant J",1,4,1,3,2,5,3,2,5,1,3,4,1,4,3,2,4,4,2,3,3,1,2,1,1,4,4,3,4,0,0,0,0,0,0,0,3,1,1,3,7,10,1,1,3,8,2,5,0,0,6,1
"2148","Deodorant J",0,6,1,3,4,5,1,2,1,1,5,1,5,3,5,3,2,5,3,4,3,1,1,4,4,3,5,5,1,3,0,0,0,0,0,0,4,2,2,3,7,7,5,1,2,5,2,2,0,0,1,0
"2150","Deodorant J",0,6,0,3,4,1,3,3,4,2,2,4,2,4,5,1,3,4,1,3,4,5,2,4,4,3,4,3,1,2,0,0,0,0,0,0,2,2,1,2,6,8,2,4,3,4,1,1,0,0,6,0
"2153","Deodorant J",0,7,1,2,1,5,4,3,1,1,4,4,3,5,3,5,5,4,2,5,4,5,1,5,2,4,3,4,5,-1,0,0,0,0,0,0,5,3,3,1,6,3,2,1,3,8,1,2,0,0,6,0
"2159","Deodorant J",0,5,1,3,1,4,4,1,3,3,4,2,4,4,5,2,1,3,4,4,5,5,4,2,5,4,4,2,4,2,0,0,0,0,0,0,4,4,3,1,1,10,7,1,4,5,1,1,0,0,2,0
"2163","Deodorant J",0,5,0,3,5,3,3,3,3,2,5,4,5,4,5,2,3,5,2,3,4,2,2,2,3,4,5,5,3,5,0,0,0,0,0,0,5,1,1,2,4,8,6,2,3,6,1,1,0,0,5,0
"2164","Deodorant J",0,7,1,3,5,5,3,1,5,2,1,4,5,3,5,2,5,5,4,5,3,2,5,4,1,5,5,3,3,2,0,0,0,0,0,0,1,2,2,3,2,10,2,1,3,5,1,2,0,0,1,0
"2168","Deodorant J",0,6,1,3,2,3,4,1,4,5,3,2,5,3,4,3,4,4,3,5,5,5,4,2,1,5,5,1,4,2,0,0,0,0,0,0,5,2,2,3,6,9,6,1,5,3,1,1,0,0,6,0
"2170","Deodorant J",0,7,2,4,5,3,4,5,3,3,3,1,5,4,3,1,4,3,2,4,4,4,2,4,5,5,2,3,4,1,0,1,0,0,0,0,4,1,1,3,2,10,2,2,4,4,2,2,0,0,4,0
"2175","Deodorant J",0,6,0,3,5,3,3,2,5,2,5,4,4,5,5,3,4,1,3,4,2,5,2,1,5,1,5,4,3,-1,0,1,0,0,0,0,4,1,3,3,5,7,2,1,3,2,1,1,0,0,4,0
"2176","Deodorant J",0,6,2,3,3,1,5,2,4,4,2,5,5,2,4,4,3,3,1,2,3,1,1,4,3,4,3,4,4,1,0,0,0,0,0,0,4,1,3,2,5,7,2,1,4,2,2,1,0,0,4,0
"2178","Deodorant J",0,6,2,4,1,4,5,2,3,1,3,5,1,4,4,4,4,4,3,4,1,2,2,3,4,4,3,2,5,1,0,0,0,0,0,0,4,4,3,1,5,8,2,1,2,2,2,1,0,0,4,0
"2180","Deodorant J",0,7,1,5,2,3,5,1,4,2,4,3,5,1,4,4,4,5,1,4,4,5,3,1,1,5,5,1,5,2,0,0,0,0,0,0,5,2,3,1,3,3,2,2,2,6,2,1,0,0,6,0
"2181","Deodorant J",0,6,0,4,4,5,5,1,3,2,5,5,3,5,2,1,4,3,1,4,3,2,5,1,4,1,4,1,5,1,0,0,0,0,0,0,5,1,1,1,5,5,2,1,4,4,1,2,0,0,2,0
"2183","Deodorant J",1,4,1,4,3,4,5,2,3,3,2,2,5,4,5,1,4,4,1,5,1,5,4,5,5,5,3,2,4,1,0,0,0,0,0,0,3,2,1,1,4,9,5,2,4,5,2,1,0,0,6,1
"2184","Deodorant J",0,5,4,5,5,5,4,1,4,2,4,4,2,5,4,2,3,4,1,4,3,2,4,3,4,4,4,5,4,2,0,0,0,0,0,0,1,2,2,2,5,8,3,4,2,2,2,1,0,0,6,0
"2185","Deodorant J",0,5,2,4,5,4,5,2,4,2,2,4,2,5,3,3,3,2,4,2,4,1,1,5,1,4,5,3,4,5,0,0,0,0,0,0,5,1,2,3,1,9,7,3,3,3,1,1,0,0,2,0
"2186","Deodorant J",0,5,0,3,1,4,4,2,5,1,5,3,4,4,5,4,5,1,3,5,5,1,2,5,4,4,5,5,4,2,0,0,0,0,0,0,5,5,2,1,5,10,5,2,3,3,1,1,0,0,2,0
"2191","Deodorant J",0,6,1,4,4,4,2,4,4,1,5,4,2,2,4,2,4,4,4,3,2,5,1,3,4,5,3,4,4,0,0,0,0,0,0,0,3,1,3,3,3,8,3,2,4,7,2,1,0,0,4,0
"2192","Deodorant J",1,2,1,4,1,5,1,3,5,2,4,2,5,4,5,4,5,4,1,4,2,1,5,3,2,3,5,4,2,1,0,0,0,0,0,0,1,5,3,1,4,7,2,2,3,5,2,1,0,0,2,1
"2200","Deodorant J",0,5,1,4,5,4,3,2,5,1,5,1,4,4,5,1,3,4,1,4,1,2,3,5,3,3,2,5,2,4,0,0,0,0,0,0,4,3,3,3,6,8,3,2,4,2,1,1,0,0,2,0
"2204","Deodorant J",0,6,0,3,2,4,5,5,5,1,5,5,2,3,4,1,4,5,2,4,4,2,4,3,1,3,5,4,3,3,0,0,0,0,0,0,4,2,3,3,7,1,2,1,2,5,2,1,0,0,2,0
"2205","Deodorant J",0,5,3,3,2,3,5,4,4,4,5,2,5,5,5,5,5,5,1,1,4,1,4,3,2,4,4,1,2,1,0,0,0,0,0,0,1,3,1,3,6,7,2,2,2,3,2,3,0,0,4,0
"2207","Deodorant J",0,5,0,4,1,4,5,2,1,1,3,4,3,5,3,5,4,5,1,5,3,1,5,3,3,5,4,2,2,2,0,0,0,0,0,0,2,3,1,1,5,8,2,2,4,4,1,2,0,0,6,0
"2212","Deodorant J",0,5,2,3,2,1,4,2,4,1,3,5,5,5,4,2,4,5,5,2,4,3,3,4,1,4,4,1,2,3,0,0,0,0,0,0,2,2,3,3,5,10,3,1,3,7,2,1,0,0,6,0
"2220","Deodorant J",1,4,0,5,5,4,4,1,1,4,1,4,5,5,4,1,5,4,1,4,3,2,1,1,3,3,3,4,4,2,0,0,0,0,0,0,1,2,3,1,6,9,2,1,4,8,1,2,0.333333333,0,1,0
"2221","Deodorant J",0,6,1,4,3,1,5,1,3,1,4,5,3,3,4,1,1,3,3,4,3,2,2,1,1,2,2,2,1,0,0,0,0,0,0,0,3,2,2,3,7,6,5,1,2,7,1,1,0,0,2,0
"2224","Deodorant J",0,6,0,5,1,4,4,4,4,2,5,5,3,4,1,1,3,4,5,4,3,4,4,3,2,2,4,4,4,2,0,0,1,0,0,0,3,4,3,3,7,1,2,3,3,5,1,5,0,0,1,0
"2245","Deodorant J",0,7,1,3,2,4,1,3,5,2,5,2,4,5,5,3,4,5,1,3,4,5,4,3,2,4,4,4,4,3,0,0,0,0,0,0,1,3,1,2,5,9,6,1,4,2,2,6,0,0,6,0
"2246","Deodorant J",1,4,1,4,4,5,5,1,5,2,3,5,4,2,5,2,4,5,2,2,2,1,3,2,5,4,2,4,1,0,0,0,0,0,0,0,5,4,3,1,5,9,2,1,6,4,4,6,0,0,3,0
"2247","Deodorant J",0,5,0,3,4,4,4,1,1,1,1,4,3,5,5,2,3,5,5,4,4,2,4,4,3,5,5,1,5,0,0,0,0,0,0,0,5,3,3,3,5,7,2,1,3,6,2,1,0,0,3,0
"2249","Deodorant J",0,5,1,3,1,4,3,2,5,2,5,5,3,4,5,1,4,3,4,2,3,3,5,2,3,5,4,3,5,1,0,1,0,0,0,0,3,5,2,3,7,9,2,3,3,6,2,1,0,0,3,0
"2250","Deodorant J",0,5,0,2,5,4,5,2,1,1,5,5,3,4,5,4,4,5,4,5,2,1,2,3,4,4,2,5,1,2,0,1,0,0,0,0,3,3,1,1,5,4,2,1,3,5,4,6,0,0,4,0
"2256","Deodorant J",0,7,2,3,1,4,5,5,3,2,4,3,3,4,4,1,4,3,1,5,2,3,4,2,1,1,4,2,4,4,0,0,0,0,0,0,5,2,1,3,1,10,2,1,4,4,2,1,0.142857143,0,6,0
"2257","Deodorant J",0,5,2,3,3,4,5,4,4,1,1,5,2,5,4,1,4,5,3,5,3,4,4,2,4,4,1,1,1,0,0,0,1,0,0,0,5,3,1,3,5,7,2,1,3,2,1,1,0,0,6,0
"2261","Deodorant J",0,6,1,3,4,5,1,2,5,4,3,3,5,1,4,2,4,3,1,5,4,4,3,2,3,3,4,5,1,3,0,0,0,0,0,0,4,5,2,1,6,10,7,1,3,3,1,1,0,0,4,0
"2263","Deodorant J",0,5,0,5,1,5,4,1,2,2,5,1,4,4,2,4,5,4,2,5,3,4,3,4,2,5,4,3,1,1,0,0,0,0,0,0,5,1,1,2,4,10,2,1,3,4,1,6,0,0,6,0
"2267","Deodorant J",0,7,2,3,2,5,4,2,5,2,4,5,5,4,3,1,4,2,4,4,4,3,1,1,5,5,5,2,2,1,0,0,0,0,0,0,4,1,3,1,5,8,7,1,3,7,1,1,0,0,3,0
"2271","Deodorant J",1,2,0,2,5,5,5,3,4,2,3,4,1,1,5,3,5,4,2,2,4,1,2,1,5,4,2,4,2,4,0,0,0,0,0,0,5,3,1,3,6,9,7,1,4,3,2,6,0,0,6,1
"2286","Deodorant J",0,5,0,2,3,5,3,4,2,4,5,4,4,5,2,2,4,5,1,1,3,3,2,1,5,5,4,3,1,0,0,0,0,0,0,0,5,4,3,1,2,10,4,2,4,2,5,2,0,0,5,0
"2287","Deodorant J",0,6,2,4,1,5,4,1,1,3,4,4,3,5,3,1,3,5,2,1,4,1,4,5,5,5,2,4,4,1,0,0,0,0,0,0,4,5,1,1,6,9,2,1,2,5,1,1,0,0,2,0
"2295","Deodorant J",0,5,0,4,3,5,4,5,1,1,2,4,1,5,3,3,3,5,1,1,3,5,1,5,2,3,3,5,2,2,1,0,0,0,1,0,5,4,2,3,6,9,2,1,3,7,2,1,0,1,5,0
"2297","Deodorant J",1,4,1,3,2,5,5,3,3,1,3,1,3,5,5,1,1,4,2,5,4,2,5,4,4,1,3,2,4,2,0,0,0,0,0,0,2,1,3,2,2,7,2,3,5,3,1,1,0,0,4,0
"2300","Deodorant J",0,5,2,3,3,4,2,2,2,3,5,4,3,4,3,4,3,4,2,4,5,4,2,2,4,1,2,3,4,2,0,0,0,0,0,0,1,1,2,2,5,9,7,1,3,10,2,1,0,0,1,0
"2301","Deodorant J",0,6,1,3,2,3,3,3,4,3,1,4,4,5,5,4,2,4,2,4,4,2,3,5,3,3,5,5,3,4,1,0,1,0,0,0,5,2,2,3,5,1,6,3,2,8,3,1,0,0,6,0
"2303","Deodorant J",0,5,1,3,4,5,3,1,5,4,4,2,3,5,1,2,3,5,1,4,4,1,5,3,4,4,5,5,4,4,0,1,0,0,0,0,4,3,1,1,7,10,1,2,3,6,2,2,0,0,2,0
"2306","Deodorant J",0,7,2,3,3,1,1,5,5,4,4,5,1,5,4,1,4,3,1,4,4,4,1,4,3,5,2,3,4,2,0,0,0,0,0,0,1,1,1,3,7,10,2,1,3,3,2,1,0,0,1,0
"2307","Deodorant J",1,4,2,4,3,2,3,5,4,1,4,4,5,5,5,4,3,4,3,4,5,4,3,3,3,1,5,3,5,1,1,0,0,0,0,0,2,5,3,3,5,8,2,1,3,10,2,6,0,0,4,0
"2309","Deodorant J",0,6,1,3,4,4,5,1,5,2,1,5,4,5,5,1,2,4,3,4,2,2,1,2,5,5,5,5,4,2,1,0,0,0,0,0,1,3,3,2,7,9,2,1,2,8,3,2,0,0,6,0
"2311","Deodorant J",0,5,2,4,1,2,5,3,3,1,4,2,2,5,5,5,4,5,1,5,4,3,4,1,3,3,1,3,3,1,1,0,0,0,0,0,4,2,3,1,5,8,7,1,3,10,2,4,0,0,5,0
"2313","Deodorant J",0,7,1,2,1,4,1,1,2,4,3,1,1,5,5,1,1,4,1,5,2,2,2,4,2,2,5,5,3,3,0,0,0,0,0,0,5,3,3,1,7,9,2,1,3,2,2,1,0,0,1,0
"2325","Deodorant J",0,6,0,4,4,5,4,1,4,4,3,4,1,5,4,5,4,4,1,1,3,5,3,1,4,5,1,4,2,3,1,0,0,0,0,0,1,3,3,1,2,5,6,1,4,3,2,1,0,0,2,0
"2332","Deodorant J",0,5,3,3,1,1,2,1,2,2,5,2,4,4,4,2,4,1,1,3,5,2,5,2,1,5,2,3,3,0,0,0,0,1,0,0,1,1,3,3,3,8,5,2,4,4,2,1,0,0,6,0
"2334","Deodorant J",0,6,2,5,2,5,4,3,4,1,4,5,5,5,5,4,4,5,1,2,2,5,2,2,4,3,5,3,2,1,0,1,0,0,0,0,5,1,2,3,4,3,2,1,3,5,2,2,0,0,2,0
"2335","Deodorant J",0,6,1,4,2,4,5,3,2,1,5,1,3,5,5,1,5,1,3,1,2,2,3,1,2,5,5,4,4,1,0,0,0,0,0,0,4,5,3,2,7,2,4,1,2,9,2,2,0.25,0,2,0
"2336","Deodorant J",0,5,3,2,4,3,5,1,5,1,4,4,2,5,1,5,5,2,3,5,3,5,2,5,5,2,3,3,4,3,0,0,0,0,0,0,5,2,3,1,6,2,2,1,4,6,2,1,0,0,1,0
"2338","Deodorant J",0,7,2,3,2,4,5,1,4,2,5,5,5,3,4,5,5,4,3,4,4,2,3,4,2,3,3,1,1,1,0,0,0,0,0,0,4,3,3,3,6,7,2,1,4,5,1,2,0,0,2,0
"2340","Deodorant J",0,7,1,3,3,2,3,2,3,4,3,4,4,5,5,5,2,4,1,5,2,1,5,5,3,2,3,2,5,-1,0,0,0,0,0,0,4,2,1,3,6,10,5,1,4,5,1,1,0,0,6,0
"2343","Deodorant J",1,4,2,2,2,5,4,2,5,3,4,4,4,5,5,3,3,4,2,3,4,2,1,4,3,1,3,3,1,0,0,0,0,0,0,0,4,2,2,1,6,7,2,1,3,4,2,1,0,0,2,0
"2345","Deodorant J",0,7,1,3,1,5,5,1,2,3,2,2,3,4,5,5,2,5,5,1,4,3,2,5,4,4,5,4,1,3,0,0,0,0,0,0,2,1,3,3,3,9,6,3,4,9,5,1,0,0,1,0
"2348","Deodorant J",0,6,3,3,4,1,4,1,3,1,5,4,1,5,5,1,4,4,3,3,4,4,1,3,4,5,4,4,4,2,0,0,0,0,1,0,5,1,1,1,7,9,5,1,3,6,2,2,0,0,5,0
"2352","Deodorant J",0,5,1,3,1,5,3,2,2,2,2,5,4,5,1,5,5,4,1,5,3,3,5,1,5,4,4,4,5,2,0,0,0,0,0,0,5,3,1,1,3,8,2,1,3,5,2,1,0,0,1,0
"2354","Deodorant J",0,7,2,5,1,5,4,2,4,3,2,5,3,4,5,4,4,4,1,5,3,3,2,4,2,1,3,3,3,1,0,0,0,0,0,0,1,4,3,2,6,9,6,1,4,9,1,6,0,1,4,0
"2355","Deodorant J",0,5,2,3,3,5,5,5,5,5,4,2,4,5,3,1,2,5,2,5,4,1,3,2,5,3,4,3,2,3,0,0,0,0,0,0,3,2,3,2,3,9,2,2,3,4,1,1,0,0,3,0
"2359","Deodorant J",1,3,1,3,1,2,4,2,3,3,5,5,4,5,1,4,4,5,1,4,4,5,5,3,5,5,3,2,2,3,0,0,0,0,1,0,5,5,3,1,4,8,3,1,2,5,2,4,0,0,6,1
"2364","Deodorant J",0,5,1,3,2,5,3,4,5,2,5,2,4,5,4,5,4,5,1,5,5,1,2,4,4,5,4,2,4,2,0,0,0,0,0,0,4,3,3,2,3,7,7,1,4,4,2,1,0,0,2,0
"2365","Deodorant J",1,3,0,3,1,4,3,3,3,4,3,4,4,5,5,1,1,5,2,5,5,1,5,5,5,1,3,5,4,0,0,0,0,0,0,0,5,4,3,2,5,7,2,1,2,3,4,1,0,0,2,1
"2366","Deodorant J",0,7,0,5,3,5,5,1,2,2,3,3,4,5,3,2,4,4,3,4,5,2,3,2,1,3,1,1,4,1,0,0,0,0,0,0,2,5,3,1,5,10,3,3,4,5,2,2,0,0,3,0
"2368","Deodorant J",0,6,0,3,3,4,5,3,5,1,5,5,4,4,3,2,1,4,1,4,4,5,5,2,4,3,5,5,5,-1,0,0,0,0,0,0,2,4,2,2,5,5,7,1,4,2,2,2,0,0,3,0
"2369","Deodorant J",0,5,2,3,1,3,3,4,5,5,2,2,4,2,5,1,5,2,1,4,5,1,2,3,3,5,4,2,1,1,0,0,0,0,0,0,5,4,3,1,6,5,7,1,2,6,1,3,0.25,0,2,0
"2372","Deodorant J",0,5,2,3,1,3,2,2,5,1,5,4,4,4,5,1,1,5,5,5,5,1,2,3,2,4,3,4,2,2,0,0,0,0,0,0,5,5,2,1,1,7,3,2,5,5,1,1,0,0,1,0
"2375","Deodorant J",0,6,1,4,3,3,1,1,1,1,2,1,5,5,5,2,4,4,5,5,2,1,2,3,2,4,4,4,1,3,0,1,0,0,0,0,4,1,2,2,7,8,1,1,5,2,2,1,0,0,2,0
"2382","Deodorant J",1,3,0,3,2,1,3,2,3,1,5,5,5,4,4,1,4,4,4,4,4,4,4,3,3,5,3,5,5,3,0,0,0,0,0,0,4,5,3,1,4,5,7,2,2,4,1,1,0,0,4,1
"2393","Deodorant J",0,6,1,3,2,4,4,4,1,4,5,5,3,1,5,3,5,3,3,5,5,2,2,4,5,1,2,3,2,2,0,0,0,0,0,0,4,1,3,1,3,7,6,2,4,3,1,1,0,0,3,0
"2394","Deodorant J",0,6,3,3,1,4,5,2,3,2,4,4,5,5,3,3,5,3,3,3,3,1,1,5,4,1,3,3,1,0,0,0,0,0,0,0,3,3,3,1,6,7,5,2,3,4,1,1,0,0,3,0
"2396","Deodorant J",0,5,1,4,4,5,3,3,2,2,5,4,3,1,4,4,1,3,1,4,5,2,3,2,2,3,4,5,5,2,0,0,0,0,0,0,2,5,2,2,6,9,2,3,4,6,2,1,0,0,1,0
"2398","Deodorant J",0,6,1,3,1,5,5,2,3,1,2,3,3,4,2,4,4,5,2,2,5,1,5,4,2,5,4,4,3,2,0,0,0,0,0,0,5,4,3,3,4,9,7,1,4,5,2,2,0,0,1,0
"2410","Deodorant J",0,5,2,3,2,4,4,3,1,1,3,2,5,2,4,4,2,5,1,1,2,4,5,2,4,1,4,5,3,0,0,0,0,0,0,0,5,1,3,3,7,9,2,1,3,4,2,1,0,0,4,0
"2413","Deodorant J",1,4,0,5,3,4,5,3,2,1,5,5,5,5,3,2,5,4,1,2,4,1,2,1,4,5,5,4,3,3,0,0,0,0,0,0,1,4,1,2,6,3,2,4,3,3,1,1,0,0,2,1
"2414","Deodorant J",0,5,0,3,1,5,5,2,2,2,5,5,2,5,3,2,5,1,2,5,4,4,2,4,5,2,5,3,1,3,0,0,0,0,0,0,2,2,3,1,6,6,5,1,3,5,1,4,0,0,1,0
"2416","Deodorant J",0,6,2,3,4,4,5,4,2,2,5,5,4,4,5,3,1,3,1,3,5,1,2,5,3,5,4,4,1,1,0,0,0,0,0,0,4,1,2,3,6,9,2,3,5,8,2,6,0,0,2,0
"2421","Deodorant J",0,6,1,3,1,4,2,2,5,1,3,3,3,5,5,3,3,3,1,5,2,5,3,2,3,5,2,4,3,1,0,0,0,0,0,0,4,1,1,1,4,7,5,1,3,3,1,1,0,0,1,0
"2423","Deodorant J",1,3,2,3,2,3,4,2,4,1,5,4,2,2,5,3,4,4,1,2,2,1,2,3,5,3,4,3,1,3,0,0,0,0,0,0,2,1,3,1,6,8,7,1,3,2,1,1,0,0,2,1
"2425","Deodorant J",1,3,0,3,1,4,3,1,2,3,1,5,3,5,4,1,2,5,1,5,5,1,2,4,1,4,2,5,5,1,0,0,0,0,0,0,5,4,1,3,5,7,2,4,2,7,5,6,0,0,1,1
"2426","Deodorant J",0,6,0,4,5,4,5,1,2,4,5,5,2,5,4,2,1,5,4,3,4,1,2,5,5,4,1,4,2,3,0,0,0,0,0,0,5,5,2,1,7,4,2,1,4,10,2,3,0,0,1,0
"2433","Deodorant J",0,6,0,3,2,4,5,1,5,5,5,4,1,4,4,1,4,4,1,3,5,5,4,2,2,5,4,4,3,0,0,0,0,0,0,0,5,4,2,3,4,8,2,1,4,4,2,1,0,0,6,0
"2437","Deodorant J",0,5,0,3,1,3,5,4,4,5,2,5,2,4,2,1,5,5,2,3,5,1,2,2,4,5,3,5,3,0,1,0,1,0,0,0,3,2,2,3,3,5,3,1,2,5,2,1,0,0,4,0
"2438","Deodorant J",1,4,3,4,3,5,2,2,5,1,4,3,4,3,5,3,4,5,2,2,4,2,1,3,3,5,5,4,5,2,0,0,0,0,0,0,4,5,2,2,2,8,3,2,4,2,1,3,0.25,0,1,1
"2439","Deodorant J",1,1,0,3,3,1,2,3,4,1,3,3,4,5,5,1,5,4,5,2,3,5,1,3,3,3,3,3,5,1,0,0,0,0,0,0,3,5,3,3,6,7,2,1,2,4,1,1,0,0,2,1
"2440","Deodorant J",0,5,0,3,2,1,2,1,3,2,5,5,4,5,2,3,3,4,3,3,5,1,2,1,4,4,4,2,4,1,0,0,0,0,0,0,5,3,3,2,7,10,1,1,4,7,1,1,0,0,3,0
"2441","Deodorant J",1,4,1,5,5,5,3,1,3,3,5,2,1,5,2,5,5,5,2,4,4,1,2,3,1,2,5,2,4,1,0,0,0,0,0,0,5,4,2,3,6,1,1,2,3,2,2,1,0,0,5,1
"2443","Deodorant J",0,6,3,4,2,5,4,1,4,1,5,3,1,5,5,1,3,1,2,1,5,4,1,3,3,4,5,3,5,4,0,0,0,0,0,0,5,4,3,1,6,3,4,1,2,3,2,1,0,0,6,0
"2445","Deodorant J",0,7,0,3,4,4,4,1,4,1,5,5,1,3,5,5,4,4,2,4,4,4,5,1,5,2,5,3,2,1,0,0,1,0,0,0,1,3,2,3,6,5,6,1,3,7,2,1,0,0,2,0
"2446","Deodorant J",0,7,1,3,1,5,3,2,4,3,3,4,3,2,5,5,4,4,2,3,2,5,2,4,3,5,4,5,4,1,1,0,0,0,0,0,5,3,2,1,6,9,7,1,4,8,2,1,0,0,3,0
"2451","Deodorant J",1,4,1,4,1,5,3,3,5,2,4,1,2,5,2,2,1,4,1,4,5,3,5,4,3,4,3,5,5,1,0,0,0,0,0,0,3,5,3,2,6,8,5,3,3,3,2,1,0,0,3,1
"2456","Deodorant J",1,3,1,3,3,3,5,3,4,4,4,5,5,5,5,1,1,4,1,3,5,2,3,5,4,4,4,3,4,2,0,0,0,0,0,0,1,2,3,3,6,8,7,1,5,7,3,1,0,0,6,1
"2457","Deodorant J",1,3,1,3,2,4,4,5,4,3,5,2,2,5,4,5,2,5,1,4,4,5,2,5,4,4,4,5,4,3,0,0,0,0,0,0,4,4,1,1,4,10,2,3,2,5,3,1,0,0,2,1
"2460","Deodorant J",0,6,3,4,3,3,4,1,5,5,3,5,1,5,3,1,5,5,4,3,4,1,3,5,2,4,2,3,4,2,0,0,0,0,0,0,2,4,1,3,1,5,3,1,7,8,2,6,0,0,6,0
"2462","Deodorant J",1,2,3,3,2,1,5,1,5,1,1,3,2,4,1,1,1,5,3,1,2,3,5,5,5,2,4,1,2,0,0,0,0,0,0,0,5,4,2,2,5,5,2,1,4,10,2,1,0,1,1,1
"2468","Deodorant J",0,5,1,3,1,1,4,1,1,1,3,2,4,3,4,3,5,4,4,5,3,1,2,2,2,5,4,5,5,0,0,0,0,0,0,0,4,5,1,3,6,8,3,1,3,3,1,2,0,0,5,0
"2470","Deodorant J",1,2,1,3,2,5,2,1,4,1,4,1,5,5,5,2,5,4,1,5,3,4,1,5,4,2,5,2,3,2,0,1,0,0,0,0,4,4,2,3,5,3,7,2,3,10,5,1,0,0,5,1
"2472","Deodorant J",0,7,3,3,5,2,3,1,2,3,3,4,3,5,4,5,3,5,2,4,3,3,5,2,3,3,4,4,5,1,0,0,0,0,0,0,4,3,1,3,2,10,7,2,4,3,1,2,0,0,5,0
"2475","Deodorant J",0,6,1,2,1,4,3,1,4,2,5,5,5,4,4,3,5,5,2,4,5,5,1,3,5,5,4,4,4,0,0,0,0,0,0,0,2,1,3,1,7,9,1,1,3,3,1,2,0,0,2,0
"2478","Deodorant J",0,6,1,3,1,4,5,2,4,3,4,3,1,5,4,2,5,3,1,5,3,1,4,1,2,3,4,4,4,2,0,0,0,0,0,0,4,4,1,1,4,7,2,3,3,5,2,1,0,0,4,0
"2480","Deodorant J",0,6,0,4,2,5,5,3,4,1,5,4,5,4,1,3,5,4,2,3,1,1,2,5,4,4,2,5,1,0,0,0,0,0,1,0,2,2,3,2,5,9,3,1,3,2,1,6,0,0,1,0
"2482","Deodorant J",0,6,1,3,3,1,4,1,4,3,3,4,3,5,4,1,5,4,2,3,4,5,4,2,5,1,4,5,5,3,0,0,0,0,0,0,4,2,2,3,1,1,3,1,4,4,2,2,0,0,1,0
"2483","Deodorant J",0,5,0,3,2,3,1,1,4,1,4,5,5,4,4,2,2,5,1,3,1,1,4,5,4,3,4,1,4,1,0,0,0,0,0,0,5,4,3,3,4,1,2,1,4,4,2,1,0,0,2,0
"2484","Deodorant J",1,4,1,4,1,4,4,1,3,4,5,5,3,4,2,4,4,4,3,4,5,1,3,1,2,2,2,5,1,1,0,0,0,0,0,0,5,5,2,3,2,4,2,1,4,3,2,2,0,0,4,1
"2485","Deodorant J",0,7,0,3,5,3,5,1,5,2,4,4,3,5,5,2,5,5,1,5,2,5,4,5,3,3,3,1,4,2,0,0,0,0,0,0,4,1,1,3,6,7,2,1,3,10,2,1,0,0,3,0
"2487","Deodorant J",0,5,1,4,3,3,4,3,5,2,1,1,3,1,3,4,4,4,1,4,5,3,1,4,3,5,5,1,4,2,0,0,0,0,0,0,4,1,3,1,6,10,5,1,2,8,1,1,0,0,3,0
"2491","Deodorant J",0,7,4,3,1,5,3,1,5,3,4,1,5,4,3,1,4,4,1,5,3,3,1,2,5,5,1,3,1,3,1,0,0,0,0,0,4,2,1,2,6,8,3,1,3,3,2,2,0,0,1,0
"2497","Deodorant J",0,5,0,3,1,4,1,5,2,1,5,4,5,4,4,3,3,2,1,4,5,5,3,2,3,2,4,1,4,0,0,0,0,0,1,0,4,3,3,3,7,6,3,1,2,9,2,1,0,0,2,0
"2498","Deodorant J",1,4,2,3,3,5,4,1,3,1,3,1,5,5,1,3,5,4,1,4,3,4,5,1,5,4,5,4,5,3,0,0,0,0,0,0,2,1,1,3,6,3,7,5,4,6,1,1,0,0,5,1
"2499","Deodorant J",0,5,2,4,2,3,4,1,2,5,3,5,3,4,5,5,5,5,1,3,2,2,5,2,3,5,3,3,3,3,0,0,0,0,0,0,2,3,3,3,1,7,2,1,3,5,3,2,0,0,4,0
